country,state,city,station,last_update,latitude,longitude,pollutant_id,min_value,max_value,avg_value
India,Chhattisgarh,Tumidih,"OP Jindal Industrial Park, Tumidih - CECB",09-08-2026 14:00:00,22.06631475,83.33820077,NH3,1,2,2
India,Chhattisgarh,Tumidih,"OP Jindal Industrial Park, Tumidih - CECB",09-08-2026 14:00:00,22.06631475,83.33820077,OZONE,14,23,18
India,Delhi,Delhi,"ITO, Delhi - CPCB",09-08-2026 14:00:00,28.628624,77.24106,PM10,23,133,80
India,Delhi,Delhi,"ITO, Delhi - CPCB",09-08-2026 14:00:00,28.628624,77.24106,NH3,3,6,5
India,Delhi,Delhi,"ITO, Delhi - CPCB",09-08-2026 14:00:00,28.628624,77.24106,OZONE,27,35,31
India,Delhi,Delhi,"Punjabi Bagh, Delhi - DPCC",09-08-2026 14:00:00,28.674045,77.131023,NH3,2,4,4
India,Delhi,Delhi,"Punjabi Bagh, Delhi - DPCC",09-08-2026 14:00:00,28.674045,77.131023,CO,23,44,31
India,Delhi,Delhi,"Shadipur, Delhi - CPCB",09-08-2026 14:00:00,28.6514781,77.1473105,PM2.5,25,52,38
India,Delhi,Delhi,"Shadipur, Delhi - CPCB",09-08-2026 14:00:00,28.6514781,77.1473105,SO2,2,44,21
India,Delhi,Delhi,"Mandir Marg, Delhi - DPCC",09-08-2026 14:00:00,28.636429,77.201067,PM10,8,135,83
India,Bihar,Siwan,"Chitragupta Nagar, Siwan - BSPCB",09-08-2026 14:00:00,26.2271665,84.3570427,PM10,95,112,105
India,Bihar,Siwan,"Chitragupta Nagar, Siwan - BSPCB",09-08-2026 14:00:00,26.2271665,84.3570427,CO,67,75,70
India,Chandigarh,Chandigarh,"Sector-53, Chandigarh - CPCC",09-08-2026 14:00:00,30.719859,76.738637,OZONE,1,11,5
India,Chhattisgarh,Bhilai,"Civic Center, Bhilai - Bhilai Steel Plant",09-08-2026 14:00:00,21.185571,81.343175,SO2,1,19,10
India,Chhattisgarh,Bhilai,"Civic Center, Bhilai - Bhilai Steel Plant",09-08-2026 14:00:00,21.185571,81.343175,CO,20,21,20
India,Chhattisgarh,Bhilai,"Civic Center, Bhilai - Bhilai Steel Plant",09-08-2026 14:00:00,21.185571,81.343175,OZONE,10,11,11
India,Chhattisgarh,Raipur,"Siltara Phase-II, Raipur - CECB",09-08-2026 14:00:00,21.371751,81.664929,NH3,NA,NA,NA
India,Chhattisgarh,Raipur,"AIIMS, Raipur - CECB",09-08-2026 14:00:00,21.258815,81.578979,NH3,4,4,4
India,Chhattisgarh,Raipur,"AIIMS, Raipur - CECB",09-08-2026 14:00:00,21.258815,81.578979,SO2,4,7,5
India,Chhattisgarh,Raipur,"Krishak Nagar, Raipur - CECB",09-08-2026 14:00:00,21.237755,81.705301,CO,10,18,14
India,Bihar,Samastipur,"DM Office_Kasipur, Samastipur - BSPCB",09-08-2026 14:00:00,25.859655,85.77944,PM10,4,107,37
India,Bihar,Samastipur,"DM Office_Kasipur, Samastipur - BSPCB",09-08-2026 14:00:00,25.859655,85.77944,NH3,1,2,1
India,Bihar,Sasaram,"Dada Peer, Sasaram - BSPCB",09-08-2026 14:00:00,24.952822,84.002396,PM10,NA,NA,NA
India,Bihar,Sasaram,"Dada Peer, Sasaram - BSPCB",09-08-2026 14:00:00,24.952822,84.002396,NH3,2,5,3
India,Bihar,Siwan,"Chitragupta Nagar, Siwan - BSPCB",09-08-2026 14:00:00,26.2271665,84.3570427,PM10,95,112,105
India,Bihar,Siwan,"Chitragupta Nagar, Siwan - BSPCB",09-08-2026 14:00:00,26.2271665,84.3570427,CO,67,75,70
India,Chandigarh,Chandigarh,"Sector-53, Chandigarh - CPCC",09-08-2026 14:00:00,30.719859,76.738637,OZONE,1,11,5
India,Chhattisgarh,Bhilai,"Civic Center, Bhilai - Bhilai Steel Plant",09-08-2026 14:00:00,21.185571,81.343175,SO2,1,19,10
India,Chhattisgarh,Bhilai,"Civic Center, Bhilai - Bhilai Steel Plant",09-08-2026 14:00:00,21.185571,81.343175,CO,20,21,20
India,Chhattisgarh,Bhilai,"Civic Center, Bhilai - Bhilai Steel Plant",09-08-2026 14:00:00,21.185571,81.343175,OZONE,10,11,11
India,Chhattisgarh,Bhilai,"32Bungalows, Bhilai - CECB",09-08-2026 14:00:00,21.194815,81.31477,NO2,3,8,5
India,Chhattisgarh,Bhilai,"32Bungalows, Bhilai - CECB",09-08-2026 14:00:00,21.194815,81.31477,NH3,4,5,5
India,Chhattisgarh,Bhilai,"Hathkhoj, Bhilai - CECB",09-08-2026 14:00:00,21.224231,81.40835,NH3,5,8,7
India,Chhattisgarh,Bhilai,"Hathkhoj, Bhilai - CECB",09-08-2026 14:00:00,21.224231,81.40835,SO2,8,22,11
India,Chhattisgarh,Bilaspur,"Mangala, Bilaspur - NTPC",09-08-2026 14:00:00,22.08815,82.13737,PM2.5,5,57,23
India,Chhattisgarh,Bilaspur,"Mangala, Bilaspur - NTPC",09-08-2026 14:00:00,22.08815,82.13737,NH3,NA,NA,NA
India,Bihar,Bhagalpur,"Mayaganj, Bhagalpur - BSPCB",09-08-2026 14:00:00,25.265194,87.012947,PM10,21,383,58
India,Bihar,Bhagalpur,"Mayaganj, Bhagalpur - BSPCB",09-08-2026 14:00:00,25.265194,87.012947,NH3,1,8,3
India,Bihar,Bhagalpur,"Mayaganj, Bhagalpur - BSPCB",09-08-2026 14:00:00,25.265194,87.012947,OZONE,8,47,17
India,Bihar,Bhagalpur,"DM Office_Kachari Chowk, Bhagalpur - BSPCB",09-08-2026 14:00:00,25.251013,86.989001,NO2,9,14,12
India,Chhattisgarh,Korba,"Rampur, Korba - CECB",09-08-2026 14:00:00,22.368195,82.746431,NO2,NA,NA,NA
India,Chhattisgarh,Korba,"Rampur, Korba - CECB",09-08-2026 14:00:00,22.368195,82.746431,CO,7,7,7
India,Chhattisgarh,Kunjemura,"OP Jindal School, Kunjemura - CECB",09-08-2026 14:00:00,22.12665,83.483212,SO2,5,16,12
India,Chhattisgarh,Milupara,"Govt. Higher Secondary School, Milupara - CECB",09-08-2026 14:00:00,22.1910172,83.5197009,OZONE,26,59,42
India,Chhattisgarh,Raipur,"Bhatagaon New ISBT, Raipur - CECB",09-08-2026 14:00:00,21.219665,81.630094,PM2.5,3,35,12
India,Chhattisgarh,Raipur,"Bhatagaon New ISBT, Raipur - CECB",09-08-2026 14:00:00,21.219665,81.630094,OZONE,2,3,2
India,Bihar,Begusarai,"Lohiyanagar, Begusarai - BSPCB",09-08-2026 14:00:00,25.42742023,86.13886079,OZONE,7,15,12
India,Bihar,Bettiah,"Kamalnath Nagar, Bettiah - BSPCB",09-08-2026 14:00:00,26.80365,84.51954,PM2.5,16,28,23
India,Bihar,Bettiah,"Kamalnath Nagar, Bettiah - BSPCB",09-08-2026 14:00:00,26.80365,84.51954,NH3,1,3,3
India,Bihar,Bettiah,"Kamalnath Nagar, Bettiah - BSPCB",09-08-2026 14:00:00,26.80365,84.51954,CO,NA,NA,NA
India,Bihar,Bhagalpur,"Mayaganj, Bhagalpur - BSPCB",09-08-2026 14:00:00,25.265194,87.012947,PM10,21,383,58
India,Bihar,Bhagalpur,"Mayaganj, Bhagalpur - BSPCB",09-08-2026 14:00:00,25.265194,87.012947,NH3,1,8,3
India,Bihar,Bhagalpur,"Mayaganj, Bhagalpur - BSPCB",09-08-2026 14:00:00,25.265194,87.012947,OZONE,8,47,17
India,Bihar,Bhagalpur,"DM Office_Kachari Chowk, Bhagalpur - BSPCB",09-08-2026 14:00:00,25.251013,86.989001,NO2,9,14,12
India,Bihar,Chhapra,"Darshan Nagar, Chhapra - BSPCB",09-08-2026 14:00:00,25.7808257,84.7446768,PM2.5,NA,NA,NA
India,Bihar,Gaya,"SFTI Kusdihra, Gaya - BSPCB",09-08-2026 14:00:00,24.762518,84.982348,NH3,6,7,6
India,Bihar,Gaya,"SFTI Kusdihra, Gaya - BSPCB",09-08-2026 14:00:00,24.762518,84.982348,SO2,7,8,7
India,Bihar,Gaya,"Kareemganj, Gaya - BSPCB",09-08-2026 14:00:00,24.792403,84.992416,SO2,40,45,42
India,Bihar,Kishanganj,"SDM Office_Khagra, Kishanganj - BSPCB",09-08-2026 14:00:00,26.0881305,87.93840336,SO2,7,12,10
India,Delhi,Delhi,"Sirifort, Delhi - CPCB",09-08-2026 14:00:00,28.5504249,77.2159377,NH3,3,5,4
India,Delhi,Delhi,"Sirifort, Delhi - CPCB",09-08-2026 14:00:00,28.5504249,77.2159377,SO2,24,26,25
India,Delhi,Delhi,"Chandni Chowk, Delhi - IITM",09-08-2026 14:00:00,28.656756,77.227234,PM10,NA,NA,NA
India,Delhi,Delhi,"Chandni Chowk, Delhi - IITM",09-08-2026 14:00:00,28.656756,77.227234,OZONE,17,75,49
India,Delhi,Delhi,"Pusa, Delhi - IITM",09-08-2026 14:00:00,28.63611,77.173332,PM10,18,102,61
India,Delhi,Delhi,"Pusa, Delhi - IITM",09-08-2026 14:00:00,28.63611,77.173332,SO2,NA,NA,NA
India,Delhi,Delhi,"Pusa, Delhi - IITM",09-08-2026 14:00:00,28.63611,77.173332,OZONE,4,95,62
India,Delhi,Delhi,"IGI Airport (T3), Delhi - IITM",09-08-2026 14:00:00,28.5627763,77.1180053,NH3,NA,NA,NA
India,Delhi,Delhi,"IGNOU_Maidan Garhi, Delhi - DPCC",09-08-2026 14:00:00,28.493624,77.201159,PM2.5,9,35,19
India,Delhi,Delhi,"NSIT Dwarka, Delhi - CPCB",09-08-2026 14:00:00,28.60909,77.0325413,PM10,NA,NA,NA
India,Delhi,Delhi,"Aya Nagar, Delhi - IITM",09-08-2026 14:00:00,28.4706914,77.1099364,PM2.5,16,62,47
India,Delhi,Delhi,"Aya Nagar, Delhi - IITM",09-08-2026 14:00:00,28.4706914,77.1099364,CO,30,55,39
India,Delhi,Delhi,"CRRI Mathura Road, Delhi - IITM",09-08-2026 14:00:00,28.5512005,77.2735737,PM10,9,122,52
India,Andhra Pradesh,Guntur,"Rajendra Nagar North, Guntur - APPCB",09-08-2026 14:00:00,16.316553,80.413302,CO,18,37,29
India,Andhra Pradesh,Kadapa,"Yerramukkapalli, Kadapa - APPCB",09-08-2026 14:00:00,14.465052,78.824187,PM2.5,63,73,71
India,Andhra Pradesh,Kadapa,"Yerramukkapalli, Kadapa - APPCB",09-08-2026 14:00:00,14.465052,78.824187,NO2,22,25,25
India,Andhra Pradesh,Machilipatnam,"Srinivas Nagar Colony, Machilipatnam - APPCB",09-08-2026 14:00:00,16.186555,81.13219,NO2,NA,NA,NA
India,Andhra Pradesh,Machilipatnam,"Srinivas Nagar Colony, Machilipatnam - APPCB",09-08-2026 14:00:00,16.186555,81.13219,SO2,NA,NA,NA
India,Andhra Pradesh,Nellore,"Ambedkar Nagar, Nellore - APPCB ",09-08-2026 14:00:00,14.438164,79.966814,PM10,49,62,55
India,Andhra Pradesh,Nellore,"Ambedkar Nagar, Nellore - APPCB ",09-08-2026 14:00:00,14.438164,79.966814,SO2,6,11,10
India,Andhra Pradesh,Rajamahendravaram,"Anand Kala Kshetram, Rajamahendravaram - APPCB",09-08-2026 14:00:00,16.9872867,81.7363176,PM10,36,78,55
India,Andhra Pradesh,Tirumala,"Toll Gate, Tirumala - APPCB",09-08-2026 14:00:00,13.67,79.35,SO2,4,9,6
India,Andhra Pradesh,Tirupati,"Vaikuntapuram, Tirupati - APPCB",09-08-2026 14:00:00,13.615387,79.40923,PM10,53,58,55
India,Andhra Pradesh,Tirupati,"Vaikuntapuram, Tirupati - APPCB",09-08-2026 14:00:00,13.615387,79.40923,NH3,4,5,5
India,Andhra Pradesh,Vijayawada,"HB Colony, Vijayawada - APPCB",09-08-2026 14:00:00,16.536107,80.594233,SO2,10,10,10
India,Andhra Pradesh,Vijayawada,"HB Colony, Vijayawada - APPCB",09-08-2026 14:00:00,16.536107,80.594233,CO,32,32,32
India,Andhra Pradesh,Vijayawada,"Rajiv Nagar, Vijayawada - APPCB",09-08-2026 14:00:00,16.554731,80.64911,SO2,8,21,15
India,Andhra Pradesh,Visakhapatnam,"GVM Corporation, Visakhapatnam - APPCB",09-08-2026 14:00:00,17.72,83.3,PM2.5,13,71,46
India,Andhra Pradesh,Visakhapatnam,"GVM Corporation, Visakhapatnam - APPCB",09-08-2026 14:00:00,17.72,83.3,PM10,21,167,87
India,Andhra Pradesh,Visakhapatnam,"GVM Corporation, Visakhapatnam - APPCB",09-08-2026 14:00:00,17.72,83.3,NH3,3,5,4
India,Assam,Byrnihat,"Central Academy for SFS, Byrnihat - PCBA",09-08-2026 14:00:00,26.071318,91.87488,NH3,4,5,4
India,Andhra Pradesh,Tirupati,"Vaikuntapuram, Tirupati - APPCB",09-08-2026 14:00:00,13.615387,79.40923,NH3,4,5,5
India,Andhra Pradesh,Vijayawada,"HB Colony, Vijayawada - APPCB",09-08-2026 14:00:00,16.536107,80.594233,SO2,10,10,10
India,Andhra Pradesh,Vijayawada,"HB Colony, Vijayawada - APPCB",09-08-2026 14:00:00,16.536107,80.594233,CO,32,32,32
India,Andhra Pradesh,Vijayawada,"Rajiv Nagar, Vijayawada - APPCB",09-08-2026 14:00:00,16.554731,80.64911,SO2,8,21,15
India,Andhra Pradesh,Visakhapatnam,"GVM Corporation, Visakhapatnam - APPCB",09-08-2026 14:00:00,17.72,83.3,PM2.5,13,71,46
India,Andhra Pradesh,Visakhapatnam,"GVM Corporation, Visakhapatnam - APPCB",09-08-2026 14:00:00,17.72,83.3,PM10,21,167,87
India,Andhra Pradesh,Visakhapatnam,"GVM Corporation, Visakhapatnam - APPCB",09-08-2026 14:00:00,17.72,83.3,NH3,3,5,4
India,Assam,Byrnihat,"Central Academy for SFS, Byrnihat - PCBA",09-08-2026 14:00:00,26.071318,91.87488,NH3,4,5,4
India,Assam,Nalbari,"Bata Chowk, Nalbari - PCBA",09-08-2026 14:00:00,26.446912,91.439057,CO,21,22,21
India,Assam,Nalbari,"Bata Chowk, Nalbari - PCBA",09-08-2026 14:00:00,26.446912,91.439057,OZONE,19,19,19
India,Andhra Pradesh,Eluru,"District Court, Eluru - APPCB",09-08-2026 14:00:00,16.711754,81.092095,NO2,9,14,12
India,Andhra Pradesh,Eluru,"District Court, Eluru - APPCB",09-08-2026 14:00:00,16.711754,81.092095,OZONE,18,308,60
India,Assam,Nalbari,"Bata Chowk, Nalbari - PCBA",09-08-2026 14:00:00,26.446912,91.439057,CO,21,22,21
India,Assam,Nalbari,"Bata Chowk, Nalbari - PCBA",09-08-2026 14:00:00,26.446912,91.439057,OZONE,19,19,19
India,Assam,Silchar,"Tarapur, Silchar - PCBA",09-08-2026 14:00:00,24.82827,92.79525,PM2.5,39,40,40
India,Assam,Silchar,"Tarapur, Silchar - PCBA",09-08-2026 14:00:00,24.82827,92.79525,NO2,16,19,17
India,Bihar,Arrah,"New DM Office, Arrah - BSPCB",09-08-2026 14:00:00,25.5626095,84.663264,OZONE,7,8,8
India,Delhi,Delhi,"Vivek Vihar, Delhi - DPCC",09-08-2026 14:00:00,28.672342,77.31526,SO2,4,14,8
India,Delhi,Delhi,"Vivek Vihar, Delhi - DPCC",09-08-2026 14:00:00,28.672342,77.31526,CO,5,24,12
India,Delhi,Delhi,"Rohini, Delhi - DPCC",09-08-2026 14:00:00,28.732528,77.11992,NO2,3,25,11
India,Andhra Pradesh,Eluru,"District Court, Eluru - APPCB",09-08-2026 14:00:00,16.711754,81.092095,NO2,9,14,12
India,Himachal Pradesh,Baddi,"HIMUDA Complex Phase-1, Baddi - HPPCB",09-08-2026 14:00:00,30.943887,76.801991,SO2,NA,NA,NA
India,Jammu and Kashmir,Pampore,"Khrew, Pampore - JKPCC",09-08-2026 14:00:00,34.031606,75.009712,CO,NA,NA,NA
India,Jammu and Kashmir,Pampore,"Khrew, Pampore - JKPCC",09-08-2026 14:00:00,34.031606,75.009712,OZONE,NA,NA,NA
India,Jammu and Kashmir,Srinagar,"Khunmoh, Srinagar - JKPCC",09-08-2026 14:00:00,34.06313,74.96017,PM10,15,43,28
India,Jammu and Kashmir,Srinagar,"Khunmoh, Srinagar - JKPCC",09-08-2026 14:00:00,34.06313,74.96017,SO2,3,4,4
India,Jammu and Kashmir,Srinagar,"Khunmoh, Srinagar - JKPCC",09-08-2026 14:00:00,34.06313,74.96017,OZONE,NA,NA,NA
India,Jammu and Kashmir,Srinagar,"Rajbagh, Srinagar - JKPCC",09-08-2026 14:00:00,34.066206,74.81982,NH3,9,9,9
India,Jammu and Kashmir,Srinagar,"Rajbagh, Srinagar - JKPCC",09-08-2026 14:00:00,34.066206,74.81982,SO2,3,4,3
India,Jharkhand,Dhanbad,"Sardar Patel Nagar, Dhanbad - JSPCB",09-08-2026 14:00:00,23.80569,86.44268,OZONE,16,50,26
India,Delhi,Delhi,"Cantonment Area, Delhi - DPCC",09-08-2026 14:00:00,28.594169,77.1251,NO2,6,24,15
India,Delhi,Delhi,"Cantonment Area, Delhi - DPCC",09-08-2026 14:00:00,28.594169,77.1251,NH3,1,3,2
India,Delhi,Delhi,"Cantonment Area, Delhi - DPCC",09-08-2026 14:00:00,28.594169,77.1251,OZONE,3,5,4
India,Delhi,Delhi,"Narela, Delhi - DPCC",09-08-2026 14:00:00,28.822836,77.101981,SO2,7,11,9
India,Delhi,Delhi,"Narela, Delhi - DPCC",09-08-2026 14:00:00,28.822836,77.101981,CO,18,23,20
India,Delhi,Delhi,"Narela, Delhi - DPCC",09-08-2026 14:00:00,28.822836,77.101981,OZONE,15,39,27
India,Gujarat,Ahmedabad,"SVPI Airport Hansol, Ahmedabad - IITM",09-08-2026 14:00:00,23.076793,72.627874,PM10,101,130,114
India,Gujarat,Ahmedabad,"SVPI Airport Hansol, Ahmedabad - IITM",09-08-2026 14:00:00,23.076793,72.627874,NH3,2,3,2
India,Gujarat,Ahmedabad,"Rakhial, Ahmedabad - IITM",09-08-2026 14:00:00,23.016834,72.625775,OZONE,8,11,10
India,Gujarat,Ahmedabad,"Chandkheda, Ahmedabad - IITM",09-08-2026 14:00:00,23.107969,72.574648,NO2,4,17,9
India,Delhi,Delhi,"Cantonment Area, Delhi - DPCC",09-08-2026 14:00:00,28.594169,77.1251,PM10,11,113,53
India,Delhi,Delhi,"Cantonment Area, Delhi - DPCC",09-08-2026 14:00:00,28.594169,77.1251,NO2,6,24,15
India,Delhi,Delhi,"Cantonment Area, Delhi - DPCC",09-08-2026 14:00:00,28.594169,77.1251,NH3,1,3,2
India,Delhi,Delhi,"Cantonment Area, Delhi - DPCC",09-08-2026 14:00:00,28.594169,77.1251,OZONE,3,5,4
India,Delhi,Delhi,"Narela, Delhi - DPCC",09-08-2026 14:00:00,28.822836,77.101981,SO2,7,11,9
India,Delhi,Delhi,"Narela, Delhi - DPCC",09-08-2026 14:00:00,28.822836,77.101981,CO,18,23,20
India,Delhi,Delhi,"Narela, Delhi - DPCC",09-08-2026 14:00:00,28.822836,77.101981,OZONE,15,39,27
India,Gujarat,Ahmedabad,"SVPI Airport Hansol, Ahmedabad - IITM",09-08-2026 14:00:00,23.076793,72.627874,PM10,101,130,114
India,Gujarat,Ahmedabad,"SVPI Airport Hansol, Ahmedabad - IITM",09-08-2026 14:00:00,23.076793,72.627874,NH3,2,3,2
India,Gujarat,Ahmedabad,"Rakhial, Ahmedabad - IITM",09-08-2026 14:00:00,23.016834,72.625775,OZONE,8,11,10
India,Jammu and Kashmir,Pampore,"Khrew, Pampore - JKPCC",09-08-2026 14:00:00,34.031606,75.009712,CO,NA,NA,NA
India,Jammu and Kashmir,Pampore,"Khrew, Pampore - JKPCC",09-08-2026 14:00:00,34.031606,75.009712,OZONE,NA,NA,NA
India,Jammu and Kashmir,Srinagar,"Khunmoh, Srinagar - JKPCC",09-08-2026 14:00:00,34.06313,74.96017,PM10,15,43,28
India,Jammu and Kashmir,Srinagar,"Khunmoh, Srinagar - JKPCC",09-08-2026 14:00:00,34.06313,74.96017,SO2,3,4,4
India,Jammu and Kashmir,Srinagar,"Khunmoh, Srinagar - JKPCC",09-08-2026 14:00:00,34.06313,74.96017,OZONE,NA,NA,NA
India,Jammu and Kashmir,Srinagar,"Rajbagh, Srinagar - JKPCC",09-08-2026 14:00:00,34.066206,74.81982,NH3,9,9,9
India,Jammu and Kashmir,Srinagar,"Rajbagh, Srinagar - JKPCC",09-08-2026 14:00:00,34.066206,74.81982,SO2,3,4,3
India,Jharkhand,Dhanbad,"Sardar Patel Nagar, Dhanbad - JSPCB",09-08-2026 14:00:00,23.80569,86.44268,OZONE,16,50,26
India,Jharkhand,Jorapokhar,"Tata Stadium, Jorapokhar - JSPCB",09-08-2026 14:00:00,23.707909,86.41467,NO2,8,8,8
India,Jharkhand,Jorapokhar,"Tata Stadium, Jorapokhar - JSPCB",09-08-2026 14:00:00,23.707909,86.41467,NH3,3,3,3
India,Delhi,Delhi,"Jawaharlal Nehru Stadium, Delhi - DPCC",09-08-2026 14:00:00,28.58028,77.233829,SO2,8,24,16
India,Delhi,Delhi,"Patparganj, Delhi - DPCC",09-08-2026 14:00:00,28.623763,77.287209,OZONE,7,12,10
India,Delhi,Delhi,"Nehru Nagar, Delhi - DPCC",09-08-2026 14:00:00,28.56789,77.250515,PM2.5,3,190,71
India,Delhi,Delhi,"Jahangirpuri, Delhi - DPCC",09-08-2026 14:00:00,28.73282,77.170633,PM10,14,111,70
India,Delhi,Delhi,"Vivek Vihar, Delhi - DPCC",09-08-2026 14:00:00,28.672342,77.31526,SO2,4,14,8
India,Delhi,Delhi,"Vivek Vihar, Delhi - DPCC",09-08-2026 14:00:00,28.672342,77.31526,CO,5,24,12
India,Delhi,Delhi,"Rohini, Delhi - DPCC",09-08-2026 14:00:00,28.732528,77.11992,NO2,3,25,11
India,Delhi,Delhi,"Rohini, Delhi - DPCC",09-08-2026 14:00:00,28.732528,77.11992,CO,30,44,36
India,Delhi,Delhi,"Okhla Phase-2, Delhi - DPCC",09-08-2026 14:00:00,28.530785,77.271255,NH3,5,10,9
India,Delhi,Delhi,"Bawana, Delhi - DPCC",09-08-2026 14:00:00,28.7762,77.051074,PM10,56,151,101
India,Delhi,Delhi,"Sonia Vihar, Delhi - DPCC",09-08-2026 14:00:00,28.710508,77.249485,NO2,2,13,8
India,Delhi,Delhi,"Sonia Vihar, Delhi - DPCC",09-08-2026 14:00:00,28.710508,77.249485,SO2,3,18,11
India,Delhi,Delhi,"Sonia Vihar, Delhi - DPCC",09-08-2026 14:00:00,28.710508,77.249485,CO,57,100,75
India,Delhi,Delhi,"Sonia Vihar, Delhi - DPCC",09-08-2026 14:00:00,28.710508,77.249485,OZONE,13,72,38
India,Delhi,Delhi,"Major Dhyan Chand National Stadium, Delhi - DPCC",09-08-2026 14:00:00,28.611281,77.237738,PM10,19,97,57
India,Delhi,Delhi,"Major Dhyan Chand National Stadium, Delhi - DPCC",09-08-2026 14:00:00,28.611281,77.237738,NO2,4,61,30
India,Haryana,Kurukshetra,"Sector-7, Kurukshetra - HSPCB",09-08-2026 14:00:00,29.966942,76.875879,OZONE,17,22,20
India,Haryana,Manesar,"Sector-2 IMT, Manesar - HSPCB",09-08-2026 14:00:00,28.360699,76.93609,PM2.5,32,76,54
India,Haryana,Manesar,"Sector-2 IMT, Manesar - HSPCB",09-08-2026 14:00:00,28.360699,76.93609,PM10,30,71,50
India,Haryana,Manesar,"Sector-2 IMT, Manesar - HSPCB",09-08-2026 14:00:00,28.360699,76.93609,NH3,6,14,10
India,Haryana,Manesar,"Sector-2 IMT, Manesar - HSPCB",09-08-2026 14:00:00,28.360699,76.93609,CO,8,24,18
India,Haryana,Narnaul,"Shastri Nagar, Narnaul - HSPCB",09-08-2026 14:00:00,28.060249,76.113115,CO,14,19,17
India,Haryana,Palwal,"Shyam Nagar, Palwal - HSPCB",09-08-2026 14:00:00,28.1485564,77.3320667,PM10,34,128,103
India,Haryana,Palwal,"Shyam Nagar, Palwal - HSPCB",09-08-2026 14:00:00,28.1485564,77.3320667,SO2,6,46,21
India,Haryana,Panchgaon,"Amity University, Panchgaon - IITM",09-08-2026 14:00:00,28.3153,76.9143,NH3,3,9,6
India,Haryana,Panchgaon,"Amity University, Panchgaon - IITM",09-08-2026 14:00:00,28.3153,76.9143,CO,68,89,79
India,Haryana,Panchgaon,"Amity University, Panchgaon - IITM",09-08-2026 14:00:00,28.3153,76.9143,OZONE,7,21,11
India,Haryana,Panchkula,"Sector-6, Panchkula - HSPCB ",09-08-2026 14:00:00,30.7057778,76.8531805555555,PM10,NA,NA,NA
India,Haryana,Panchkula,"Sector-6, Panchkula - HSPCB ",09-08-2026 14:00:00,30.7057778,76.8531805555555,NO2,27,32,30
India,Haryana,Panchkula,"Sector-6, Panchkula - HSPCB ",09-08-2026 14:00:00,30.7057778,76.8531805555555,OZONE,31,42,37
India,Delhi,Delhi,"Wazirpur, Delhi - DPCC",09-08-2026 14:00:00,28.699793,77.165453,PM2.5,37,348,161
India,Delhi,Delhi,"Najafgarh, Delhi - DPCC",09-08-2026 14:00:00,28.570173,76.933762,SO2,31,42,36
India,Delhi,Delhi,"Jawaharlal Nehru Stadium, Delhi - DPCC",09-08-2026 14:00:00,28.58028,77.233829,NH3,9,11,10
India,Delhi,Delhi,"Jawaharlal Nehru Stadium, Delhi - DPCC",09-08-2026 14:00:00,28.58028,77.233829,SO2,8,24,16
India,Delhi,Delhi,"Patparganj, Delhi - DPCC",09-08-2026 14:00:00,28.623763,77.287209,OZONE,7,12,10
India,Delhi,Delhi,"Nehru Nagar, Delhi - DPCC",09-08-2026 14:00:00,28.56789,77.250515,PM2.5,3,190,71
India,Delhi,Delhi,"Jahangirpuri, Delhi - DPCC",09-08-2026 14:00:00,28.73282,77.170633,PM10,14,111,70
India,Delhi,Delhi,"Burari Crossing, Delhi - IITM",09-08-2026 14:00:00,28.7256504,77.2011573,OZONE,9,47,20
India,Delhi,Delhi,"IMD Lodhi Road, Delhi - IITM",09-08-2026 14:00:00,28.5918245,77.2273074,SO2,NA,NA,NA
India,Delhi,Delhi,"JNU, Delhi - DPCC",09-08-2026 14:00:00,28.540721,77.168544,CO,18,54,26
India,Delhi,Delhi,"DTU, Delhi - CPCB",09-08-2026 14:00:00,28.7500499,77.1112615,PM2.5,33,140,79
India,Delhi,Delhi,"DTU, Delhi - CPCB",09-08-2026 14:00:00,28.7500499,77.1112615,NH3,4,13,9
India,Delhi,Delhi,"DTU, Delhi - CPCB",09-08-2026 14:00:00,28.7500499,77.1112615,SO2,28,31,30
India,Delhi,Delhi,"DTU, Delhi - CPCB",09-08-2026 14:00:00,28.7500499,77.1112615,CO,13,30,22
India,Delhi,Delhi,"Anand Vihar, Delhi - DPCC",09-08-2026 14:00:00,28.647622,77.315809,NO2,4,147,34
India,Delhi,Delhi,"Anand Vihar, Delhi - DPCC",09-08-2026 14:00:00,28.647622,77.315809,NH3,2,13,6
India,Delhi,Delhi,"Ashok Vihar, Delhi - DPCC",09-08-2026 14:00:00,28.695381,77.181665,NO2,9,42,21
India,Delhi,Delhi,"Ashok Vihar, Delhi - DPCC",09-08-2026 14:00:00,28.695381,77.181665,OZONE,9,12,10
India,Delhi,Delhi,"Mundka, Delhi - DPCC",09-08-2026 14:00:00,28.684678,77.076574,PM10,30,114,69
India,Delhi,Delhi,"Wazirpur, Delhi - DPCC",09-08-2026 14:00:00,28.699793,77.165453,PM2.5,37,348,161
India,Gujarat,Ankleshwar,"GIDC, Ankleshwar - GPCB",09-08-2026 14:00:00,21.613267,73.010555,SO2,13,14,14
India,Gujarat,Bhavnagar,"Vidhyanagar, Bhavnagar - Nexteng Enviro",09-08-2026 14:00:00,21.755417,72.139056,PM2.5,25,42,33
India,Gujarat,Bhavnagar,"Vidhyanagar, Bhavnagar - Nexteng Enviro",09-08-2026 14:00:00,21.755417,72.139056,CO,58,60,59
India,Gujarat,Gandhinagar,"Sector-10, Gandhinagar - GPCB",09-08-2026 14:00:00,23.221714,72.654328,OZONE,3,7,5
India,Gujarat,Gandhinagar,"IIPHG Lekawada, Gandhinagar - IITM",09-08-2026 14:00:00,23.243639,72.68994,CO,16,21,18
India,Gujarat,Gandhinagar,"GIFT City, Gandhinagar - IITM",09-08-2026 14:00:00,23.163798,72.677768,PM2.5,42,110,64
India,Gujarat,Nandesari,"GIDC, Nandesari - Nandesari Ind. Association",09-08-2026 14:00:00,22.410802,73.097923,PM2.5,28,101,57
India,Gujarat,Rajkot,"Mavdi, Rajkot - Nexteng Enviro ",09-08-2026 14:00:00,22.248853,70.776774,CO,41,42,42
India,Gujarat,Surat,"Katargam, Surat - Nexteng Enviro",09-08-2026 14:00:00,21.217779,72.834787,PM10,44,97,60
India,Gujarat,Surat,"Katargam, Surat - Nexteng Enviro",09-08-2026 14:00:00,21.217779,72.834787,NO2,0,53,18
India,Haryana,Faridabad,"Sector 30, Faridabad - HSPCB",09-08-2026 14:00:00,28.4417,77.3217,SO2,3,4,3
India,Haryana,Faridabad,"Sector 30, Faridabad - HSPCB",09-08-2026 14:00:00,28.4417,77.3217,CO,61,64,62
India,Haryana,Fatehabad,"Huda Sector, Fatehabad - HSPCB",09-08-2026 14:00:00,29.503664,75.467934,PM2.5,18,32,23
India,Haryana,Fatehabad,"Huda Sector, Fatehabad - HSPCB",09-08-2026 14:00:00,29.503664,75.467934,SO2,13,32,20
India,Haryana,Gurugram,"Teri Gram, Gurugram - HSPCB",09-08-2026 14:00:00,28.4275,77.1465,PM2.5,18,500,174
India,Haryana,Gurugram,"Teri Gram, Gurugram - HSPCB",09-08-2026 14:00:00,28.4275,77.1465,NH3,8,15,11
India,Haryana,Jind,"Police Lines, Jind - HSPCB",09-08-2026 14:00:00,29.307814,76.337619,NO2,12,13,13
India,Haryana,Kaithal,"Rishi Nagar, Kaithal - HSPCB",09-08-2026 14:00:00,29.8006,76.4155,PM10,35,67,51
India,Haryana,Kaithal,"Rishi Nagar, Kaithal - HSPCB",09-08-2026 14:00:00,29.8006,76.4155,NH3,4,6,5
India,Haryana,Kurukshetra,"Sector-7, Kurukshetra - HSPCB",09-08-2026 14:00:00,29.966942,76.875879,PM2.5,39,56,47
India,Haryana,Fatehabad,"Huda Sector, Fatehabad - HSPCB",09-08-2026 14:00:00,29.503664,75.467934,SO2,13,32,20
India,Haryana,Gurugram,"Teri Gram, Gurugram - HSPCB",09-08-2026 14:00:00,28.4275,77.1465,PM2.5,18,500,174
India,Haryana,Gurugram,"Teri Gram, Gurugram - HSPCB",09-08-2026 14:00:00,28.4275,77.1465,NH3,8,15,11
India,Gujarat,Nandesari,"GIDC, Nandesari - Nandesari Ind. Association",09-08-2026 14:00:00,22.410802,73.097923,PM2.5,28,101,57
India,Gujarat,Rajkot,"Mavdi, Rajkot - Nexteng Enviro ",09-08-2026 14:00:00,22.248853,70.776774,CO,41,42,42
India,Gujarat,Surat,"Katargam, Surat - Nexteng Enviro",09-08-2026 14:00:00,21.217779,72.834787,PM10,44,97,60
India,Gujarat,Surat,"Katargam, Surat - Nexteng Enviro",09-08-2026 14:00:00,21.217779,72.834787,NO2,0,53,18
India,Haryana,Ambala,"Patti Mehar, Ambala - HSPCB",09-08-2026 14:00:00,30.379589,76.778328,SO2,14,62,51
India,Haryana,Ambala,"Patti Mehar, Ambala - HSPCB",09-08-2026 14:00:00,30.379589,76.778328,CO,26,40,35
India,Haryana,Ambala,"Patti Mehar, Ambala - HSPCB",09-08-2026 14:00:00,30.379589,76.778328,OZONE,28,43,37
India,Madhya Pradesh,Mandideep,"Sector-D Industrial Area, Mandideep - MPPCB",09-08-2026 14:00:00,23.10844,77.511428,SO2,3,9,6
India,Madhya Pradesh,Mandideep,"Sector-D Industrial Area, Mandideep - MPPCB",09-08-2026 14:00:00,23.10844,77.511428,CO,9,30,19
India,Madhya Pradesh,Mandideep,"Sector-D Industrial Area, Mandideep - MPPCB",09-08-2026 14:00:00,23.10844,77.511428,OZONE,7,216,43
India,Madhya Pradesh,Pithampur,"Sector-2 Industrial Area, Pithampur - MPPCB",09-08-2026 14:00:00,22.624758,75.675238,PM2.5,88,208,129
India,Madhya Pradesh,Pithampur,"Sector-2 Industrial Area, Pithampur - MPPCB",09-08-2026 14:00:00,22.624758,75.675238,NH3,7,9,8
India,Madhya Pradesh,Ratlam,"Shasthri Nagar, Ratlam - IPCA Lab",09-08-2026 14:00:00,23.331731,75.045981,NH3,NA,NA,NA
India,Madhya Pradesh,Sagar,"Civil Lines, Sagar - MPPCB",09-08-2026 14:00:00,23.838586,78.759431,NO2,4,10,7
India,Madhya Pradesh,Sagar,"Civil Lines, Sagar - MPPCB",09-08-2026 14:00:00,23.838586,78.759431,NH3,3,3,3
India,Madhya Pradesh,Satna,"Bandhavgar Colony, Satna - Birla Cement",09-08-2026 14:00:00,24.58434363,80.8549414,PM10,70,71,70
India,Madhya Pradesh,Satna,"Bandhavgar Colony, Satna - Birla Cement",09-08-2026 14:00:00,24.58434363,80.8549414,CO,13,16,14
India,Madhya Pradesh,Singrauli,"Suryakiran Bhawan NCL, Singrauli - MPPCB",09-08-2026 14:00:00,24.10897,82.64558,OZONE,13,20,15
India,Madhya Pradesh,Ujjain,"Mahashweta Nagar, Ujjain - MPPCB",09-08-2026 14:00:00,23.1633321,75.800225,PM2.5,8,165,84
India,Maharashtra,Ahmednagar,"Tarakpur, Ahmednagar - MPCB",09-08-2026 14:00:00,19.10122,74.73339,PM10,32,72,48
India,Maharashtra,Ahmednagar,"Tarakpur, Ahmednagar - MPCB",09-08-2026 14:00:00,19.10122,74.73339,NH3,3,10,6
India,Maharashtra,Ahmednagar,"Tarakpur, Ahmednagar - MPCB",09-08-2026 14:00:00,19.10122,74.73339,OZONE,8,33,20
India,Maharashtra,Akola,"Ramdaspeth, Akola - MPCB",09-08-2026 14:00:00,20.719516,77.000253,PM2.5,16,45,30
India,Maharashtra,Akola,"Ramdaspeth, Akola - MPCB",09-08-2026 14:00:00,20.719516,77.000253,NO2,12,23,18
India,Maharashtra,Akola,"Ramdaspeth, Akola - MPCB",09-08-2026 14:00:00,20.719516,77.000253,SO2,4,11,6
India,Maharashtra,Kolhapur,"Sinchan Bhavan, Kolhapur - MPCB",09-08-2026 14:00:00,16.7143745,74.2426398,PM10,20,43,31
India,Maharashtra,Kolhapur,"Sinchan Bhavan, Kolhapur - MPCB",09-08-2026 14:00:00,16.7143745,74.2426398,CO,7,10,8
India,Maharashtra,Latur,"Sawe Wadi, Latur - MPCB",09-08-2026 14:00:00,18.39963,76.57452,OZONE,10,30,20
India,Maharashtra,Mahad,"Kamble Tarf Birwadi, Mahad - MPCB",09-08-2026 14:00:00,18.1023399,73.4783687,CO,23,32,29
India,Maharashtra,Malegaon,"Mahesh Nagar, Malegaon - MPCB",09-08-2026 14:00:00,20.555712,74.529236,PM10,40,70,55
India,Maharashtra,Malegaon,"Mahesh Nagar, Malegaon - MPCB",09-08-2026 14:00:00,20.555712,74.529236,NO2,5,18,10
India,Maharashtra,Mira-Bhayandar,"Bhayandar West, Mira-Bhayandar - MPCB",09-08-2026 14:00:00,19.296481,72.840923,NO2,3,6,4
India,Maharashtra,Mira-Bhayandar,"Bhayandar West, Mira-Bhayandar - MPCB",09-08-2026 14:00:00,19.296481,72.840923,OZONE,6,8,6
India,Maharashtra,Mumbai,"Kherwadi_Bandra East, Mumbai - MPCB",09-08-2026 14:00:00,19.0632143,72.8456324,NO2,3,7,5
India,Maharashtra,Mumbai,"Kherwadi_Bandra East, Mumbai - MPCB",09-08-2026 14:00:00,19.0632143,72.8456324,CO,25,35,32
India,Maharashtra,Mumbai,"Mazgaon, Mumbai - IITM",09-08-2026 14:00:00,18.96702,72.84214,PM2.5,13,42,23
India,Maharashtra,Mumbai,"Mazgaon, Mumbai - IITM",09-08-2026 14:00:00,18.96702,72.84214,NO2,10,30,20
India,Maharashtra,Mumbai,"Mazgaon, Mumbai - IITM",09-08-2026 14:00:00,18.96702,72.84214,NH3,5,11,7
India,Maharashtra,Mumbai,"Malad West, Mumbai - IITM",09-08-2026 14:00:00,19.19709,72.82204,SO2,3,9,6
India,Maharashtra,Mumbai,"Malad West, Mumbai - IITM",09-08-2026 14:00:00,19.19709,72.82204,OZONE,10,19,13
India,Maharashtra,Mumbai,"Shivaji Nagar, Mumbai - BMC",09-08-2026 14:00:00,19.060498,72.923356,PM2.5,10,66,27
India,Maharashtra,Mumbai,"Shivaji Nagar, Mumbai - BMC",09-08-2026 14:00:00,19.060498,72.923356,PM10,28,54,44
India,Maharashtra,Amravati,"Shri Shivaji Science College, Amravati - MPCB",09-08-2026 14:00:00,20.939198,77.765701,PM10,55,82,67
India,Maharashtra,Aurangabad,"Rachnakar Colony, Aurangabad - MPCB",09-08-2026 14:00:00,19.863756,75.321188,PM10,51,90,72
India,Maharashtra,Aurangabad,"Rachnakar Colony, Aurangabad - MPCB",09-08-2026 14:00:00,19.863756,75.321188,NH3,1,2,1
India,Maharashtra,Badlapur,"Katrap, Badlapur - MPCB",09-08-2026 14:00:00,19.16485,73.23409,CO,18,26,22
India,Maharashtra,Beed,"Bir, Beed - MPCB",09-08-2026 14:00:00,18.988474,75.753873,PM10,30,77,49
India,Maharashtra,Beed,"Bir, Beed - MPCB",09-08-2026 14:00:00,18.988474,75.753873,SO2,2,6,4
India,Maharashtra,Beed,"Bir, Beed - MPCB",09-08-2026 14:00:00,18.988474,75.753873,CO,11,16,14
India,Maharashtra,Beed,"Bir, Beed - MPCB",09-08-2026 14:00:00,18.988474,75.753873,OZONE,9,22,16
India,Maharashtra,Belapur,"CBD Belapur, Belapur - MPCB",09-08-2026 14:00:00,19.0243902,73.0406721,SO2,6,10,8
India,Maharashtra,Belapur,"CBD Belapur, Belapur - MPCB",09-08-2026 14:00:00,19.0243902,73.0406721,CO,12,18,15
India,Maharashtra,Bhiwandi,"Gokul Nagar, Bhiwandi - MPCB",09-08-2026 14:00:00,19.309073,73.057223,NO2,2,7,5
India,Maharashtra,Bhiwandi,"Gokul Nagar, Bhiwandi - MPCB",09-08-2026 14:00:00,19.309073,73.057223,OZONE,26,39,31
India,Maharashtra,Boisar,"Khaira, Boisar - MPCB",09-08-2026 14:00:00,19.786089,72.757971,PM2.5,23,52,38
India,Maharashtra,Boisar,"Khaira, Boisar - MPCB",09-08-2026 14:00:00,19.786089,72.757971,NO2,6,15,9
India,Maharashtra,Chandrapur,"MIDC Khutala, Chandrapur - MPCB",09-08-2026 14:00:00,19.9775302,79.2337086,PM2.5,18,26,21
India,Madhya Pradesh,Mandideep,"Sector-D Industrial Area, Mandideep - MPPCB",09-08-2026 14:00:00,23.10844,77.511428,SO2,3,9,6
India,Madhya Pradesh,Mandideep,"Sector-D Industrial Area, Mandideep - MPPCB",09-08-2026 14:00:00,23.10844,77.511428,CO,9,30,19
India,Madhya Pradesh,Mandideep,"Sector-D Industrial Area, Mandideep - MPPCB",09-08-2026 14:00:00,23.10844,77.511428,OZONE,7,216,43
India,Madhya Pradesh,Pithampur,"Sector-2 Industrial Area, Pithampur - MPPCB",09-08-2026 14:00:00,22.624758,75.675238,PM2.5,88,208,129
India,Madhya Pradesh,Pithampur,"Sector-2 Industrial Area, Pithampur - MPPCB",09-08-2026 14:00:00,22.624758,75.675238,NH3,7,9,8
India,Madhya Pradesh,Ratlam,"Shasthri Nagar, Ratlam - IPCA Lab",09-08-2026 14:00:00,23.331731,75.045981,NH3,NA,NA,NA
India,Madhya Pradesh,Sagar,"Civil Lines, Sagar - MPPCB",09-08-2026 14:00:00,23.838586,78.759431,NO2,4,10,7
India,Madhya Pradesh,Sagar,"Civil Lines, Sagar - MPPCB",09-08-2026 14:00:00,23.838586,78.759431,NH3,3,3,3
India,Madhya Pradesh,Satna,"Bandhavgar Colony, Satna - Birla Cement",09-08-2026 14:00:00,24.58434363,80.8549414,PM10,70,71,70
India,Madhya Pradesh,Satna,"Bandhavgar Colony, Satna - Birla Cement",09-08-2026 14:00:00,24.58434363,80.8549414,CO,13,16,14
India,Madhya Pradesh,Damoh,"Shrivastav Colony, Damoh - MPPCB",09-08-2026 14:00:00,23.81748678,79.446246,PM10,12,49,29
India,Madhya Pradesh,Damoh,"Shrivastav Colony, Damoh - MPPCB",09-08-2026 14:00:00,23.81748678,79.446246,NO2,NA,NA,NA
India,Madhya Pradesh,Damoh,"Shrivastav Colony, Damoh - MPPCB",09-08-2026 14:00:00,23.81748678,79.446246,NH3,NA,NA,NA
India,Madhya Pradesh,Dewas,"Bhopal Chauraha, Dewas - MPPCB",09-08-2026 14:00:00,22.9682591,76.064118,NH3,3,4,3
India,Madhya Pradesh,Dewas,"Bhopal Chauraha, Dewas - MPPCB",09-08-2026 14:00:00,22.9682591,76.064118,SO2,40,57,47
India,Madhya Pradesh,Dewas,"Bhopal Chauraha, Dewas - MPPCB",09-08-2026 14:00:00,22.9682591,76.064118,CO,14,17,15
India,Madhya Pradesh,Gwalior,"Deen Dayal Nagar, Gwalior - MPPCB",09-08-2026 14:00:00,26.259242,78.216432,NO2,38,80,55
India,Madhya Pradesh,Gwalior,"Deen Dayal Nagar, Gwalior - MPPCB",09-08-2026 14:00:00,26.259242,78.216432,SO2,9,16,10
India,Karnataka,Mysuru,"Hebbal 1st Stage, Mysuru - KSPCB",09-08-2026 14:00:00,12.21041,76.37376,NO2,14,30,19
India,Karnataka,Mysuru,"Hebbal 1st Stage, Mysuru - KSPCB",09-08-2026 14:00:00,12.21041,76.37376,SO2,0,5,3
India,Karnataka,Ramanagara,"Vijay Nagar, Ramanagara - KSPCB",09-08-2026 14:00:00,12.733409,77.298051,PM2.5,7,38,17
India,Karnataka,Ramanagara,"Vijay Nagar, Ramanagara - KSPCB",09-08-2026 14:00:00,12.733409,77.298051,OZONE,27,36,32
India,Karnataka,Shivamogga,"Vinoba Nagara, Shivamogga - KSPCB",09-08-2026 14:00:00,13.94,75.555917,PM2.5,34,42,40
India,Karnataka,Yadgir,"Collector Office, Yadgir - KSPCB",09-08-2026 14:00:00,16.7602,77.1428,PM10,38,63,50
India,Kerala,Eloor,"Udyogamandal, Eloor - Kerala PCB",09-08-2026 14:00:00,10.073232,76.302765,CO,1,1,1
India,Kerala,Kannur,"Thavakkara, Kannur - Kerala PCB",09-08-2026 14:00:00,11.875,75.3732,NH3,1,1,1
India,Kerala,Thiruvananthapuram,"Kariavattom, Thiruvananthapuram - Kerala PCB",09-08-2026 14:00:00,8.5637,76.8865,PM10,38,98,64
India,Kerala,Thiruvananthapuram,"Kariavattom, Thiruvananthapuram - Kerala PCB",09-08-2026 14:00:00,8.5637,76.8865,SO2,9,10,9
India,Kerala,Thiruvananthapuram,"Plammoodu, Thiruvananthapuram - Kerala PCB",09-08-2026 14:00:00,8.5149093,76.9435879,PM2.5,3,19,14
India,Kerala,Thiruvananthapuram,"Plammoodu, Thiruvananthapuram - Kerala PCB",09-08-2026 14:00:00,8.5149093,76.9435879,NO2,2,4,3
India,Maharashtra,Boisar,"Khaira, Boisar - MPCB",09-08-2026 14:00:00,19.786089,72.757971,PM2.5,23,52,38
India,Maharashtra,Boisar,"Khaira, Boisar - MPCB",09-08-2026 14:00:00,19.786089,72.757971,NO2,6,15,9
India,Maharashtra,Chandrapur,"MIDC Khutala, Chandrapur - MPCB",09-08-2026 14:00:00,19.9775302,79.2337086,PM2.5,18,26,21
India,Maharashtra,Chandrapur,"MIDC Khutala, Chandrapur - MPCB",09-08-2026 14:00:00,19.9775302,79.2337086,NO2,NA,NA,NA
India,Maharashtra,Chandrapur,"MIDC Khutala, Chandrapur - MPCB",09-08-2026 14:00:00,19.9775302,79.2337086,NH3,NA,NA,NA
India,Maharashtra,Dhule,"Deopur, Dhule - MPCB",09-08-2026 14:00:00,20.918946,74.776388,SO2,0,3,1
India,Maharashtra,Dombivli,"Kalu Nagar, Dombivli - MPCB",09-08-2026 14:00:00,19.2268427,73.0788456,NO2,4,21,11
India,Maharashtra,Hingoli,"Ashta Vinayak Nagar, Hingoli - MPCB",09-08-2026 14:00:00,19.710842,77.151824,PM2.5,28,70,46
India,Maharashtra,Hingoli,"Ashta Vinayak Nagar, Hingoli - MPCB",09-08-2026 14:00:00,19.710842,77.151824,CO,10,17,13
India,Maharashtra,Jalgaon,"Prabhat Colony, Jalgaon - MPCB",09-08-2026 14:00:00,21.001264,75.565602,NH3,1,2,1
India,Madhya Pradesh,Jabalpur,"Marhatal, Jabalpur - MPPCB",09-08-2026 14:00:00,23.168606,79.932247,SO2,6,8,7
India,Madhya Pradesh,Jabalpur,"Marhatal, Jabalpur - MPPCB",09-08-2026 14:00:00,23.168606,79.932247,CO,53,75,66
India,Madhya Pradesh,Jabalpur,"Govindh Bhavan Colony, Jabalpur - JMC",09-08-2026 14:00:00,23.163174,79.973061,PM10,5,61,28
India,Madhya Pradesh,Jabalpur,"Gupteshwar, Jabalpur - JMC",09-08-2026 14:00:00,23.142888,79.916147,PM10,14,70,39
India,Madhya Pradesh,Jabalpur,"Gupteshwar, Jabalpur - JMC",09-08-2026 14:00:00,23.142888,79.916147,OZONE,10,14,12
India,Maharashtra,Dhule,"Deopur, Dhule - MPCB",09-08-2026 14:00:00,20.918946,74.776388,SO2,0,3,1
India,Maharashtra,Dombivli,"Kalu Nagar, Dombivli - MPCB",09-08-2026 14:00:00,19.2268427,73.0788456,NO2,4,21,11
India,Maharashtra,Hingoli,"Ashta Vinayak Nagar, Hingoli - MPCB",09-08-2026 14:00:00,19.710842,77.151824,PM2.5,28,70,46
India,Maharashtra,Hingoli,"Ashta Vinayak Nagar, Hingoli - MPCB",09-08-2026 14:00:00,19.710842,77.151824,CO,10,17,13
India,Maharashtra,Jalgaon,"Prabhat Colony, Jalgaon - MPCB",09-08-2026 14:00:00,21.001264,75.565602,NH3,1,2,1
India,Maharashtra,Mumbai,"Khindipada-Bhandup West, Mumbai - IITM",09-08-2026 14:00:00,19.1653323,72.922099,NO2,28,35,32
India,Maharashtra,Mumbai,"Mindspace-Malad West, Mumbai - MPCB",09-08-2026 14:00:00,19.1878657,72.8304069,PM10,33,37,35
India,Maharashtra,Mumbai,"Mindspace-Malad West, Mumbai - MPCB",09-08-2026 14:00:00,19.1878657,72.8304069,CO,20,21,20
India,Maharashtra,Mumbai,"Borivali East, Mumbai - MPCB",09-08-2026 14:00:00,19.2243333,72.8658113,PM2.5,7,28,20
India,Maharashtra,Mumbai,"Borivali East, Mumbai - MPCB",09-08-2026 14:00:00,19.2243333,72.8658113,CO,10,11,10
India,Maharashtra,Mumbai,"Borivali East, Mumbai - IITM",09-08-2026 14:00:00,19.23241,72.86895,PM2.5,23,70,43
India,Maharashtra,Mumbai,"Borivali East, Mumbai - IITM",09-08-2026 14:00:00,19.23241,72.86895,NO2,7,19,11
India,Madhya Pradesh,Gwalior,"Deen Dayal Nagar, Gwalior - MPPCB",09-08-2026 14:00:00,26.259242,78.216432,SO2,9,16,10
India,Madhya Pradesh,Indore,"Airport Area, Indore - IMC",09-08-2026 14:00:00,22.7289,75.8076,PM2.5,44,76,59
India,Madhya Pradesh,Indore,"Airport Area, Indore - IMC",09-08-2026 14:00:00,22.7289,75.8076,NH3,0,8,0
India,Madhya Pradesh,Indore,"Airport Area, Indore - IMC",09-08-2026 14:00:00,22.7289,75.8076,SO2,9,12,11
India,Madhya Pradesh,Indore,"Airport Area, Indore - IMC",09-08-2026 14:00:00,22.7289,75.8076,CO,32,52,37
India,Madhya Pradesh,Indore,"Maguda Nagar, Indore - IMC",09-08-2026 14:00:00,22.7524,75.8872,NH3,NA,NA,NA
India,Madhya Pradesh,Indore,"Maguda Nagar, Indore - IMC",09-08-2026 14:00:00,22.7524,75.8872,SO2,17,18,18
India,Madhya Pradesh,Indore,"Chhoti Gwaltoli, Indore - MPPCB",09-08-2026 14:00:00,22.431,75.5213,PM10,85,132,111
India,Madhya Pradesh,Indore,"Residency Area, Indore - IMC",09-08-2026 14:00:00,22.7084,75.8815,SO2,2,3,2
India,Madhya Pradesh,Jabalpur,"Marhatal, Jabalpur - MPPCB",09-08-2026 14:00:00,23.168606,79.932247,NH3,1,2,1
India,Madhya Pradesh,Jabalpur,"Marhatal, Jabalpur - MPPCB",09-08-2026 14:00:00,23.168606,79.932247,SO2,6,8,7
India,Madhya Pradesh,Jabalpur,"Marhatal, Jabalpur - MPPCB",09-08-2026 14:00:00,23.168606,79.932247,CO,53,75,66
India,Madhya Pradesh,Jabalpur,"Govindh Bhavan Colony, Jabalpur - JMC",09-08-2026 14:00:00,23.163174,79.973061,PM10,5,61,28
India,Karnataka,Chikkaballapur,"Chikkaballapur Rural, Chikkaballapur - KSPCB",09-08-2026 14:00:00,13.428828,77.731418,NH3,1,1,1
India,Karnataka,Chikkaballapur,"Chikkaballapur Rural, Chikkaballapur - KSPCB",09-08-2026 14:00:00,13.428828,77.731418,CO,7,8,7
India,Karnataka,Chikkamagaluru,"Kalyana Nagara, Chikkamagaluru - KSPCB",09-08-2026 14:00:00,13.328028,75.797056,NH3,2,3,3
India,Karnataka,Dharwad,"Kalabhavan, Dharwad - KSPCB",09-08-2026 14:00:00,15.459706,75.008381,NH3,6,6,6
India,Karnataka,Gadag,"Panchal Nagar, Gadag - KSPCB",09-08-2026 14:00:00,15.411456,75.638133,NH3,4,6,5
India,Karnataka,Gadag,"Panchal Nagar, Gadag - KSPCB",09-08-2026 14:00:00,15.411456,75.638133,OZONE,16,17,17
India,Karnataka,Hubballi,"Lingaraj Nagar, Hubballi - KSPCB",09-08-2026 14:00:00,15.3714823,75.1160168,PM10,54,55,55
India,Karnataka,Hubballi,"Lingaraj Nagar, Hubballi - KSPCB",09-08-2026 14:00:00,15.3714823,75.1160168,NH3,2,2,2
India,Karnataka,Kalaburagi,"Mahatma Basaveswar Colony, Kalaburgi - KSPCB",09-08-2026 14:00:00,17.336318,76.847397,PM10,25,50,28
India,Karnataka,Madikeri,"Stuart Hill, Madikeri - KSPCB",09-08-2026 14:00:00,12.415911,75.73505,PM10,6,39,18
India,Maharashtra,Mumbai,"Deonar, Mumbai - IITM",09-08-2026 14:00:00,19.04946,72.923,SO2,3,4,4
India,Maharashtra,Mumbai,"Kurla, Mumbai - MPCB",09-08-2026 14:00:00,19.0863,72.8888,PM2.5,32,161,55
India,Maharashtra,Mumbai,"Kurla, Mumbai - MPCB",09-08-2026 14:00:00,19.0863,72.8888,NH3,2,2,2
India,Karnataka,Hubballi,"Lingaraj Nagar, Hubballi - KSPCB",09-08-2026 14:00:00,15.3714823,75.1160168,NH3,2,2,2
India,Karnataka,Kalaburagi,"Mahatma Basaveswar Colony, Kalaburgi - KSPCB",09-08-2026 14:00:00,17.336318,76.847397,PM10,25,50,28
India,Karnataka,Madikeri,"Stuart Hill, Madikeri - KSPCB",09-08-2026 14:00:00,12.415911,75.73505,PM10,6,39,18
India,Karnataka,Madikeri,"Stuart Hill, Madikeri - KSPCB",09-08-2026 14:00:00,12.415911,75.73505,NO2,2,3,2
India,Karnataka,Mysuru,"Hebbal 1st Stage, Mysuru - KSPCB",09-08-2026 14:00:00,12.21041,76.37376,NO2,14,30,19
India,Karnataka,Mysuru,"Hebbal 1st Stage, Mysuru - KSPCB",09-08-2026 14:00:00,12.21041,76.37376,SO2,0,5,3
India,Karnataka,Ramanagara,"Vijay Nagar, Ramanagara - KSPCB",09-08-2026 14:00:00,12.733409,77.298051,PM2.5,7,38,17
India,Odisha,Rairangpur,"Divisional Forest Office, Rairangpur - OSPCB",09-08-2026 14:00:00,22.265816,86.174829,PM10,13,33,22
India,Odisha,Rairangpur,"Divisional Forest Office, Rairangpur - OSPCB",09-08-2026 14:00:00,22.265816,86.174829,OZONE,3,8,6
India,Odisha,Rourkela,"Sector-2, Rourkela - OSPCB",09-08-2026 14:00:00,22.245,84.88111111,PM2.5,21,21,21
India,Odisha,Rourkela,"Sector-2, Rourkela - OSPCB",09-08-2026 14:00:00,22.245,84.88111111,NH3,NA,NA,NA
India,Odisha,Rourkela,"Sector-2, Rourkela - OSPCB",09-08-2026 14:00:00,22.245,84.88111111,OZONE,NA,NA,NA
India,Odisha,Rourkela,"Fertilizer Township, Rourkela - OSPCB",09-08-2026 14:00:00,22.18972222,84.86277778,NH3,NA,NA,NA
India,Odisha,Rourkela,"Fertilizer Township, Rourkela - OSPCB",09-08-2026 14:00:00,22.18972222,84.86277778,SO2,11,12,11
India,Odisha,Rourkela,"Raghunathpali, Rourkela - OSPCB",09-08-2026 14:00:00,22.220833,84.809444,NO2,15,15,15
India,Odisha,Rourkela,"Raghunathpali, Rourkela - OSPCB",09-08-2026 14:00:00,22.220833,84.809444,CO,32,59,41
India,Odisha,Rourkela,"Raghunathpali, Rourkela - OSPCB",09-08-2026 14:00:00,22.220833,84.809444,OZONE,9,10,10
India,Odisha,Tensa,"Barsua Iron Ore Mines, Tensa - OSPCB",09-08-2026 14:00:00,21.869985,85.167016,PM10,NA,NA,NA
India,Odisha,Tensa,"Barsua Iron Ore Mines, Tensa - OSPCB",09-08-2026 14:00:00,21.869985,85.167016,NO2,NA,NA,NA
India,Maharashtra,Navi Mumbai,"Mahape, Navi Mumbai - MPCB",09-08-2026 14:00:00,19.1135051,73.008978,CO,62,63,63
India,Maharashtra,Navi Mumbai,"Tondare-Taloja, Navi Mumbai - MPCB",09-08-2026 14:00:00,19.063,73.1209,OZONE,10,10,10
India,Maharashtra,Parbhani,"Masoom Colony, Parbhani - MPCB",09-08-2026 14:00:00,19.265594,76.761463,PM2.5,9,74,22
India,Maharashtra,Parbhani,"Masoom Colony, Parbhani - MPCB",09-08-2026 14:00:00,19.265594,76.761463,NO2,8,41,27
India,Maharashtra,Parbhani,"Masoom Colony, Parbhani - MPCB",09-08-2026 14:00:00,19.265594,76.761463,NH3,0,1,1
India,Maharashtra,Pimpri-Chinchwad,"Transport Nagar-Nigdi, Pune - IITM",09-08-2026 14:00:00,18.664282,73.763966,NO2,35,43,40
India,Maharashtra,Pimpri-Chinchwad,"Transport Nagar-Nigdi, Pune - IITM",09-08-2026 14:00:00,18.664282,73.763966,OZONE,11,15,13
India,Maharashtra,Pimpri-Chinchwad,"Bhosari, Pune - IITM",09-08-2026 14:00:00,18.640051,73.848956,PM2.5,18,40,29
India,Odisha,Rourkela,"Raghunathpali, Rourkela - OSPCB",09-08-2026 14:00:00,22.220833,84.809444,CO,32,59,41
India,Odisha,Rourkela,"Raghunathpali, Rourkela - OSPCB",09-08-2026 14:00:00,22.220833,84.809444,OZONE,9,10,10
India,Odisha,Tensa,"Barsua Iron Ore Mines, Tensa - OSPCB",09-08-2026 14:00:00,21.869985,85.167016,PM10,NA,NA,NA
India,Odisha,Tensa,"Barsua Iron Ore Mines, Tensa - OSPCB",09-08-2026 14:00:00,21.869985,85.167016,NO2,NA,NA,NA
India,Maharashtra,Navi Mumbai,"Nerul, Navi Mumbai - MPCB",09-08-2026 14:00:00,19.008751,73.01662,CO,NA,NA,NA
India,Maharashtra,Navi Mumbai,"Mahape, Navi Mumbai - MPCB",09-08-2026 14:00:00,19.1135051,73.008978,CO,62,63,63
India,Maharashtra,Navi Mumbai,"Tondare-Taloja, Navi Mumbai - MPCB",09-08-2026 14:00:00,19.063,73.1209,OZONE,10,10,10
India,Maharashtra,Parbhani,"Masoom Colony, Parbhani - MPCB",09-08-2026 14:00:00,19.265594,76.761463,PM2.5,9,74,22
India,Maharashtra,Parbhani,"Masoom Colony, Parbhani - MPCB",09-08-2026 14:00:00,19.265594,76.761463,NO2,8,41,27
India,Maharashtra,Parbhani,"Masoom Colony, Parbhani - MPCB",09-08-2026 14:00:00,19.265594,76.761463,NH3,0,1,1
India,Maharashtra,Pimpri-Chinchwad,"Transport Nagar-Nigdi, Pune - IITM",09-08-2026 14:00:00,18.664282,73.763966,NO2,35,43,40
India,Maharashtra,Pimpri-Chinchwad,"Transport Nagar-Nigdi, Pune - IITM",09-08-2026 14:00:00,18.664282,73.763966,OZONE,11,15,13
India,Maharashtra,Pimpri-Chinchwad,"Bhosari, Pune - IITM",09-08-2026 14:00:00,18.640051,73.848956,PM2.5,18,40,29
India,Maharashtra,Pimpri-Chinchwad,"Bhosari, Pune - IITM",09-08-2026 14:00:00,18.640051,73.848956,NO2,16,39,26
India,Maharashtra,Pimpri-Chinchwad,"Bhosari, Pune - IITM",09-08-2026 14:00:00,18.640051,73.848956,SO2,NA,NA,NA
India,Maharashtra,Pimpri-Chinchwad,"Bhosari, Pune - IITM",09-08-2026 14:00:00,18.640051,73.848956,CO,7,42,24
India,Maharashtra,Pimpri-Chinchwad,"Park Street Wakad, Pimpri Chinchwad - MPCB",09-08-2026 14:00:00,18.59051,73.77946,PM2.5,12,12,12
India,Maharashtra,Pimpri-Chinchwad,"Park Street Wakad, Pimpri Chinchwad - MPCB",09-08-2026 14:00:00,18.59051,73.77946,SO2,1,3,2
India,Maharashtra,Pimpri-Chinchwad,"Thergaon, Pimpri Chinchwad - MPCB",09-08-2026 14:00:00,18.616318,73.765797,NH3,3,4,3
India,Maharashtra,Pimpri-Chinchwad,"Savta Mali Nagar, Pimpri-Chinchwad - IITM",09-08-2026 14:00:00,18.614767,73.799516,PM10,60,112,85
India,Rajasthan,Bharatpur,"Krishna Nagar, Bharatpur - RSPCB",09-08-2026 14:00:00,27.215415,77.50873,OZONE,20,61,36
India,Rajasthan,Bhilwara,"Pratap Nagar, Bhilwara - RSPCB",09-08-2026 14:00:00,25.339605,74.618883,PM2.5,20,73,49
India,Rajasthan,Bhilwara,"Pratap Nagar, Bhilwara - RSPCB",09-08-2026 14:00:00,25.339605,74.618883,SO2,1,7,3
India,Rajasthan,Bhiwadi,"RIICO Ind. Area III, Bhiwadi - RSPCB",09-08-2026 14:00:00,28.194909,76.862296,PM2.5,10,203,91
India,Rajasthan,Bhiwadi,"Vasundhara Nagar_UIT, Bhiwadi - RSPCB",09-08-2026 14:00:00,28.207266,76.829265,NH3,6,14,9
India,Rajasthan,Bikaner,"MM Ground, Bikaner - RSPCB",09-08-2026 14:00:00,28.018792,73.292658,OZONE,16,55,37
India,Rajasthan,Bundi,"New Colony, Bundi - RSPCB",09-08-2026 14:00:00,25.435774,75.644272,PM2.5,3,53,27
India,Rajasthan,Bundi,"New Colony, Bundi - RSPCB",09-08-2026 14:00:00,25.435774,75.644272,NH3,6,9,7
India,Rajasthan,Bundi,"New Colony, Bundi - RSPCB",09-08-2026 14:00:00,25.435774,75.644272,SO2,5,7,6
India,Rajasthan,Bundi,"New Colony, Bundi - RSPCB",09-08-2026 14:00:00,25.435774,75.644272,CO,13,16,15
India,Maharashtra,Pune,"Panchawati_Pashan, Pune - IITM",09-08-2026 14:00:00,18.536457,73.805454,CO,16,28,23
India,Maharashtra,Pune,"Dhankawadi, Pune - IITM",09-08-2026 14:00:00,18.459883,73.852193,CO,23,50,33
India,Maharashtra,Pune,"Savitribai Phule Pune University, Pune - MPCB",09-08-2026 14:00:00,18.547056,73.826908,PM2.5,13,24,18
India,Maharashtra,Sangli,"Vijay Nagar, Sangli - MPCB",09-08-2026 14:00:00,16.5038,74.3623,PM2.5,17,36,29
India,Maharashtra,Sangli,"Vijay Nagar, Sangli - MPCB",09-08-2026 14:00:00,16.5038,74.3623,NO2,3,7,5
India,Maharashtra,Satara,"Koyana Nagar, Satara - MPCB",09-08-2026 14:00:00,17.696651,74.003387,PM2.5,2,108,36
India,Maharashtra,Satara,"Koyana Nagar, Satara - MPCB",09-08-2026 14:00:00,17.696651,74.003387,CO,14,23,19
India,Maharashtra,Solapur,"Ratandeep Housing Society, Solapur - MPCB",09-08-2026 14:00:00,17.65439,75.90649,PM10,37,59,45
India,Maharashtra,Solapur,"Ratandeep Housing Society, Solapur - MPCB",09-08-2026 14:00:00,17.65439,75.90649,NH3,3,7,5
India,Maharashtra,Solapur,"Ratandeep Housing Society, Solapur - MPCB",09-08-2026 14:00:00,17.65439,75.90649,OZONE,7,39,22
India,Maharashtra,Solapur,"Dnyaneshwar Nagar, Solapur - MPCB",09-08-2026 14:00:00,17.6336264,75.9132495,PM2.5,13,44,21
India,Maharashtra,Solapur,"Dnyaneshwar Nagar, Solapur - MPCB",09-08-2026 14:00:00,17.6336264,75.9132495,PM10,26,67,47
India,Maharashtra,Solapur,"Dnyaneshwar Nagar, Solapur - MPCB",09-08-2026 14:00:00,17.6336264,75.9132495,SO2,0,2,0
India,Maharashtra,Thane,"Kasarvadavali, Thane - MPCB",09-08-2026 14:00:00,19.26777,72.97182,NH3,0,1,0
India,Maharashtra,Thane,"Kasarvadavali, Thane - MPCB",09-08-2026 14:00:00,19.26777,72.97182,OZONE,11,21,17
India,Maharashtra,Ulhasnagar,"Sidhi Vinayak Nagar, Ulhasnagar - MPCB",09-08-2026 14:00:00,19.235581,73.159121,NO2,2,2,2
India,Odisha,Tensa,"Barsua Iron Ore Mines, Tensa - OSPCB",09-08-2026 14:00:00,21.869985,85.167016,SO2,NA,NA,NA
India,Puducherry,Puducherry,"Jawahar Nagar, Puducherry - PPCC",09-08-2026 14:00:00,11.9309,79.8027,NO2,7,24,11
India,Punjab,Amritsar,"Golden Temple, Amritsar - PPCB",09-08-2026 14:00:00,31.62,74.876512,PM2.5,54,67,59
India,Punjab,Amritsar,"Golden Temple, Amritsar - PPCB",09-08-2026 14:00:00,31.62,74.876512,PM10,52,65,57
India,Punjab,Amritsar,"Golden Temple, Amritsar - PPCB",09-08-2026 14:00:00,31.62,74.876512,NH3,5,5,5
India,Punjab,Jalandhar,"Civil Line, Jalandhar - PPCB",09-08-2026 14:00:00,31.321907,75.578914,PM2.5,45,72,58
India,Punjab,Jalandhar,"Civil Line, Jalandhar - PPCB",09-08-2026 14:00:00,31.321907,75.578914,NO2,34,44,38
India,Punjab,Jalandhar,"Civil Line, Jalandhar - PPCB",09-08-2026 14:00:00,31.321907,75.578914,NH3,6,7,7
India,Punjab,Khanna,"Kalal Majra, Khanna - PPCB",09-08-2026 14:00:00,30.736056,76.209694,NH3,7,7,7
India,Punjab,Mandi Gobindgarh,"RIMT University, Mandi Gobindgarh - PPCB",09-08-2026 14:00:00,30.649961,76.331442,NO2,24,25,24
India,Punjab,Mandi Gobindgarh,"RIMT University, Mandi Gobindgarh - PPCB",09-08-2026 14:00:00,30.649961,76.331442,NH3,5,5,5
India,Punjab,Mandi Gobindgarh,"RIMT University, Mandi Gobindgarh - PPCB",09-08-2026 14:00:00,30.649961,76.331442,CO,63,63,63
India,Punjab,Patiala,"Model Town, Patiala - PPCB",09-08-2026 14:00:00,30.349388,76.366642,SO2,4,16,10
India,Punjab,Rupnagar,"Ratanpura, Rupnagar - Ambuja Cements",09-08-2026 14:00:00,31.0325454,76.5623046,OZONE,NA,NA,NA
India,Rajasthan,Dausa,"Khatikan Mohalla, Dausa - RSPCB",09-08-2026 14:00:00,26.895552,76.334753,NO2,7,45,19
India,Rajasthan,Dausa,"Khatikan Mohalla, Dausa - RSPCB",09-08-2026 14:00:00,26.895552,76.334753,OZONE,10,17,13
India,Rajasthan,Dholpur,"Raja Ganj, Dholpur - RSPCB",09-08-2026 14:00:00,26.699557,77.898881,NO2,1,19,5
India,Rajasthan,Dholpur,"Raja Ganj, Dholpur - RSPCB",09-08-2026 14:00:00,26.699557,77.898881,NH3,3,12,6
India,Rajasthan,Dholpur,"Raja Ganj, Dholpur - RSPCB",09-08-2026 14:00:00,26.699557,77.898881,SO2,3,14,8
India,Rajasthan,Hanumangarh,"Housing Board, Hanumangarh - RSPCB",09-08-2026 14:00:00,29.61075,74.283608,OZONE,11,24,17
India,Rajasthan,Jaipur,"RIICO Sitapura, Jaipur - RSPCB",09-08-2026 14:00:00,26.786682,75.827928,PM2.5,12,52,29
India,Rajasthan,Jaipur,"Sector-2 Murlipura, Jaipur - RSPCB",09-08-2026 14:00:00,26.960669,75.771817,PM10,11,88,32
India,Rajasthan,Jaipur,"Sector-2 Murlipura, Jaipur - RSPCB",09-08-2026 14:00:00,26.960669,75.771817,NO2,11,47,21
India,Rajasthan,Jaipur,"Sector-2 Murlipura, Jaipur - RSPCB",09-08-2026 14:00:00,26.960669,75.771817,CO,38,76,59
India,Rajasthan,Jaipur,"Sector-2 Murlipura, Jaipur - RSPCB",09-08-2026 14:00:00,26.960669,75.771817,NO2,11,47,21
India,Rajasthan,Jaipur,"Sector-2 Murlipura, Jaipur - RSPCB",09-08-2026 14:00:00,26.960669,75.771817,CO,38,76,59
India,Rajasthan,Jaipur,"Sector-2 Murlipura, Jaipur - RSPCB",09-08-2026 14:00:00,26.960669,75.771817,OZONE,17,35,24
India,Rajasthan,Jaipur,"Shastri Nagar, Jaipur - RSPCB",09-08-2026 14:00:00,26.9502929,75.730943,OZONE,25,34,30
India,Maharashtra,Ulhasnagar,"Vithalwadi, Ulhasnagar - MPCB",09-08-2026 14:00:00,19.2307571,73.155192,NH3,6,9,8
India,Maharashtra,Ulhasnagar,"Vithalwadi, Ulhasnagar - MPCB",09-08-2026 14:00:00,19.2307571,73.155192,OZONE,12,18,15
India,Maharashtra,Virar,"Bolinj, Virar - MPCB",09-08-2026 14:00:00,19.445821,72.7988231,PM10,NA,NA,NA
India,Meghalaya,Shillong,"Lumpyngngad, Shillong - Meghalaya PCB",09-08-2026 14:00:00,25.5586,91.8985,PM2.5,NA,NA,NA
India,Meghalaya,Shillong,"JN Stadium, Shillong - Meghalaya PCB",09-08-2026 14:00:00,25.5803419,91.8942571,PM10,8,23,14
India,Meghalaya,Shillong,"JN Stadium, Shillong - Meghalaya PCB",09-08-2026 14:00:00,25.5803419,91.8942571,NH3,1,5,3
India,Mizoram,Aizawl,"Sikulpuikawn, Aizawl - Mizoram PCB",09-08-2026 14:00:00,23.7176342,92.7192841,PM10,1,19,6
India,Mizoram,Aizawl,"Sikulpuikawn, Aizawl - Mizoram PCB",09-08-2026 14:00:00,23.7176342,92.7192841,NO2,1,1,1
India,Nagaland,Kohima,"PWD Junction, Kohima - NPCB",09-08-2026 14:00:00,25.6635413,94.0989878,PM10,6,37,14
India,Odisha,Angul,"Hakimapada, Angul - OSPCB",09-08-2026 14:00:00,20.832874,85.104082,PM10,9,40,21
India,Odisha,Angul,"Hakimapada, Angul - OSPCB",09-08-2026 14:00:00,20.832874,85.104082,CO,53,67,57
India,Odisha,Balasore,"Kalidaspur, Balasore - OSPCB",09-08-2026 14:00:00,21.51161,86.89088,NO2,3,10,6
India,Odisha,Balasore,"Kalidaspur, Balasore - OSPCB",09-08-2026 14:00:00,21.51161,86.89088,CO,44,48,46
India,Maharashtra,Mumbai,"Bandra Kurla Complex, Mumbai - MPCB",09-08-2026 14:00:00,19.065931,72.862131,NH3,1,2,2
India,Maharashtra,Mumbai,"Bandra Kurla Complex, Mumbai - MPCB",09-08-2026 14:00:00,19.065931,72.862131,SO2,2,3,3
India,Maharashtra,Mumbai,"Chhatrapati Shivaji Intl. Airport (T2), Mumbai - MPCB",09-08-2026 14:00:00,19.10078,72.87462,PM10,NA,NA,NA
India,Maharashtra,Ulhasnagar,"Vithalwadi, Ulhasnagar - MPCB",09-08-2026 14:00:00,19.2307571,73.155192,OZONE,12,18,15
India,Maharashtra,Virar,"Bolinj, Virar - MPCB",09-08-2026 14:00:00,19.445821,72.7988231,PM10,NA,NA,NA
India,Meghalaya,Shillong,"Lumpyngngad, Shillong - Meghalaya PCB",09-08-2026 14:00:00,25.5586,91.8985,PM2.5,NA,NA,NA
India,Meghalaya,Shillong,"JN Stadium, Shillong - Meghalaya PCB",09-08-2026 14:00:00,25.5803419,91.8942571,PM10,8,23,14
India,Meghalaya,Shillong,"JN Stadium, Shillong - Meghalaya PCB",09-08-2026 14:00:00,25.5803419,91.8942571,NH3,1,5,3
India,Mizoram,Aizawl,"Sikulpuikawn, Aizawl - Mizoram PCB",09-08-2026 14:00:00,23.7176342,92.7192841,PM10,1,19,6
India,Mizoram,Aizawl,"Sikulpuikawn, Aizawl - Mizoram PCB",09-08-2026 14:00:00,23.7176342,92.7192841,NO2,1,1,1
India,Nagaland,Kohima,"PWD Junction, Kohima - NPCB",09-08-2026 14:00:00,25.6635413,94.0989878,PM10,6,37,14
India,Odisha,Angul,"Hakimapada, Angul - OSPCB",09-08-2026 14:00:00,20.832874,85.104082,PM10,9,40,21
India,Odisha,Angul,"Hakimapada, Angul - OSPCB",09-08-2026 14:00:00,20.832874,85.104082,CO,53,67,57
India,Maharashtra,Nagpur,"Ambazari, Nagpur - MPCB",09-08-2026 14:00:00,21.121801,79.04952,NH3,0,10,1
India,Maharashtra,Nagpur,"Mahal, Nagpur - MPCB",09-08-2026 14:00:00,21.14472,79.107595,PM2.5,NA,NA,NA
India,Maharashtra,Nagpur,"Mahal, Nagpur - MPCB",09-08-2026 14:00:00,21.14472,79.107595,CO,25,38,33
India,Maharashtra,Nagpur,"Mahal, Nagpur - MPCB",09-08-2026 14:00:00,21.14472,79.107595,OZONE,13,14,13
India,Maharashtra,Nagpur,"Opp GPO Civil Lines, Nagpur - MPCB",09-08-2026 14:00:00,21.152875,79.0517531,SO2,0,7,4
India,Maharashtra,Nanded,"Sneh Nagar, Nanded - MPCB",09-08-2026 14:00:00,19.173852,77.296291,PM10,39,69,50
India,Maharashtra,Nashik,"Gangapur Road, Nashik - MPCB",09-08-2026 14:00:00,20.0073285,73.7762427,PM2.5,9,109,34
India,Maharashtra,Nashik,"Hirawadi, Nashik - MPCB",09-08-2026 14:00:00,20.021503,73.813844,CO,1,5,3
India,Maharashtra,Nashik,"Hirawadi, Nashik - MPCB",09-08-2026 14:00:00,20.021503,73.813844,OZONE,18,76,30
India,Maharashtra,Navi Mumbai,"Sanpada, Navi Mumbai - MPCB",09-08-2026 14:00:00,19.0575752,73.0151367,PM2.5,4,27,16
India,Punjab,Khanna,"Kalal Majra, Khanna - PPCB",09-08-2026 14:00:00,30.736056,76.209694,NH3,7,7,7
India,Punjab,Mandi Gobindgarh,"RIMT University, Mandi Gobindgarh - PPCB",09-08-2026 14:00:00,30.649961,76.331442,NO2,24,25,24
India,Punjab,Mandi Gobindgarh,"RIMT University, Mandi Gobindgarh - PPCB",09-08-2026 14:00:00,30.649961,76.331442,NH3,5,5,5
India,Punjab,Mandi Gobindgarh,"RIMT University, Mandi Gobindgarh - PPCB",09-08-2026 14:00:00,30.649961,76.331442,CO,63,63,63
India,Punjab,Patiala,"Model Town, Patiala - PPCB",09-08-2026 14:00:00,30.349388,76.366642,SO2,4,16,10
India,Punjab,Rupnagar,"Ratanpura, Rupnagar - Ambuja Cements",09-08-2026 14:00:00,31.0325454,76.5623046,OZONE,NA,NA,NA
India,Maharashtra,Nagpur,"Ram Nagar, Nagpur - MPCB",09-08-2026 14:00:00,21.143383,79.048912,OZONE,13,19,15
India,Maharashtra,Nagpur,"Ambazari, Nagpur - MPCB",09-08-2026 14:00:00,21.121801,79.04952,NH3,0,10,1
India,Maharashtra,Nagpur,"Mahal, Nagpur - MPCB",09-08-2026 14:00:00,21.14472,79.107595,PM2.5,NA,NA,NA
India,Maharashtra,Nagpur,"Mahal, Nagpur - MPCB",09-08-2026 14:00:00,21.14472,79.107595,CO,25,38,33
India,Maharashtra,Nagpur,"Mahal, Nagpur - MPCB",09-08-2026 14:00:00,21.14472,79.107595,OZONE,13,14,13
India,Maharashtra,Nagpur,"Opp GPO Civil Lines, Nagpur - MPCB",09-08-2026 14:00:00,21.152875,79.0517531,SO2,0,7,4
India,Maharashtra,Nanded,"Sneh Nagar, Nanded - MPCB",09-08-2026 14:00:00,19.173852,77.296291,PM10,39,69,50
India,Maharashtra,Nashik,"Gangapur Road, Nashik - MPCB",09-08-2026 14:00:00,20.0073285,73.7762427,PM2.5,9,109,34
India,Maharashtra,Nashik,"Hirawadi, Nashik - MPCB",09-08-2026 14:00:00,20.021503,73.813844,CO,1,5,3
India,Maharashtra,Nashik,"Hirawadi, Nashik - MPCB",09-08-2026 14:00:00,20.021503,73.813844,OZONE,18,76,30
India,Maharashtra,Navi Mumbai,"Sanpada, Navi Mumbai - MPCB",09-08-2026 14:00:00,19.0575752,73.0151367,PM2.5,4,27,16
India,Maharashtra,Navi Mumbai,"Sanpada, Navi Mumbai - MPCB",09-08-2026 14:00:00,19.0575752,73.0151367,CO,3,8,6
India,Maharashtra,Navi Mumbai,"Sector-2E Kalamboli, Navi Mumbai - MPCB",09-08-2026 14:00:00,19.02579,73.10297,NH3,3,10,6
India,Uttar Pradesh,Meerut,"MIET College, Meerut - UPPCB",09-08-2026 14:00:00,28.972677,77.641018,OZONE,7,30,22
India,Tamil Nadu,Chennai,"Perungudi, Chennai - TNPCB",09-08-2026 14:00:00,12.9533,80.2357,CO,33,36,34
India,Tamil Nadu,Coimbatore,"SIDCO Kurichi, Coimbatore - TNPCB",09-08-2026 14:00:00,10.942451,76.978996,PM2.5,NA,NA,NA
India,Tamil Nadu,Coimbatore,"SIDCO Kurichi, Coimbatore - TNPCB",09-08-2026 14:00:00,10.942451,76.978996,PM10,12,31,20
India,Tamil Nadu,Coimbatore,"SIDCO Kurichi, Coimbatore - TNPCB",09-08-2026 14:00:00,10.942451,76.978996,SO2,25,27,26
India,Tamil Nadu,Coimbatore,"SIDCO Kurichi, Coimbatore - TNPCB",09-08-2026 14:00:00,10.942451,76.978996,OZONE,19,20,20
India,Tamil Nadu,Cuddalore,"Semmandalam, Cuddalore - TNPCB",09-08-2026 14:00:00,11.7637683,79.7499835,CO,NA,NA,NA
India,Tamil Nadu,Cuddalore,"Kudikadu, Cuddalore - TNPCB",09-08-2026 14:00:00,11.6829898,79.7532099,PM10,NA,NA,NA
India,Tamil Nadu,Cuddalore,"Kudikadu, Cuddalore - TNPCB",09-08-2026 14:00:00,11.6829898,79.7532099,SO2,NA,NA,NA
India,Tamil Nadu,Gummidipoondi,"Anthoni Pillai Nagar, Gummidipoondi - TNPCB",09-08-2026 14:00:00,13.4127,80.1081,NH3,0,1,1
India,Tamil Nadu,Gummidipoondi,"Anthoni Pillai Nagar, Gummidipoondi - TNPCB",09-08-2026 14:00:00,13.4127,80.1081,OZONE,NA,NA,NA
India,Uttar Pradesh,Moradabad,"Eco Herbal Park, Moradabad - UPPCB",09-08-2026 14:00:00,28.840739,78.697531,PM10,14,72,42
India,Uttar Pradesh,Moradabad,"Jigar Colony, Moradabad - UPPCB",09-08-2026 14:00:00,28.856664,78.772638,CO,40,40,40
India,Uttar Pradesh,Moradabad,"Transport Nagar, Moradabad - UPPCB",09-08-2026 14:00:00,28.802625,78.753728,PM2.5,NA,NA,NA
India,Uttar Pradesh,Moradabad,"Transport Nagar, Moradabad - UPPCB",09-08-2026 14:00:00,28.802625,78.753728,NH3,5,5,5
India,Uttar Pradesh,Moradabad,"Transport Nagar, Moradabad - UPPCB",09-08-2026 14:00:00,28.802625,78.753728,CO,32,71,47
India,Uttar Pradesh,Muzaffarnagar,"New Mandi, Muzaffarnagar - UPPCB",09-08-2026 14:00:00,29.4723508,77.7194031,CO,22,74,52
India,Uttar Pradesh,Ghaziabad,"Ved Vihar-Loni, Ghaziabad - UPPCB",09-08-2026 14:00:00,28.739153,77.273668,SO2,5,7,6
India,Uttar Pradesh,Ghaziabad,"Sanjay Nagar, Ghaziabad - UPPCB",09-08-2026 14:00:00,28.685382,77.453839,PM10,46,131,80
India,Uttar Pradesh,Ghaziabad,"Sanjay Nagar, Ghaziabad - UPPCB",09-08-2026 14:00:00,28.685382,77.453839,NH3,4,13,7
India,Uttar Pradesh,Ghaziabad,"Sanjay Nagar, Ghaziabad - UPPCB",09-08-2026 14:00:00,28.685382,77.453839,CO,28,36,32
India,Rajasthan,Jaipur,"Mansarovar Sector-12, Jaipur - RSPCB",09-08-2026 14:00:00,26.843698,75.766894,OZONE,28,135,56
India,Rajasthan,Jaisalmer,"Sadar Bazar, Jaisalmer - RSPCB",09-08-2026 14:00:00,26.912329,70.909168,PM10,36,446,114
India,Rajasthan,Jaisalmer,"Sadar Bazar, Jaisalmer - RSPCB",09-08-2026 14:00:00,26.912329,70.909168,NH3,7,20,10
India,Rajasthan,Jalore,"Mudtra Sili, Jalore - RSPCB",09-08-2026 14:00:00,25.344694,72.626208,PM10,65,112,89
India,Rajasthan,Jhalawar,"Rajlaxmi Nagar, Jhalawar - RSPCB",09-08-2026 14:00:00,24.588397,76.172782,NO2,20,39,30
India,Rajasthan,Jhunjhunu,"Indra Nagar, Jhunjhunu - RSPCB",09-08-2026 14:00:00,28.108988,75.386577,NH3,5,8,6
India,Rajasthan,Jhunjhunu,"Indra Nagar, Jhunjhunu - RSPCB",09-08-2026 14:00:00,28.108988,75.386577,SO2,1,2,1
India,Rajasthan,Jodhpur,"Mandor, Jodhpur - RSPCB",09-08-2026 14:00:00,26.358805,73.047444,SO2,2,4,2
India,Rajasthan,Jodhpur,"Mandor, Jodhpur - RSPCB",09-08-2026 14:00:00,26.358805,73.047444,OZONE,21,44,34
India,Rajasthan,Jodhpur,"Digari Kalan, Jodhpur - RSPCB",09-08-2026 14:00:00,26.29581,73.082283,OZONE,7,36,22
India,Uttar Pradesh,Jhansi,"Shivaji Nagar, Jhansi - UPPCB",09-08-2026 14:00:00,25.4547,78.6039,PM2.5,30,82,55
India,Uttar Pradesh,Jhansi,"Shivaji Nagar, Jhansi - UPPCB",09-08-2026 14:00:00,25.4547,78.6039,NH3,4,4,4
India,Uttar Pradesh,Kanpur,"FTI Kidwai Nagar, Kanpur - UPPCB",09-08-2026 14:00:00,26.428282,80.327067,OZONE,11,11,11
India,Uttar Pradesh,Kanpur,"Nehru Nagar, Kanpur - UPPCB",09-08-2026 14:00:00,26.4703136,80.3229863,PM10,31,79,51
India,Rajasthan,Sri Ganganagar,"Old City, Sri Ganganagar - RSPCB",09-08-2026 14:00:00,29.931624,73.864511,NH3,9,13,10
India,Rajasthan,Tonk,"Shastri Nagar, Tonk - RSPCB",09-08-2026 14:00:00,26.159933,75.780517,OZONE,15,46,31
India,Sikkim,Gangtok,"Zero Point GICI, Gangtok - SSPCB",09-08-2026 14:00:00,27.33853,88.614099,PM10,NA,NA,NA
India,Sikkim,Gangtok,"Zero Point GICI, Gangtok - SSPCB",09-08-2026 14:00:00,27.33853,88.614099,NO2,NA,NA,NA
India,Tamil Nadu,Chennai,"Royapuram, Chennai - TNPCB",09-08-2026 14:00:00,13.1036,80.2909,PM2.5,14,45,32
India,Tamil Nadu,Chennai,"Royapuram, Chennai - TNPCB",09-08-2026 14:00:00,13.1036,80.2909,PM10,23,87,51
India,Uttar Pradesh,Ghaziabad,"Loni, Ghaziabad - UPPCB",09-08-2026 14:00:00,28.757294,77.278792,CO,28,71,40
India,Uttar Pradesh,Ghaziabad,"Loni, Ghaziabad - UPPCB",09-08-2026 14:00:00,28.757294,77.278792,OZONE,35,49,44
India,Uttar Pradesh,Ghaziabad,"Wave City, Ghaziabad - UPPCB",09-08-2026 14:00:00,28.646675,77.489049,PM10,NA,NA,NA
India,Uttar Pradesh,Ghaziabad,"Govindpuram, Ghaziabad - UPPCB",09-08-2026 14:00:00,28.694528,77.494705,PM2.5,8,97,56
India,Uttar Pradesh,Ghaziabad,"Govindpuram, Ghaziabad - UPPCB",09-08-2026 14:00:00,28.694528,77.494705,NH3,4,5,5
India,Uttar Pradesh,Ghaziabad,"Govindpuram, Ghaziabad - UPPCB",09-08-2026 14:00:00,28.694528,77.494705,CO,28,37,33
India,Uttar Pradesh,Ghaziabad,"Govindpuram, Ghaziabad - UPPCB",09-08-2026 14:00:00,28.694528,77.494705,OZONE,4,5,5
India,Uttar Pradesh,Greater Noida,"Knowledge Park - V, Greater Noida - UPPCB",09-08-2026 14:00:00,28.557054,77.453663,PM2.5,25,128,59
India,Uttar Pradesh,Jhansi,"Shivaji Nagar, Jhansi - UPPCB",09-08-2026 14:00:00,25.4547,78.6039,PM2.5,30,82,55
India,Uttar Pradesh,Jhansi,"Shivaji Nagar, Jhansi - UPPCB",09-08-2026 14:00:00,25.4547,78.6039,NH3,4,4,4
India,Tamil Nadu,Coimbatore,"SIDCO Kurichi, Coimbatore - TNPCB",09-08-2026 14:00:00,10.942451,76.978996,SO2,25,27,26
India,Uttar Pradesh,Agra,"Sanjay Palace, Agra - UPPCB",09-08-2026 14:00:00,27.19865833,78.00598056,PM2.5,25,117,57
India,Uttar Pradesh,Agra,"Sector-3B Avas Vikas Colony, Agra - UPPCB",09-08-2026 14:00:00,27.19412,77.96237,PM10,NA,NA,NA
India,Uttar Pradesh,Agra,"Sector-3B Avas Vikas Colony, Agra - UPPCB",09-08-2026 14:00:00,27.19412,77.96237,CO,10,12,11
India,Uttar Pradesh,Agra,"Rohta, Agra - UPPCB",09-08-2026 14:00:00,27.106972,78.000111,PM2.5,14,58,32
India,Uttar Pradesh,Agra,"Rohta, Agra - UPPCB",09-08-2026 14:00:00,27.106972,78.000111,SO2,7,17,12
India,Uttar Pradesh,Baghpat,"Sardar Patel Inter College, Baghpat - UPPCB",09-08-2026 14:00:00,28.964949,77.278761,PM10,38,145,80
India,Uttar Pradesh,Bareilly,"Rajendra Nagar, Bareilly - UPPCB",09-08-2026 14:00:00,28.38910936,79.42963708,SO2,0,2,0
India,Uttar Pradesh,Bareilly,"Civil Lines, Bareilly - UPPCB",09-08-2026 14:00:00,28.359581,79.414455,PM10,21,39,30
India,Uttar Pradesh,Bareilly,"Civil Lines, Bareilly - UPPCB",09-08-2026 14:00:00,28.359581,79.414455,NH3,1,3,2
India,Tamil Nadu,Chennai,"Manali, Chennai - CPCB",09-08-2026 14:00:00,13.164544,80.26285,CO,NA,NA,NA
India,Tamil Nadu,Chennai,"Arumbakkam, Chennai - TNPCB",09-08-2026 14:00:00,13.0664,80.2112,PM10,41,108,70
India,Tamil Nadu,Chennai,"Manali Village, Chennai - TNPCB",09-08-2026 14:00:00,13.1662,80.2584,OZONE,6,318,120
India,Tamil Nadu,Chennai,"Perungudi, Chennai - TNPCB",09-08-2026 14:00:00,12.9533,80.2357,NO2,5,10,7
India,Uttar Pradesh,Mathura,"Pali Dungra, Mathura - UPPCB",09-08-2026 14:00:00,27.410954,77.550619,PM10,35,71,55
India,Uttar Pradesh,Mathura,"Pali Dungra, Mathura - UPPCB",09-08-2026 14:00:00,27.410954,77.550619,OZONE,29,29,29
India,Uttar Pradesh,Meerut,"MIET College, Meerut - UPPCB",09-08-2026 14:00:00,28.972677,77.641018,OZONE,7,30,22
India,Uttar Pradesh,Meerut,"Pallavpuram Phase 2, Meerut - UPPCB",09-08-2026 14:00:00,29.06351,77.709723,SO2,0,28,10
India,Uttar Pradesh,Meerut,"Ganga Nagar, Meerut - UPPCB",09-08-2026 14:00:00,28.999264,77.7590354,PM2.5,27,77,44
India,Uttar Pradesh,Meerut,"Ganga Nagar, Meerut - UPPCB",09-08-2026 14:00:00,28.999264,77.7590354,NO2,26,38,30
India,Tamil Nadu,Gummidipoondi,"Anthoni Pillai Nagar, Gummidipoondi - TNPCB",09-08-2026 14:00:00,13.4127,80.1081,OZONE,NA,NA,NA
India,Tamil Nadu,Thoothukudi,"Meelavittan, Thoothukudi - TNPCB",09-08-2026 14:00:00,8.816428,78.099039,OZONE,30,34,32
India,Telangana,Hyderabad,"Kokapet, Hyderabad - TSPCB",09-08-2026 14:00:00,17.393559,78.339194,PM10,44,61,50
India,Telangana,Hyderabad,"Kokapet, Hyderabad - TSPCB",09-08-2026 14:00:00,17.393559,78.339194,NH3,2,3,2
India,Telangana,Hyderabad,"ECIL Kapra, Hyderabad - TSPCB",09-08-2026 14:00:00,17.470431,78.566959,PM2.5,34,39,35
India,Telangana,Hyderabad,"Somajiguda, Hyderabad - TSPCB",09-08-2026 14:00:00,17.417094,78.457437,OZONE,NA,NA,NA
India,Telangana,Hyderabad,"Ramachandrapuram, Hyderabad - TSPCB",09-08-2026 14:00:00,17.528544,78.286195,PM2.5,28,35,33
India,Telangana,Hyderabad,"Ramachandrapuram, Hyderabad - TSPCB",09-08-2026 14:00:00,17.528544,78.286195,NO2,10,13,13
India,Telangana,Hyderabad,"ICRISAT Patancheru, Hyderabad - TSPCB",09-08-2026 14:00:00,17.5184,78.278777,NO2,7,23,13
India,Telangana,Hyderabad,"ICRISAT Patancheru, Hyderabad - TSPCB",09-08-2026 14:00:00,17.5184,78.278777,OZONE,16,33,25
India,Telangana,Hyderabad,"Sanathnagar, Hyderabad - TSPCB",09-08-2026 14:00:00,17.4559458,78.4332152,SO2,0,19,9
India,Telangana,Hyderabad,"Zoo Park, Hyderabad - TSPCB",09-08-2026 14:00:00,17.349694,78.451437,CO,49,60,53
India,Telangana,Hyderabad,"New Malakpet, Hyderabad - TSPCB",09-08-2026 14:00:00,17.37206,78.50864,OZONE,20,30,27
India,Telangana,Hyderabad,"Central University, Hyderabad - TSPCB",09-08-2026 14:00:00,17.460103,78.334361,CO,9,12,11
India,Telangana,Hyderabad,"IDA Pashamylaram, Hyderabad - TSPCB",09-08-2026 14:00:00,17.5316895,78.218939,NO2,2,37,21
India,Telangana,Hyderabad,"IDA Pashamylaram, Hyderabad - TSPCB",09-08-2026 14:00:00,17.5316895,78.218939,SO2,1,17,10
India,Tripura,Agartala,"Bardowali, Agartala - Tripura SPCB",09-08-2026 14:00:00,23.8175497,91.2726974,PM2.5,15,48,34
India,Uttar Pradesh,Agra,"Shastripuram, Agra - UPPCB",09-08-2026 14:00:00,27.19862,77.92066,PM10,39,80,56
India,Uttar Pradesh,Agra,"Manoharpur, Agra - UPPCB",09-08-2026 14:00:00,27.23711,78.01936,PM2.5,11,133,106
India,Rajasthan,Karauli,"Satyawati Vihar, Karauli - RSPCB",09-08-2026 14:00:00,26.506177,77.025989,NH3,7,16,11
India,Rajasthan,Kota,"Dhanmandi, Kota - RSPCB",09-08-2026 14:00:00,25.16409,75.858137,CO,11,14,13
India,Rajasthan,Kota,"Dhanmandi, Kota - RSPCB",09-08-2026 14:00:00,25.16409,75.858137,OZONE,14,29,21
India,Rajasthan,Kota,"Shrinath Puram, Kota - RSPCB",09-08-2026 14:00:00,25.14389,75.821256,PM10,52,97,73
India,Rajasthan,Kota,"Shrinath Puram, Kota - RSPCB",09-08-2026 14:00:00,25.14389,75.821256,CO,30,35,33
India,Rajasthan,Kota,"Nayapura, Kota - RSPCB",09-08-2026 14:00:00,25.196024,75.855668,NH3,4,8,7
India,Rajasthan,Nagaur,"Karni Colony, Nagaur - RSPCB",09-08-2026 14:00:00,27.213494,73.734444,SO2,2,7,4
India,Rajasthan,Pratapgarh,"Pragati Nagar, Pratapgarh - RSPCB",09-08-2026 14:00:00,24.041198,74.780702,NO2,7,15,10
India,Rajasthan,Pratapgarh,"Pragati Nagar, Pratapgarh - RSPCB",09-08-2026 14:00:00,24.041198,74.780702,OZONE,24,38,31
India,Rajasthan,Sawai Madhopur,"Sahu Nagar, Sawai Madhopur - RSPCB",09-08-2026 14:00:00,26.031443,76.359327,PM2.5,10,116,38
India,Rajasthan,Sawai Madhopur,"Sahu Nagar, Sawai Madhopur - RSPCB",09-08-2026 14:00:00,26.031443,76.359327,NH3,2,6,4
India,Rajasthan,Sikar,"Radhakishan Pura, Sikar - RSPCB",09-08-2026 14:00:00,27.608912,75.153302,SO2,2,39,5
India,Uttar Pradesh,Kanpur,"FTI Kidwai Nagar, Kanpur - UPPCB",09-08-2026 14:00:00,26.428282,80.327067,OZONE,11,11,11
India,Uttar Pradesh,Kanpur,"Nehru Nagar, Kanpur - UPPCB",09-08-2026 14:00:00,26.4703136,80.3229863,PM10,31,79,51
India,Uttar Pradesh,Kanpur,"NSI Kalyanpur, Kanpur - UPPCB",09-08-2026 14:00:00,26.509954,80.249612,NO2,31,32,31
India,Uttar Pradesh,Kanpur,"NSI Kalyanpur, Kanpur - UPPCB",09-08-2026 14:00:00,26.509954,80.249612,NH3,2,2,2
India,Uttar Pradesh,Khurja,"Kalindi Kunj, Khurja - UPPCB",09-08-2026 14:00:00,28.2348927,77.8683002,PM2.5,25,70,41
India,Uttar Pradesh,Khurja,"Kalindi Kunj, Khurja - UPPCB",09-08-2026 14:00:00,28.2348927,77.8683002,PM10,34,142,82
India,Uttar Pradesh,Khurja,"Kalindi Kunj, Khurja - UPPCB",09-08-2026 14:00:00,28.2348927,77.8683002,NH3,1,1,1
India,Uttar Pradesh,Lucknow,"Kendriya Vidyalaya, Lucknow - CPCB",09-08-2026 14:00:00,26.906111,80.948222,NO2,24,30,27
India,Uttar Pradesh,Lucknow,"Kendriya Vidyalaya, Lucknow - CPCB",09-08-2026 14:00:00,26.906111,80.948222,OZONE,22,70,39
India,Uttar Pradesh,Prayagraj,"Nagar Nigam, Prayagraj - UPPCB",09-08-2026 14:00:00,25.44919916,81.82735986,SO2,24,39,26
India,Uttar Pradesh,Prayagraj,"Jhunsi, Prayagraj - UPPCB",09-08-2026 14:00:00,25.425602,81.917152,CO,10,19,14
India,Uttar Pradesh,Prayagraj,"Motilal Nehru NIT, Prayagraj - UPPCB",09-08-2026 14:00:00,25.494,81.863,CO,2,4,3
India,Uttar Pradesh,Raebareli," Indira Nagar, Raebareli - NTPC Unchahar",09-08-2026 14:00:00,26.207781,81.245571,OZONE,8,13,11
India,Uttar Pradesh,Shamli,"New Tehsil, Shamli - UPPCB",09-08-2026 14:00:00,29.4603683,77.3410291,PM10,12,76,44
India,Uttar Pradesh,Shamli,"New Tehsil, Shamli - UPPCB",09-08-2026 14:00:00,29.4603683,77.3410291,NO2,8,13,10
India,Uttar Pradesh,Varanasi,"Maldahiya, Varanasi - UPPCB",09-08-2026 14:00:00,25.32393,82.99687,PM10,32,101,61
India,Uttar Pradesh,Kanpur,"NSI Kalyanpur, Kanpur - UPPCB",09-08-2026 14:00:00,26.509954,80.249612,NO2,31,32,31
India,Uttar Pradesh,Kanpur,"NSI Kalyanpur, Kanpur - UPPCB",09-08-2026 14:00:00,26.509954,80.249612,NH3,2,2,2
India,Uttar Pradesh,Khurja,"Kalindi Kunj, Khurja - UPPCB",09-08-2026 14:00:00,28.2348927,77.8683002,PM2.5,25,70,41
India,Uttar Pradesh,Prayagraj,"Nagar Nigam, Prayagraj - UPPCB",09-08-2026 14:00:00,25.44919916,81.82735986,PM10,12,30,19
India,Uttar Pradesh,Prayagraj,"Nagar Nigam, Prayagraj - UPPCB",09-08-2026 14:00:00,25.44919916,81.82735986,SO2,24,39,26
India,Uttar Pradesh,Prayagraj,"Jhunsi, Prayagraj - UPPCB",09-08-2026 14:00:00,25.425602,81.917152,CO,10,19,14
India,Uttar Pradesh,Prayagraj,"Motilal Nehru NIT, Prayagraj - UPPCB",09-08-2026 14:00:00,25.494,81.863,CO,2,4,3
India,Uttar Pradesh,Raebareli," Indira Nagar, Raebareli - NTPC Unchahar",09-08-2026 14:00:00,26.207781,81.245571,OZONE,8,13,11
India,Uttar Pradesh,Shamli,"New Tehsil, Shamli - UPPCB",09-08-2026 14:00:00,29.4603683,77.3410291,PM10,12,76,44
India,Uttar Pradesh,Shamli,"New Tehsil, Shamli - UPPCB",09-08-2026 14:00:00,29.4603683,77.3410291,NO2,8,13,10
India,Uttar Pradesh,Varanasi,"Maldahiya, Varanasi - UPPCB",09-08-2026 14:00:00,25.32393,82.99687,PM10,32,101,61
India,Uttar Pradesh,Varanasi,"Ardhali Bazar, Varanasi - UPPCB",09-08-2026 14:00:00,25.3505986,82.9083074,OZONE,15,29,22
India,Uttar Pradesh,Varanasi,"Bhelupur, Varanasi - UPPCB",09-08-2026 14:00:00,25.301778,82.996789,PM10,19,79,49
India,Uttar Pradesh,Varanasi,"Bhelupur, Varanasi - UPPCB",09-08-2026 14:00:00,25.301778,82.996789,NH3,1,1,1
India,Uttar Pradesh,Vrindavan,"Omex Eternity, Vrindavan - UPPCB",09-08-2026 14:00:00,27.571409,77.655757,PM2.5,16,80,45
India,Uttar Pradesh,Vrindavan,"Omex Eternity, Vrindavan - UPPCB",09-08-2026 14:00:00,27.571409,77.655757,SO2,26,27,27
India,Uttarakhand,Dehradun,"Doon University, Dehradun - UKPCB",09-08-2026 14:00:00,30.269444,78.044167,NO2,0,4,2
India,Uttarakhand,Dehradun,"Doon University, Dehradun - UKPCB",09-08-2026 14:00:00,30.269444,78.044167,NH3,NA,NA,NA
India,Uttarakhand,Kashipur,"Govt. Girls Inter College, Kashipur - UKPCB",09-08-2026 14:00:00,29.2124114,78.9611753,PM10,NA,NA,NA
India,Uttarakhand,Kashipur,"Govt. Girls Inter College, Kashipur - UKPCB",09-08-2026 14:00:00,29.2124114,78.9611753,SO2,NA,NA,NA
India,Uttarakhand,Rishikesh,"Shivaji Nagar, Rishikesh - UKPCB",09-08-2026 14:00:00,30.075911,78.2859547,NO2,7,7,7
India,West Bengal,Asansol,"Mahabir Colliery, Asansol - WBPCB",09-08-2026 14:00:00,23.618183,87.105718,SO2,3,4,3
India,West Bengal,Asansol,"Trivenidevi Bhalotia College, Asansol - WBPCB",09-08-2026 14:00:00,23.616515,87.119133,PM2.5,1,49,20
India,West Bengal,Asansol,"Trivenidevi Bhalotia College, Asansol - WBPCB",09-08-2026 14:00:00,23.616515,87.119133,OZONE,5,6,6
India,West Bengal,Barrackpore,"SVSPA Campus, Barrackpore - WBPCB",09-08-2026 14:00:00,22.7605581,88.3617589,PM2.5,13,44,27
India,West Bengal,Durgapur,"Mahishkapur Road_B-Zone, Durgapur - WBPCB",09-08-2026 14:00:00,23.567923,87.306843,SO2,15,16,15
India,West Bengal,Durgapur,"Womens College_City Center, Durgapur - WBPCB",09-08-2026 14:00:00,23.549395,87.300496,PM2.5,24,60,48
India,West Bengal,Durgapur,"PCBL Residential Complex, Durgapur - WBPCB",09-08-2026 14:00:00,23.508764,87.35444,NH3,2,3,3
India,West Bengal,Durgapur,"PCBL Residential Complex, Durgapur - WBPCB",09-08-2026 14:00:00,23.508764,87.35444,CO,29,38,34
India,West Bengal,Haldia,"Priyambada Housing Estate, Haldia - WBPCB",09-08-2026 14:00:00,22.06047,88.109737,PM10,17,40,27
India,West Bengal,Haldia,"Priyambada Housing Estate, Haldia - WBPCB",09-08-2026 14:00:00,22.06047,88.109737,NO2,6,11,9
India,West Bengal,Haldia,"Priyambada Housing Estate, Haldia - WBPCB",09-08-2026 14:00:00,22.06047,88.109737,SO2,12,13,12
India,West Bengal,Howrah,"Padmapukur, Howrah - WBPCB",09-08-2026 14:00:00,22.5687319,88.2797276,CO,49,88,60
India,West Bengal,Howrah,"Padmapukur, Howrah - WBPCB",09-08-2026 14:00:00,22.5687319,88.2797276,OZONE,10,15,13
India,West Bengal,Howrah,"Dasnagar, Howrah - WBPCB",09-08-2026 14:00:00,22.6025571,88.3105664,CO,31,36,35
India,West Bengal,Howrah,"Belur Math, Howrah - WBPCB",09-08-2026 14:00:00,22.629801,88.352017,PM2.5,13,34,21
India,West Bengal,Howrah,"Ghusuri, Howrah - WBPCB",09-08-2026 14:00:00,22.611968,88.347422,NH3,2,4,3
India,West Bengal,Kolkata,"Ballygunge, Kolkata - WBPCB",09-08-2026 14:00:00,22.5367507,88.3638022,SO2,2,9,4
India,West Bengal,Kolkata,"Ballygunge, Kolkata - WBPCB",09-08-2026 14:00:00,22.5367507,88.3638022,CO,16,19,17
India,West Bengal,Kolkata,"Rabindra Sarobar, Kolkata - WBPCB",09-08-2026 14:00:00,22.51106,88.35142,NH3,5,6,6
India,West Bengal,Kolkata,"Rabindra Bharati University, Kolkata - WBPCB",09-08-2026 14:00:00,22.627847,88.380669,NO2,9,35,17
India,West Bengal,Kolkata,"Rabindra Bharati University, Kolkata - WBPCB",09-08-2026 14:00:00,22.627847,88.380669,CO,34,38,37
India,West Bengal,Kolkata,"Victoria, Kolkata - WBPCB",09-08-2026 14:00:00,22.5448082,88.3403691,PM2.5,65,73,68
India,West Bengal,Kolkata,"Victoria, Kolkata - WBPCB",09-08-2026 14:00:00,22.5448082,88.3403691,NH3,7,8,8
India,West Bengal,Siliguri,"Ward-32 Bapupara, Siliguri - WBPCB",09-08-2026 14:00:00,26.6879226,88.4152495,NO2,103,128,118
India,Bihar,Chhapra,"Darshan Nagar, Chhapra - BSPCB",09-08-2026 14:00:00,25.7808257,84.7446768,OZONE,5,6,5
India,Bihar,Gaya,"Kareemganj, Gaya - BSPCB",09-08-2026 14:00:00,24.792403,84.992416,NH3,0,2,1
India,Bihar,Hajipur,"Industrial Area, Hajipur - BSPCB",09-08-2026 14:00:00,25.697189,85.2459,NO2,16,36,25
India,Bihar,Hajipur,"Industrial Area, Hajipur - BSPCB",09-08-2026 14:00:00,25.697189,85.2459,OZONE,17,53,34
India,Bihar,Kishanganj,"SDM Office_Khagra, Kishanganj - BSPCB",09-08-2026 14:00:00,26.0881305,87.93840336,PM2.5,30,217,43
India,Bihar,Kishanganj,"SDM Office_Khagra, Kishanganj - BSPCB",09-08-2026 14:00:00,26.0881305,87.93840336,PM10,31,117,38
India,Bihar,Kishanganj,"SDM Office_Khagra, Kishanganj - BSPCB",09-08-2026 14:00:00,26.0881305,87.93840336,NO2,7,8,8
India,Bihar,Kishanganj,"SDM Office_Khagra, Kishanganj - BSPCB",09-08-2026 14:00:00,26.0881305,87.93840336,CO,13,14,14
India,Bihar,Araria,"Kharahiya Basti, Araria - BSPCB",09-08-2026 14:00:00,26.146529,87.454184,PM10,3,62,21
India,Bihar,Araria,"Kharahiya Basti, Araria - BSPCB",09-08-2026 14:00:00,26.146529,87.454184,NO2,5,22,14
India,Bihar,Araria,"Kharahiya Basti, Araria - BSPCB",09-08-2026 14:00:00,26.146529,87.454184,SO2,20,22,21
India,Bihar,Arrah,"New DM Office, Arrah - BSPCB",09-08-2026 14:00:00,25.5626095,84.663264,NO2,6,8,7
India,Bihar,Aurangabad,"Gurdeo Nagar, Aurangabad - BSPCB",09-08-2026 14:00:00,24.75746,84.366208,PM2.5,NA,NA,NA
India,Bihar,Aurangabad,"Gurdeo Nagar, Aurangabad - BSPCB",09-08-2026 14:00:00,24.75746,84.366208,NO2,NA,NA,NA
India,Bihar,Begusarai,"Lohiyanagar, Begusarai - BSPCB",09-08-2026 14:00:00,25.42742023,86.13886079,PM10,41,109,70
India,Bihar,Begusarai,"Lohiyanagar, Begusarai - BSPCB",09-08-2026 14:00:00,25.42742023,86.13886079,CO,3,7,5
India,Bihar,Bettiah,"Kamalnath Nagar, Bettiah - BSPCB",09-08-2026 14:00:00,26.80365,84.51954,NO2,5,29,26
India,Bihar,Bhagalpur,"Mayaganj, Bhagalpur - BSPCB",09-08-2026 14:00:00,25.265194,87.012947,PM2.5,13,435,69
India,Bihar,Bhagalpur,"Mayaganj, Bhagalpur - BSPCB",09-08-2026 14:00:00,25.265194,87.012947,CO,27,52,35
India,Bihar,Chhapra,"Darshan Nagar, Chhapra - BSPCB",09-08-2026 14:00:00,25.7808257,84.7446768,NO2,NA,NA,NA
India,Bihar,Chhapra,"Darshan Nagar, Chhapra - BSPCB",09-08-2026 14:00:00,25.7808257,84.7446768,NH3,NA,NA,NA
India,Bihar,Chhapra,"Darshan Nagar, Chhapra - BSPCB",09-08-2026 14:00:00,25.7808257,84.7446768,OZONE,5,6,5
India,Bihar,Gaya,"Kareemganj, Gaya - BSPCB",09-08-2026 14:00:00,24.792403,84.992416,NH3,0,2,1
India,Bihar,Hajipur,"Industrial Area, Hajipur - BSPCB",09-08-2026 14:00:00,25.697189,85.2459,NO2,16,36,25
India,Bihar,Hajipur,"Industrial Area, Hajipur - BSPCB",09-08-2026 14:00:00,25.697189,85.2459,OZONE,17,53,34
India,Bihar,Kishanganj,"SDM Office_Khagra, Kishanganj - BSPCB",09-08-2026 14:00:00,26.0881305,87.93840336,PM2.5,30,217,43
India,Bihar,Kishanganj,"SDM Office_Khagra, Kishanganj - BSPCB",09-08-2026 14:00:00,26.0881305,87.93840336,PM10,31,117,38
India,Bihar,Kishanganj,"SDM Office_Khagra, Kishanganj - BSPCB",09-08-2026 14:00:00,26.0881305,87.93840336,NO2,7,8,8
India,Bihar,Kishanganj,"SDM Office_Khagra, Kishanganj - BSPCB",09-08-2026 14:00:00,26.0881305,87.93840336,CO,13,14,14
India,Bihar,Manguraha,"Forest Rest House, Manguraha - BSPCB",09-08-2026 14:00:00,27.308328,84.531742,NO2,12,16,14
India,Bihar,Manguraha,"Forest Rest House, Manguraha - BSPCB",09-08-2026 14:00:00,27.308328,84.531742,NH3,0,1,1
India,Bihar,Manguraha,"Forest Rest House, Manguraha - BSPCB",09-08-2026 14:00:00,27.308328,84.531742,OZONE,26,33,29
India,Bihar,Munger,"Town Hall, Munger - BSPCB",09-08-2026 14:00:00,25.376776,86.471523,PM2.5,NA,NA,NA
India,Bihar,Muzaffarpur,"MIT-Daudpur Kothi, Muzaffarpur - BSPCB",09-08-2026 14:00:00,26.1403345,85.3650192,NO2,5,10,7
India,Bihar,Muzaffarpur,"MIT-Daudpur Kothi, Muzaffarpur - BSPCB",09-08-2026 14:00:00,26.1403345,85.3650192,SO2,15,29,21
India,Delhi,Delhi,"Commonwealth Sports Complex, Delhi - DPCC",09-08-2026 14:00:00,28.615828,77.271992,PM2.5,30,107,65
India,Delhi,Delhi,"Commonwealth Sports Complex, Delhi - DPCC",09-08-2026 14:00:00,28.615828,77.271992,PM10,45,104,67
India,Delhi,Delhi,"Commonwealth Sports Complex, Delhi - DPCC",09-08-2026 14:00:00,28.615828,77.271992,SO2,4,12,7
India,Delhi,Delhi,"Commonwealth Sports Complex, Delhi - DPCC",09-08-2026 14:00:00,28.615828,77.271992,OZONE,4,61,37
India,Delhi,Delhi,"Talkatora Garden, Delhi - DPCC",09-08-2026 14:00:00,28.62181,77.1944633,CO,24,90,55
India,Delhi,Delhi,"Aya Nagar, Delhi - IITM",09-08-2026 14:00:00,28.4706914,77.1099364,NH3,NA,NA,NA
India,Delhi,Delhi,"CRRI Mathura Road, Delhi - IITM",09-08-2026 14:00:00,28.5512005,77.2735737,NO2,6,28,14
India,Delhi,Delhi,"CRRI Mathura Road, Delhi - IITM",09-08-2026 14:00:00,28.5512005,77.2735737,CO,18,30,24
India,Delhi,Delhi,"CRRI Mathura Road, Delhi - IITM",09-08-2026 14:00:00,28.5512005,77.2735737,OZONE,16,36,25
India,Delhi,Delhi,"Burari Crossing, Delhi - IITM",09-08-2026 14:00:00,28.7256504,77.2011573,PM10,11,119,68
India,Delhi,Delhi,"JNU, Delhi - DPCC",09-08-2026 14:00:00,28.540721,77.168544,PM10,24,72,48
India,Delhi,Delhi,"JNU, Delhi - DPCC",09-08-2026 14:00:00,28.540721,77.168544,NO2,3,52,25
India,Delhi,Delhi,"Alipur, Delhi - DPCC",09-08-2026 14:00:00,28.815329,77.15301,PM10,64,129,107
India,Delhi,Delhi,"Alipur, Delhi - DPCC",09-08-2026 14:00:00,28.815329,77.15301,NO2,30,57,38
India,Delhi,Delhi,"Alipur, Delhi - DPCC",09-08-2026 14:00:00,28.815329,77.15301,SO2,7,9,8
India,Delhi,Delhi,"Alipur, Delhi - DPCC",09-08-2026 14:00:00,28.815329,77.15301,OZONE,2,15,9
India,Delhi,Delhi,"North Campus, DU, Delhi - IITM",09-08-2026 14:00:00,28.6573814,77.1585447,CO,8,51,24
India,Bihar,Samastipur,"DM Office_Kasipur, Samastipur - BSPCB",09-08-2026 14:00:00,25.859655,85.77944,NO2,8,9,8
India,Bihar,Samastipur,"DM Office_Kasipur, Samastipur - BSPCB",09-08-2026 14:00:00,25.859655,85.77944,OZONE,6,7,6
India,Bihar,Siwan,"Chitragupta Nagar, Siwan - BSPCB",09-08-2026 14:00:00,26.2271665,84.3570427,PM2.5,68,85,78
India,Bihar,Siwan,"Chitragupta Nagar, Siwan - BSPCB",09-08-2026 14:00:00,26.2271665,84.3570427,NH3,1,1,1
India,Chandigarh,Chandigarh,"Sector-25, Chandigarh - CPCC",09-08-2026 14:00:00,30.751462,76.762879,NO2,3,12,6
India,Chhattisgarh,Bhilai,"Civic Center, Bhilai - Bhilai Steel Plant",09-08-2026 14:00:00,21.185571,81.343175,PM2.5,1,19,7
India,Chhattisgarh,Bhilai,"Civic Center, Bhilai - Bhilai Steel Plant",09-08-2026 14:00:00,21.185571,81.343175,NO2,15,16,16
India,Chhattisgarh,Bhilai,"32Bungalows, Bhilai - CECB",09-08-2026 14:00:00,21.194815,81.31477,PM10,9,44,20
India,Chhattisgarh,Bhilai,"Hathkhoj, Bhilai - CECB",09-08-2026 14:00:00,21.224231,81.40835,PM10,8,48,24
India,Chhattisgarh,Bhilai,"Hathkhoj, Bhilai - CECB",09-08-2026 14:00:00,21.224231,81.40835,NO2,6,22,13
India,Chhattisgarh,Bhilai,"Hathkhoj, Bhilai - CECB",09-08-2026 14:00:00,21.224231,81.40835,CO,11,15,14
India,Chhattisgarh,Bilaspur,"Mangala, Bilaspur - NTPC",09-08-2026 14:00:00,22.08815,82.13737,NO2,18,23,19
India,Andhra Pradesh,Vijayawada,"HB Colony, Vijayawada - APPCB",09-08-2026 14:00:00,16.536107,80.594233,NH3,5,5,5
India,Andhra Pradesh,Vijayawada,"HB Colony, Vijayawada - APPCB",09-08-2026 14:00:00,16.536107,80.594233,OZONE,27,27,27
India,Andhra Pradesh,Vijayawada,"Rajiv Nagar, Vijayawada - APPCB",09-08-2026 14:00:00,16.554731,80.64911,CO,27,27,27
India,Andhra Pradesh,Vijayawada,"Rajiv Nagar, Vijayawada - APPCB",09-08-2026 14:00:00,16.554731,80.64911,OZONE,23,23,23
India,Bihar,Araria,"Kharahiya Basti, Araria - BSPCB",09-08-2026 14:00:00,26.146529,87.454184,PM10,3,62,21
India,Bihar,Araria,"Kharahiya Basti, Araria - BSPCB",09-08-2026 14:00:00,26.146529,87.454184,NO2,5,22,14
India,Bihar,Araria,"Kharahiya Basti, Araria - BSPCB",09-08-2026 14:00:00,26.146529,87.454184,SO2,20,22,21
India,Bihar,Arrah,"New DM Office, Arrah - BSPCB",09-08-2026 14:00:00,25.5626095,84.663264,NO2,6,8,7
India,Bihar,Aurangabad,"Gurdeo Nagar, Aurangabad - BSPCB",09-08-2026 14:00:00,24.75746,84.366208,PM2.5,NA,NA,NA
India,Bihar,Aurangabad,"Gurdeo Nagar, Aurangabad - BSPCB",09-08-2026 14:00:00,24.75746,84.366208,NO2,NA,NA,NA
India,Bihar,Begusarai,"Lohiyanagar, Begusarai - BSPCB",09-08-2026 14:00:00,25.42742023,86.13886079,PM10,41,109,70
India,Bihar,Begusarai,"Lohiyanagar, Begusarai - BSPCB",09-08-2026 14:00:00,25.42742023,86.13886079,CO,3,7,5
India,Bihar,Bettiah,"Kamalnath Nagar, Bettiah - BSPCB",09-08-2026 14:00:00,26.80365,84.51954,NO2,5,29,26
India,Bihar,Bhagalpur,"Mayaganj, Bhagalpur - BSPCB",09-08-2026 14:00:00,25.265194,87.012947,PM2.5,13,435,69
India,Bihar,Patna,"Rajbansi Nagar, Patna - BSPCB",09-08-2026 14:00:00,25.599486,85.113666,NH3,NA,NA,NA
India,Bihar,Patna,"Rajbansi Nagar, Patna - BSPCB",09-08-2026 14:00:00,25.599486,85.113666,CO,19,19,19
India,Bihar,Patna,"DRM Office Danapur, Patna - BSPCB",09-08-2026 14:00:00,25.586562,85.043586,PM10,22,41,32
India,Bihar,Patna,"DRM Office Danapur, Patna - BSPCB",09-08-2026 14:00:00,25.586562,85.043586,NO2,20,25,23
India,Bihar,Patna,"Muradpur, Patna - BSPCB",09-08-2026 14:00:00,25.619651,85.147382,PM2.5,30,58,44
India,Bihar,Patna,"Muradpur, Patna - BSPCB",09-08-2026 14:00:00,25.619651,85.147382,SO2,8,9,9
India,Bihar,Patna,"Govt. High School Shikarpur, Patna - BSPCB",09-08-2026 14:00:00,25.592539,85.227158,PM2.5,38,47,43
India,Bihar,Saharsa,"Police Line, Saharsa - BSPCB",09-08-2026 14:00:00,25.892357,86.590325,CO,38,41,40
India,Bihar,Saharsa,"Police Line, Saharsa - BSPCB",09-08-2026 14:00:00,25.892357,86.590325,OZONE,13,20,15
India,Delhi,Delhi,"Punjabi Bagh, Delhi - DPCC",09-08-2026 14:00:00,28.674045,77.131023,PM2.5,3,312,138
India,Delhi,Delhi,"Commonwealth Sports Complex, Delhi - DPCC",09-08-2026 14:00:00,28.615828,77.271992,SO2,4,12,7
India,Delhi,Delhi,"Commonwealth Sports Complex, Delhi - DPCC",09-08-2026 14:00:00,28.615828,77.271992,OZONE,4,61,37
India,Delhi,Delhi,"Talkatora Garden, Delhi - DPCC",09-08-2026 14:00:00,28.62181,77.1944633,CO,24,90,55
India,Delhi,Delhi,"Aya Nagar, Delhi - IITM",09-08-2026 14:00:00,28.4706914,77.1099364,NH3,NA,NA,NA
India,Delhi,Delhi,"CRRI Mathura Road, Delhi - IITM",09-08-2026 14:00:00,28.5512005,77.2735737,NO2,6,28,14
India,Bihar,Patna,"DRM Office Danapur, Patna - BSPCB",09-08-2026 14:00:00,25.586562,85.043586,PM10,22,41,32
India,Bihar,Patna,"DRM Office Danapur, Patna - BSPCB",09-08-2026 14:00:00,25.586562,85.043586,NO2,20,25,23
India,Bihar,Patna,"Muradpur, Patna - BSPCB",09-08-2026 14:00:00,25.619651,85.147382,PM2.5,30,58,44
India,Bihar,Patna,"Muradpur, Patna - BSPCB",09-08-2026 14:00:00,25.619651,85.147382,SO2,8,9,9
India,Bihar,Patna,"Govt. High School Shikarpur, Patna - BSPCB",09-08-2026 14:00:00,25.592539,85.227158,PM2.5,38,47,43
India,Delhi,Delhi,"Pusa, Delhi - IITM",09-08-2026 14:00:00,28.63611,77.173332,CO,16,49,24
India,Andhra Pradesh,Guntur,"Rajendra Nagar North, Guntur - APPCB",09-08-2026 14:00:00,16.316553,80.413302,PM2.5,NA,NA,NA
India,Andhra Pradesh,Kadapa,"Yerramukkapalli, Kadapa - APPCB",09-08-2026 14:00:00,14.465052,78.824187,SO2,NA,NA,NA
India,Andhra Pradesh,Machilipatnam,"Srinivas Nagar Colony, Machilipatnam - APPCB",09-08-2026 14:00:00,16.186555,81.13219,PM2.5,NA,NA,NA
India,Andhra Pradesh,Nellore,"Ambedkar Nagar, Nellore - APPCB ",09-08-2026 14:00:00,14.438164,79.966814,NH3,5,7,6
India,Andhra Pradesh,Nellore,"Ambedkar Nagar, Nellore - APPCB ",09-08-2026 14:00:00,14.438164,79.966814,CO,33,36,35
India,Andhra Pradesh,Rajamahendravaram,"Anand Kala Kshetram, Rajamahendravaram - APPCB",09-08-2026 14:00:00,16.9872867,81.7363176,NO2,4,11,7
India,Andhra Pradesh,Tirumala,"Toll Gate, Tirumala - APPCB",09-08-2026 14:00:00,13.67,79.35,CO,24,24,24
India,Andhra Pradesh,Tirumala,"Toll Gate, Tirumala - APPCB",09-08-2026 14:00:00,13.67,79.35,OZONE,9,11,10
India,Chhattisgarh,Milupara,"Govt. Higher Secondary School, Milupara - CECB",09-08-2026 14:00:00,22.1910172,83.5197009,NO2,12,45,27
India,Chhattisgarh,Bhilai,"Hathkhoj, Bhilai - CECB",09-08-2026 14:00:00,21.224231,81.40835,PM10,8,48,24
India,Chhattisgarh,Bhilai,"Hathkhoj, Bhilai - CECB",09-08-2026 14:00:00,21.224231,81.40835,NO2,6,22,13
India,Chhattisgarh,Bhilai,"Hathkhoj, Bhilai - CECB",09-08-2026 14:00:00,21.224231,81.40835,CO,11,15,14
India,Chhattisgarh,Bilaspur,"Mangala, Bilaspur - NTPC",09-08-2026 14:00:00,22.08815,82.13737,NO2,18,23,19
India,Chhattisgarh,Milupara,"Govt. Higher Secondary School, Milupara - CECB",09-08-2026 14:00:00,22.1910172,83.5197009,NO2,12,45,27
India,Andhra Pradesh,Machilipatnam,"Srinivas Nagar Colony, Machilipatnam - APPCB",09-08-2026 14:00:00,16.186555,81.13219,PM2.5,NA,NA,NA
India,Andhra Pradesh,Nellore,"Ambedkar Nagar, Nellore - APPCB ",09-08-2026 14:00:00,14.438164,79.966814,NH3,5,7,6
India,Andhra Pradesh,Nellore,"Ambedkar Nagar, Nellore - APPCB ",09-08-2026 14:00:00,14.438164,79.966814,CO,33,36,35
India,Andhra Pradesh,Rajamahendravaram,"Anand Kala Kshetram, Rajamahendravaram - APPCB",09-08-2026 14:00:00,16.9872867,81.7363176,NO2,4,11,7
India,Andhra Pradesh,Tirumala,"Toll Gate, Tirumala - APPCB",09-08-2026 14:00:00,13.67,79.35,CO,24,24,24
India,Andhra Pradesh,Chittoor,"Gangineni Cheruvu, Chittoor - APPCB",09-08-2026 14:00:00,13.20488,79.097889,CO,13,18,15
India,Delhi,Delhi,"Jawaharlal Nehru Stadium, Delhi - DPCC",09-08-2026 14:00:00,28.58028,77.233829,NO2,6,47,21
India,Delhi,Delhi,"Jawaharlal Nehru Stadium, Delhi - DPCC",09-08-2026 14:00:00,28.58028,77.233829,CO,4,19,12
India,Delhi,Delhi,"Patparganj, Delhi - DPCC",09-08-2026 14:00:00,28.623763,77.287209,PM10,NA,NA,NA
India,Delhi,Delhi,"Patparganj, Delhi - DPCC",09-08-2026 14:00:00,28.623763,77.287209,NH3,NA,NA,NA
India,Delhi,Delhi,"Nehru Nagar, Delhi - DPCC",09-08-2026 14:00:00,28.56789,77.250515,SO2,2,110,13
India,Delhi,Delhi,"Jahangirpuri, Delhi - DPCC",09-08-2026 14:00:00,28.73282,77.170633,PM2.5,NA,NA,NA
India,Delhi,Delhi,"Jahangirpuri, Delhi - DPCC",09-08-2026 14:00:00,28.73282,77.170633,SO2,7,16,10
India,Delhi,Delhi,"Vivek Vihar, Delhi - DPCC",09-08-2026 14:00:00,28.672342,77.31526,PM10,36,137,87
India,Delhi,Delhi,"Rohini, Delhi - DPCC",09-08-2026 14:00:00,28.732528,77.11992,PM2.5,7,220,119
India,Delhi,Delhi,"Okhla Phase-2, Delhi - DPCC",09-08-2026 14:00:00,28.530785,77.271255,CO,8,34,18
India,Delhi,Delhi,"Bawana, Delhi - DPCC",09-08-2026 14:00:00,28.7762,77.051074,PM2.5,27,308,105
India,Delhi,Delhi,"Bawana, Delhi - DPCC",09-08-2026 14:00:00,28.7762,77.051074,NO2,6,12,9
India,Delhi,Delhi,"Bawana, Delhi - DPCC",09-08-2026 14:00:00,28.7762,77.051074,NH3,0,5,2
India,Delhi,Delhi,"Bawana, Delhi - DPCC",09-08-2026 14:00:00,28.7762,77.051074,SO2,10,11,11
India,Delhi,Delhi,"Bawana, Delhi - DPCC",09-08-2026 14:00:00,28.7762,77.051074,CO,28,40,35
India,Delhi,Delhi,"Bawana, Delhi - DPCC",09-08-2026 14:00:00,28.7762,77.051074,OZONE,5,7,6
India,Delhi,Delhi,"Sonia Vihar, Delhi - DPCC",09-08-2026 14:00:00,28.710508,77.249485,PM2.5,22,382,118
India,Delhi,Delhi,"Sonia Vihar, Delhi - DPCC",09-08-2026 14:00:00,28.710508,77.249485,NH3,12,17,14
India,Delhi,Delhi,"Major Dhyan Chand National Stadium, Delhi - DPCC",09-08-2026 14:00:00,28.611281,77.237738,SO2,7,13,10
India,Delhi,Delhi,"Narela, Delhi - DPCC",09-08-2026 14:00:00,28.822836,77.101981,NH3,5,11,8
India,Gujarat,Ahmedabad,"SVPI Airport Hansol, Ahmedabad - IITM",09-08-2026 14:00:00,23.076793,72.627874,PM2.5,20,60,39
India,Gujarat,Ahmedabad,"Rakhial, Ahmedabad - IITM",09-08-2026 14:00:00,23.016834,72.625775,PM2.5,25,58,34
India,Gujarat,Ahmedabad,"Rakhial, Ahmedabad - IITM",09-08-2026 14:00:00,23.016834,72.625775,NH3,3,6,4
India,Gujarat,Ahmedabad,"Chandkheda, Ahmedabad - IITM",09-08-2026 14:00:00,23.107969,72.574648,PM2.5,44,129,82
India,Gujarat,Ahmedabad,"Maninagar, Ahmedabad - GPCB",09-08-2026 14:00:00,23.002657,72.591912,OZONE,27,30,29
India,Gujarat,Surat,"Katargam, Surat - Nexteng Enviro",09-08-2026 14:00:00,21.217779,72.834787,PM2.5,1,51,21
India,Gujarat,Surat,"Katargam, Surat - Nexteng Enviro",09-08-2026 14:00:00,21.217779,72.834787,SO2,7,9,8
India,Gujarat,Surat,"Katargam, Surat - Nexteng Enviro",09-08-2026 14:00:00,21.217779,72.834787,OZONE,7,7,7
India,Gujarat,Vadodara,"Bapunagar, Vadodara - Nexteng Enviro",09-08-2026 14:00:00,22.320153,73.216285,NO2,11,15,13
India,Haryana,Gurugram,"Sector-51, Gurugram - HSPCB",09-08-2026 14:00:00,28.4227,77.0667,PM2.5,37,328,122
India,Haryana,Gurugram,"Sector-51, Gurugram - HSPCB",09-08-2026 14:00:00,28.4227,77.0667,CO,12,39,25
India,Haryana,Kaithal,"Rishi Nagar, Kaithal - HSPCB",09-08-2026 14:00:00,29.8006,76.4155,PM2.5,29,55,42
India,Haryana,Karnal,"Sector-12, Karnal - HSPCB",09-08-2026 14:00:00,29.6953,77.0027,NO2,9,21,15
India,Haryana,Karnal,"Sector-12, Karnal - HSPCB",09-08-2026 14:00:00,29.6953,77.0027,OZONE,41,52,46
India,Haryana,Kurukshetra,"Sector-7, Kurukshetra - HSPCB",09-08-2026 14:00:00,29.966942,76.875879,CO,15,24,19
India,Haryana,Mandikhera,"General Hospital, Mandikhera(Nuh) - HSPCB",09-08-2026 14:00:00,27.9002,76.9938,PM2.5,65,72,67
India,Delhi,Delhi,"R K Puram, Delhi - DPCC",09-08-2026 14:00:00,28.563262,77.186937,PM2.5,NA,NA,NA
India,Delhi,Delhi,"R K Puram, Delhi - DPCC",09-08-2026 14:00:00,28.563262,77.186937,CO,55,55,55
India,Delhi,Delhi,"IIT Delhi, Delhi - IITM",09-08-2026 14:00:00,28.54246,77.191651,OZONE,11,32,24
India,Haryana,Ballabgarh,"Nathu Colony, Ballabgarh - HSPCB",09-08-2026 14:00:00,28.3419248,77.319699,SO2,2,4,3
India,Haryana,Charkhi Dadri,"Mini Secretariat, Charkhi Dadri - HSPCB",09-08-2026 14:00:00,28.593883,76.270653,PM2.5,23,326,168
India,Haryana,Faridabad,"New Industrial Town, Faridabad - HSPCB",09-08-2026 14:00:00,28.39072,77.30059,SO2,1,11,8
India,Haryana,Faridabad,"Sector 11, Faridabad - HSPCB",09-08-2026 14:00:00,28.376058,77.315741,NO2,30,32,31
India,Haryana,Faridabad,"Sector 11, Faridabad - HSPCB",09-08-2026 14:00:00,28.376058,77.315741,OZONE,16,16,16
India,Haryana,Faridabad,"Sector 30, Faridabad - HSPCB",09-08-2026 14:00:00,28.4417,77.3217,NH3,6,9,7
India,Haryana,Fatehabad,"Huda Sector, Fatehabad - HSPCB",09-08-2026 14:00:00,29.503664,75.467934,NH3,13,15,14
India,Haryana,Fatehabad,"Huda Sector, Fatehabad - HSPCB",09-08-2026 14:00:00,29.503664,75.467934,OZONE,23,39,29
India,Haryana,Gurugram,"Teri Gram, Gurugram - HSPCB",09-08-2026 14:00:00,28.4275,77.1465,PM10,19,500,155
India,Haryana,Gurugram,"Teri Gram, Gurugram - HSPCB",09-08-2026 14:00:00,28.4275,77.1465,SO2,7,20,12
India,Delhi,Delhi,"Wazirpur, Delhi - DPCC",09-08-2026 14:00:00,28.699793,77.165453,NO2,8,87,26
India,Delhi,Delhi,"Wazirpur, Delhi - DPCC",09-08-2026 14:00:00,28.699793,77.165453,CO,61,78,67
India,Delhi,Delhi,"Najafgarh, Delhi - DPCC",09-08-2026 14:00:00,28.570173,76.933762,NO2,11,44,23
India,Gujarat,Vatva,"Phase-4 GIDC, Vatva - GPCB",09-08-2026 14:00:00,22.969611,72.6435,NO2,23,37,33
India,Gujarat,Vatva,"Phase-4 GIDC, Vatva - GPCB",09-08-2026 14:00:00,22.969611,72.6435,NH3,5,5,5
India,Haryana,Ambala,"Patti Mehar, Ambala - HSPCB",09-08-2026 14:00:00,30.379589,76.778328,PM2.5,36,67,50
India,Haryana,Ambala,"Patti Mehar, Ambala - HSPCB",09-08-2026 14:00:00,30.379589,76.778328,PM10,40,329,106
India,Haryana,Ambala,"Patti Mehar, Ambala - HSPCB",09-08-2026 14:00:00,30.379589,76.778328,NH3,6,7,6
India,Haryana,Bahadurgarh,"Arya Nagar, Bahadurgarh - HSPCB",09-08-2026 14:00:00,28.6701,76.9254,PM2.5,33,98,59
India,Haryana,Bahadurgarh,"Arya Nagar, Bahadurgarh - HSPCB",09-08-2026 14:00:00,28.6701,76.9254,PM10,39,77,56
India,Delhi,Delhi,"Ashok Vihar, Delhi - DPCC",09-08-2026 14:00:00,28.695381,77.181665,NH3,2,14,7
India,Delhi,Delhi,"Mundka, Delhi - DPCC",09-08-2026 14:00:00,28.684678,77.076574,SO2,8,34,19
India,Delhi,Delhi,"Mundka, Delhi - DPCC",09-08-2026 14:00:00,28.684678,77.076574,OZONE,2,11,6
India,Delhi,Delhi,"Wazirpur, Delhi - DPCC",09-08-2026 14:00:00,28.699793,77.165453,PM10,45,159,119
India,Delhi,Delhi,"Wazirpur, Delhi - DPCC",09-08-2026 14:00:00,28.699793,77.165453,NO2,8,87,26
India,Delhi,Delhi,"Wazirpur, Delhi - DPCC",09-08-2026 14:00:00,28.699793,77.165453,CO,61,78,67
India,Delhi,Delhi,"Najafgarh, Delhi - DPCC",09-08-2026 14:00:00,28.570173,76.933762,NO2,11,44,23
India,Delhi,Delhi,"Jawaharlal Nehru Stadium, Delhi - DPCC",09-08-2026 14:00:00,28.58028,77.233829,NO2,6,47,21
India,Delhi,Delhi,"Jawaharlal Nehru Stadium, Delhi - DPCC",09-08-2026 14:00:00,28.58028,77.233829,CO,4,19,12
India,Delhi,Delhi,"Patparganj, Delhi - DPCC",09-08-2026 14:00:00,28.623763,77.287209,PM10,NA,NA,NA
India,Delhi,Delhi,"Patparganj, Delhi - DPCC",09-08-2026 14:00:00,28.623763,77.287209,NH3,NA,NA,NA
India,Delhi,Delhi,"Nehru Nagar, Delhi - DPCC",09-08-2026 14:00:00,28.56789,77.250515,SO2,2,110,13
India,Delhi,Delhi,"Jahangirpuri, Delhi - DPCC",09-08-2026 14:00:00,28.73282,77.170633,PM2.5,NA,NA,NA
India,Delhi,Delhi,"Jahangirpuri, Delhi - DPCC",09-08-2026 14:00:00,28.73282,77.170633,SO2,7,16,10
India,Delhi,Delhi,"Vivek Vihar, Delhi - DPCC",09-08-2026 14:00:00,28.672342,77.31526,PM10,36,137,87
India,Karnataka,Bengaluru,"Jigani, Bengaluru - KSPCB",09-08-2026 14:00:00,12.7816279,77.6299145,CO,30,31,31
India,Karnataka,Bengaluru,"Silk Board, Bengaluru - KSPCB",09-08-2026 14:00:00,12.917348,77.622813,CO,35,50,43
India,Karnataka,Bengaluru,"Silk Board, Bengaluru - KSPCB",09-08-2026 14:00:00,12.917348,77.622813,OZONE,10,18,14
India,Karnataka,Bengaluru,"Hebbal, Bengaluru - KSPCB",09-08-2026 14:00:00,13.029152,77.585901,NO2,18,22,20
India,Karnataka,Bengaluru,"Hebbal, Bengaluru - KSPCB",09-08-2026 14:00:00,13.029152,77.585901,CO,22,28,26
India,Karnataka,Bengaluru,"Jayanagar 5th Block, Bengaluru - KSPCB",09-08-2026 14:00:00,12.920984,77.584908,PM2.5,20,45,32
India,Karnataka,Bengaluru,"Jayanagar 5th Block, Bengaluru - KSPCB",09-08-2026 14:00:00,12.920984,77.584908,NH3,1,2,1
India,Karnataka,Bengaluru,"Hombegowda Nagar, Bengaluru - KSPCB",09-08-2026 14:00:00,12.938539,77.5901,PM2.5,21,50,32
India,Karnataka,Bengaluru,"Hombegowda Nagar, Bengaluru - KSPCB",09-08-2026 14:00:00,12.938539,77.5901,NO2,9,32,16
India,Karnataka,Bengaluru,"Hombegowda Nagar, Bengaluru - KSPCB",09-08-2026 14:00:00,12.938539,77.5901,CO,7,11,9
India,Karnataka,Chikkaballapur,"Chikkaballapur Rural, Chikkaballapur - KSPCB",09-08-2026 14:00:00,13.428828,77.731418,NO2,3,40,6
India,Karnataka,Chikkaballapur,"Chikkaballapur Rural, Chikkaballapur - KSPCB",09-08-2026 14:00:00,13.428828,77.731418,OZONE,20,23,22
India,Karnataka,Dharwad,"Kalabhavan, Dharwad - KSPCB",09-08-2026 14:00:00,15.459706,75.008381,SO2,8,8,8
India,Karnataka,Gadag,"Panchal Nagar, Gadag - KSPCB",09-08-2026 14:00:00,15.411456,75.638133,PM2.5,56,116,74
India,Karnataka,Gadag,"Panchal Nagar, Gadag - KSPCB",09-08-2026 14:00:00,15.411456,75.638133,PM10,67,120,85
India,Gujarat,Surat,"Katargam, Surat - Nexteng Enviro",09-08-2026 14:00:00,21.217779,72.834787,SO2,7,9,8
India,Gujarat,Surat,"Katargam, Surat - Nexteng Enviro",09-08-2026 14:00:00,21.217779,72.834787,OZONE,7,7,7
India,Gujarat,Vadodara,"Bapunagar, Vadodara - Nexteng Enviro",09-08-2026 14:00:00,22.320153,73.216285,NO2,11,15,13
India,Gujarat,Vapi,"Phase-1 GIDC, Vapi - GPCB",09-08-2026 14:00:00,20.362421,72.918013,OZONE,4,18,11
India,Haryana,Mandikhera,"General Hospital, Mandikhera(Nuh) - HSPCB",09-08-2026 14:00:00,27.9002,76.9938,OZONE,47,48,48
India,Haryana,Manesar,"Sector-2 IMT, Manesar - HSPCB",09-08-2026 14:00:00,28.360699,76.93609,SO2,6,20,13
India,Haryana,Narnaul,"Shastri Nagar, Narnaul - HSPCB",09-08-2026 14:00:00,28.060249,76.113115,NH3,1,6,2
India,Haryana,Palwal,"Shyam Nagar, Palwal - HSPCB",09-08-2026 14:00:00,28.1485564,77.3320667,NH3,6,6,6
India,Haryana,Palwal,"Shyam Nagar, Palwal - HSPCB",09-08-2026 14:00:00,28.1485564,77.3320667,CO,17,68,43
India,Haryana,Palwal,"Shyam Nagar, Palwal - HSPCB",09-08-2026 14:00:00,28.1485564,77.3320667,OZONE,10,10,10
India,Haryana,Panchgaon,"Amity University, Panchgaon - IITM",09-08-2026 14:00:00,28.3153,76.9143,NO2,3,23,10
India,Haryana,Panipat,"Sector-18, Panipat - HSPCB",09-08-2026 14:00:00,29.432304,76.972765,OZONE,56,58,57
India,Haryana,Rohtak,"MD University, Rohtak - HSPCB",09-08-2026 14:00:00,28.52123,76.37138,OZONE,18,25,23
India,Haryana,Yamuna Nagar,"Gobind Pura, Yamuna Nagar - HSPCB",09-08-2026 14:00:00,30.1480566,77.2893471,NO2,11,21,17
India,Haryana,Yamuna Nagar,"Gobind Pura, Yamuna Nagar - HSPCB",09-08-2026 14:00:00,30.1480566,77.2893471,NH3,1,6,4
India,Jammu and Kashmir,Pampore,"Khrew, Pampore - JKPCC",09-08-2026 14:00:00,34.031606,75.009712,NH3,NA,NA,NA
India,Jammu and Kashmir,Srinagar,"Khunmoh, Srinagar - JKPCC",09-08-2026 14:00:00,34.06313,74.96017,PM2.5,10,25,18
India,Jharkhand,Dhanbad,"Sardar Patel Nagar, Dhanbad - JSPCB",09-08-2026 14:00:00,23.80569,86.44268,SO2,NA,NA,NA
India,Karnataka,Belgaum,"Ramteerth Nagar, Belgaum - KSPCB",09-08-2026 14:00:00,15.888653,74.541751,NH3,NA,NA,NA
India,Karnataka,Bengaluru,"Bapuji Nagar, Bengaluru - KSPCB",09-08-2026 14:00:00,12.951913,77.539784,NH3,3,3,3
India,Karnataka,Mysuru,"Hebbal 1st Stage, Mysuru - KSPCB",09-08-2026 14:00:00,12.21041,76.37376,PM2.5,15,35,23
India,Karnataka,Mysuru,"Hebbal 1st Stage, Mysuru - KSPCB",09-08-2026 14:00:00,12.21041,76.37376,PM10,29,81,58
India,Karnataka,Ramanagara,"Vijay Nagar, Ramanagara - KSPCB",09-08-2026 14:00:00,12.733409,77.298051,PM10,30,74,44
India,Karnataka,Shivamogga,"Vinoba Nagara, Shivamogga - KSPCB",09-08-2026 14:00:00,13.94,75.555917,CO,26,34,30
India,Karnataka,Yadgir,"Collector Office, Yadgir - KSPCB",09-08-2026 14:00:00,16.7602,77.1428,OZONE,24,34,29
India,Gujarat,Ahmedabad,"SAC ISRO Satellite, Ahmedabad - IITM",09-08-2026 14:00:00,23.023389,72.515201,PM2.5,45,139,87
India,Gujarat,Ahmedabad,"SAC ISRO Satellite, Ahmedabad - IITM",09-08-2026 14:00:00,23.023389,72.515201,PM10,59,128,99
India,Gujarat,Ankleshwar,"GIDC, Ankleshwar - GPCB",09-08-2026 14:00:00,21.613267,73.010555,NH3,4,4,4
India,Gujarat,Gandhinagar,"IIPHG Lekawada, Gandhinagar - IITM",09-08-2026 14:00:00,23.243639,72.68994,NO2,4,26,10
India,Gujarat,Gandhinagar,"GIFT City, Gandhinagar - IITM",09-08-2026 14:00:00,23.163798,72.677768,NH3,2,3,2
India,Gujarat,Ahmedabad,"SAC ISRO Satellite, Ahmedabad - IITM",09-08-2026 14:00:00,23.023389,72.515201,PM2.5,45,139,87
India,Gujarat,Ahmedabad,"SAC ISRO Satellite, Ahmedabad - IITM",09-08-2026 14:00:00,23.023389,72.515201,PM10,59,128,99
India,Gujarat,Ankleshwar,"GIDC, Ankleshwar - GPCB",09-08-2026 14:00:00,21.613267,73.010555,NH3,4,4,4
India,Maharashtra,Mumbai,"Bandra Kurla Complex, Mumbai - IITM",09-08-2026 14:00:00,19.053536,72.84643,PM10,68,90,79
India,Maharashtra,Mumbai,"Bandra Kurla Complex, Mumbai - IITM",09-08-2026 14:00:00,19.053536,72.84643,NH3,1,3,2
India,Maharashtra,Mumbai,"Bandra Kurla Complex, Mumbai - IITM",09-08-2026 14:00:00,19.053536,72.84643,OZONE,13,21,18
India,Maharashtra,Mumbai,"Bandra Kurla Complex, Mumbai - MPCB",09-08-2026 14:00:00,19.065931,72.862131,NO2,7,9,8
India,Maharashtra,Mumbai,"Bandra Kurla Complex, Mumbai - MPCB",09-08-2026 14:00:00,19.065931,72.862131,CO,14,17,15
India,Maharashtra,Mumbai,"Chhatrapati Shivaji Intl. Airport (T2), Mumbai - MPCB",09-08-2026 14:00:00,19.10078,72.87462,NH3,0,0,0
India,Maharashtra,Mumbai,"Navy Nagar-Colaba, Mumbai - IITM",09-08-2026 14:00:00,18.897756,72.81332,PM2.5,25,47,36
India,Maharashtra,Mumbai,"Navy Nagar-Colaba, Mumbai - IITM",09-08-2026 14:00:00,18.897756,72.81332,NH3,3,4,3
India,Maharashtra,Mumbai,"Mulund West, Mumbai - MPCB",09-08-2026 14:00:00,19.175,72.9419,PM2.5,2,30,15
India,Maharashtra,Mumbai,"Mulund West, Mumbai - MPCB",09-08-2026 14:00:00,19.175,72.9419,PM10,NA,NA,NA
India,Maharashtra,Mumbai,"Mulund West, Mumbai - MPCB",09-08-2026 14:00:00,19.175,72.9419,CO,10,10,10
India,Maharashtra,Mumbai,"Sewri, Mumbai - BMC",09-08-2026 14:00:00,19.000084,72.85673,CO,18,19,19
India,Maharashtra,Mumbai,"Sion, Mumbai - MPCB",09-08-2026 14:00:00,19.047,72.8746,OZONE,NA,NA,NA
India,Maharashtra,Mumbai,"Deonar, Mumbai - IITM",09-08-2026 14:00:00,19.04946,72.923,NH3,6,7,7
India,Maharashtra,Mumbai,"Kurla, Mumbai - MPCB",09-08-2026 14:00:00,19.0863,72.8888,OZONE,28,29,28
India,Maharashtra,Nagpur,"Ram Nagar, Nagpur - MPCB",09-08-2026 14:00:00,21.143383,79.048912,PM2.5,7,43,22
India,Maharashtra,Nagpur,"Ram Nagar, Nagpur - MPCB",09-08-2026 14:00:00,21.143383,79.048912,PM10,30,81,59
India,Maharashtra,Nagpur,"Ram Nagar, Nagpur - MPCB",09-08-2026 14:00:00,21.143383,79.048912,NO2,4,11,6
India,Madhya Pradesh,Katni,"Gole Bazar, Katni - MPPCB",09-08-2026 14:00:00,23.50016,80.23284,PM2.5,NA,NA,NA
India,Madhya Pradesh,Katni,"Gole Bazar, Katni - MPPCB",09-08-2026 14:00:00,23.50016,80.23284,NO2,NA,NA,NA
India,Madhya Pradesh,Katni,"Gole Bazar, Katni - MPPCB",09-08-2026 14:00:00,23.50016,80.23284,CO,37,41,39
India,Madhya Pradesh,Mandideep,"Sector-D Industrial Area, Mandideep - MPPCB",09-08-2026 14:00:00,23.10844,77.511428,PM10,47,117,87
India,Madhya Pradesh,Ratlam,"Shasthri Nagar, Ratlam - IPCA Lab",09-08-2026 14:00:00,23.331731,75.045981,NO2,35,37,36
India,Madhya Pradesh,Sagar,"Civil Lines, Sagar - MPPCB",09-08-2026 14:00:00,23.838586,78.759431,PM2.5,6,35,18
India,Madhya Pradesh,Sagar,"Civil Lines, Sagar - MPPCB",09-08-2026 14:00:00,23.838586,78.759431,CO,13,19,16
India,Madhya Pradesh,Sagar,"Civil Lines, Sagar - MPPCB",09-08-2026 14:00:00,23.838586,78.759431,OZONE,34,45,39
India,Madhya Pradesh,Satna,"Bandhavgar Colony, Satna - Birla Cement",09-08-2026 14:00:00,24.58434363,80.8549414,NO2,12,13,13
India,Madhya Pradesh,Singrauli,"Suryakiran Bhawan NCL, Singrauli - MPPCB",09-08-2026 14:00:00,24.10897,82.64558,PM10,24,121,60
India,Madhya Pradesh,Ujjain,"Mahashweta Nagar, Ujjain - MPPCB",09-08-2026 14:00:00,23.1633321,75.800225,PM10,50,97,72
India,Maharashtra,Ahmednagar,"Tarakpur, Ahmednagar - MPCB",09-08-2026 14:00:00,19.10122,74.73339,SO2,5,17,11
India,Maharashtra,Kolhapur,"Shivaji University, Kolhapur - MPCB",09-08-2026 14:00:00,16.6870449,74.2505872,NH3,3,4,3
India,Maharashtra,Kolhapur,"Shivaji University, Kolhapur - MPCB",09-08-2026 14:00:00,16.6870449,74.2505872,CO,10,15,13
India,Maharashtra,Kolhapur,"Sinchan Bhavan, Kolhapur - MPCB",09-08-2026 14:00:00,16.7143745,74.2426398,PM2.5,6,24,15
India,Maharashtra,Latur,"Sawe Wadi, Latur - MPCB",09-08-2026 14:00:00,18.39963,76.57452,SO2,0,5,4
India,Maharashtra,Mahad,"Kamble Tarf Birwadi, Mahad - MPCB",09-08-2026 14:00:00,18.1023399,73.4783687,PM10,33,95,56
India,Maharashtra,Mahad,"Kamble Tarf Birwadi, Mahad - MPCB",09-08-2026 14:00:00,18.1023399,73.4783687,OZONE,9,22,13
India,Maharashtra,Malegaon,"Mahesh Nagar, Malegaon - MPCB",09-08-2026 14:00:00,20.555712,74.529236,NH3,NA,NA,NA
India,Maharashtra,Ahmednagar,"Tarakpur, Ahmednagar - MPCB",09-08-2026 14:00:00,19.10122,74.73339,SO2,5,17,11
India,Maharashtra,Akola,"Ramdaspeth, Akola - MPCB",09-08-2026 14:00:00,20.719516,77.000253,NH3,6,10,8
India,Maharashtra,Akola,"Ramdaspeth, Akola - MPCB",09-08-2026 14:00:00,20.719516,77.000253,CO,16,19,17
India,Maharashtra,Chandrapur,"MIDC Khutala, Chandrapur - MPCB",09-08-2026 14:00:00,19.9775302,79.2337086,CO,39,42,40
India,Maharashtra,Chandrapur,"Chauhan Colony, Chandrapur - MPCB",09-08-2026 14:00:00,19.9629,79.298714,NO2,12,15,13
India,Maharashtra,Chandrapur,"Chauhan Colony, Chandrapur - MPCB",09-08-2026 14:00:00,19.9629,79.298714,SO2,10,13,11
India,Maharashtra,Dhule,"Deopur, Dhule - MPCB",09-08-2026 14:00:00,20.918946,74.776388,OZONE,5,11,7
India,Maharashtra,Dombivli,"Kalu Nagar, Dombivli - MPCB",09-08-2026 14:00:00,19.2268427,73.0788456,PM2.5,3,13,8
India,Maharashtra,Dombivli,"Kalu Nagar, Dombivli - MPCB",09-08-2026 14:00:00,19.2268427,73.0788456,SO2,25,52,28
India,Maharashtra,Dombivli,"Kalu Nagar, Dombivli - MPCB",09-08-2026 14:00:00,19.2268427,73.0788456,OZONE,30,38,34
India,Maharashtra,Jalna,"Old MIDC, Jalna - MPCB",09-08-2026 14:00:00,19.854616,75.905894,PM2.5,24,71,42
India,Maharashtra,Kalyan,"Pimpleshwar Mandir, Kalyan - MPCB",09-08-2026 14:00:00,19.192056,72.9585188,NO2,2,10,6
India,Maharashtra,Kalyan,"Pimpleshwar Mandir, Kalyan - MPCB",09-08-2026 14:00:00,19.192056,72.9585188,CO,40,40,40
India,Maharashtra,Kalyan,"Khadakpada, Kalyan - MPCB",09-08-2026 14:00:00,19.25292,73.142019,PM10,NA,NA,NA
India,Maharashtra,Kolhapur,"Shivaji University, Kolhapur - MPCB",09-08-2026 14:00:00,16.6870449,74.2505872,NH3,3,4,3
India,Maharashtra,Kolhapur,"Shivaji University, Kolhapur - MPCB",09-08-2026 14:00:00,16.6870449,74.2505872,CO,10,15,13
India,Maharashtra,Kolhapur,"Sinchan Bhavan, Kolhapur - MPCB",09-08-2026 14:00:00,16.7143745,74.2426398,PM2.5,6,24,15
India,Kerala,Eloor,"Udyogamandal, Eloor - Kerala PCB",09-08-2026 14:00:00,10.073232,76.302765,SO2,NA,NA,NA
India,Kerala,Kannur,"Thavakkara, Kannur - Kerala PCB",09-08-2026 14:00:00,11.875,75.3732,PM10,44,52,47
India,Kerala,Kannur,"Thavakkara, Kannur - Kerala PCB",09-08-2026 14:00:00,11.875,75.3732,NO2,11,12,12
India,Kerala,Thiruvananthapuram,"Plammoodu, Thiruvananthapuram - Kerala PCB",09-08-2026 14:00:00,8.5149093,76.9435879,SO2,11,23,16
India,Kerala,Thrissur,"Corporation Ground, Thrissur - Kerala PCB",09-08-2026 14:00:00,10.5324,76.2159,PM2.5,35,46,40
India,Kerala,Thrissur,"Corporation Ground, Thrissur - Kerala PCB",09-08-2026 14:00:00,10.5324,76.2159,SO2,0,0,0
India,Madhya Pradesh,Bhopal,"T T Nagar, Bhopal - MPPCB",09-08-2026 14:00:00,23.233584,77.400574,SO2,20,24,23
India,Madhya Pradesh,Bhopal,"Idgah Hills, Bhopal - MPPCB",09-08-2026 14:00:00,23.264759,77.381568,PM2.5,30,50,42
India,Madhya Pradesh,Bhopal,"Idgah Hills, Bhopal - MPPCB",09-08-2026 14:00:00,23.264759,77.381568,NO2,9,36,18
India,Madhya Pradesh,Bhopal,"Paryavaran Parisar, Bhopal - MPPCB",09-08-2026 14:00:00,23.210494,77.425409,PM2.5,33,57,45
India,Madhya Pradesh,Gwalior,"Deen Dayal Nagar, Gwalior - MPPCB",09-08-2026 14:00:00,26.259242,78.216432,PM10,27,130,63
India,Madhya Pradesh,Gwalior,"Deen Dayal Nagar, Gwalior - MPPCB",09-08-2026 14:00:00,26.259242,78.216432,CO,59,69,65
India,Maharashtra,Chandrapur,"MIDC Khutala, Chandrapur - MPCB",09-08-2026 14:00:00,19.9775302,79.2337086,PM10,28,90,54
India,Maharashtra,Nanded,"Sneh Nagar, Nanded - MPCB",09-08-2026 14:00:00,19.173852,77.296291,CO,19,28,23
India,Maharashtra,Nashik,"Pandav Nagari, Nashik - MPCB",09-08-2026 14:00:00,19.9591346,73.7788008,NO2,3,6,4
India,Maharashtra,Nashik,"Pandav Nagari, Nashik - MPCB",09-08-2026 14:00:00,19.9591346,73.7788008,CO,14,17,15
India,Maharashtra,Nashik,"Gangapur Road, Nashik - MPCB",09-08-2026 14:00:00,20.0073285,73.7762427,SO2,5,12,7
India,Maharashtra,Navi Mumbai,"Sanpada, Navi Mumbai - MPCB",09-08-2026 14:00:00,19.0575752,73.0151367,NH3,13,13,13
India,Maharashtra,Navi Mumbai,"Sanpada, Navi Mumbai - MPCB",09-08-2026 14:00:00,19.0575752,73.0151367,SO2,4,5,4
India,Maharashtra,Navi Mumbai,"Sector-2E Kalamboli, Navi Mumbai - MPCB",09-08-2026 14:00:00,19.02579,73.10297,PM2.5,16,35,25
India,Maharashtra,Navi Mumbai,"Nerul, Navi Mumbai - MPCB",09-08-2026 14:00:00,19.008751,73.01662,NO2,6,7,6
India,Maharashtra,Navi Mumbai,"Kopripada-Vashi, Navi Mumbai - MPCB",09-08-2026 14:00:00,19.090337,73.014232,PM2.5,10,39,21
India,Maharashtra,Navi Mumbai,"Kopripada-Vashi, Navi Mumbai - MPCB",09-08-2026 14:00:00,19.090337,73.014232,NO2,6,14,9
India,Maharashtra,Kalyan,"Khadakpada, Kalyan - MPCB",09-08-2026 14:00:00,19.25292,73.142019,PM10,NA,NA,NA
India,Maharashtra,Akola,"Ramdaspeth, Akola - MPCB",09-08-2026 14:00:00,20.719516,77.000253,NH3,6,10,8
India,Maharashtra,Akola,"Ramdaspeth, Akola - MPCB",09-08-2026 14:00:00,20.719516,77.000253,CO,16,19,17
India,Maharashtra,Amravati,"Shivneri Colony, Amravati - MPCB",09-08-2026 14:00:00,20.9402359,77.7895248,PM2.5,24,61,41
India,Maharashtra,Amravati,"Shivneri Colony, Amravati - MPCB",09-08-2026 14:00:00,20.9402359,77.7895248,NO2,4,17,8
India,Maharashtra,Amravati,"Shivneri Colony, Amravati - MPCB",09-08-2026 14:00:00,20.9402359,77.7895248,NH3,2,2,2
India,Maharashtra,Aurangabad,"MIDC Chilkalthana, Aurangabad - MPCB",09-08-2026 14:00:00,19.87562,75.38731,PM2.5,22,29,25
India,Maharashtra,Aurangabad,"MIDC Chilkalthana, Aurangabad - MPCB",09-08-2026 14:00:00,19.87562,75.38731,SO2,3,10,7
India,Maharashtra,Aurangabad,"MIDC Chilkalthana, Aurangabad - MPCB",09-08-2026 14:00:00,19.87562,75.38731,CO,22,27,25
India,Maharashtra,Aurangabad,"Rachnakar Colony, Aurangabad - MPCB",09-08-2026 14:00:00,19.863756,75.321188,CO,20,21,20
India,Maharashtra,Mumbai,"Malad West, Mumbai - IITM",09-08-2026 14:00:00,19.19709,72.82204,NH3,2,4,3
India,Maharashtra,Mumbai,"Malad West, Mumbai - IITM",09-08-2026 14:00:00,19.19709,72.82204,CO,24,34,29
India,Maharashtra,Mumbai,"Shivaji Nagar, Mumbai - BMC",09-08-2026 14:00:00,19.060498,72.923356,NO2,NA,NA,NA
India,Maharashtra,Mumbai,"Shivaji Nagar, Mumbai - BMC",09-08-2026 14:00:00,19.060498,72.923356,CO,NA,NA,NA
India,Maharashtra,Mumbai,"Shivaji Nagar, Mumbai - BMC",09-08-2026 14:00:00,19.060498,72.923356,OZONE,NA,NA,NA
India,Maharashtra,Mumbai,"Chembur, Mumbai - MPCB",09-08-2026 14:00:00,19.0364585,72.8954371,PM10,34,56,47
India,Maharashtra,Mumbai,"Mulund West, Mumbai - MPCB",09-08-2026 14:00:00,19.175,72.9419,PM2.5,2,30,15
India,Maharashtra,Mumbai,"Mulund West, Mumbai - MPCB",09-08-2026 14:00:00,19.175,72.9419,PM10,NA,NA,NA
India,Maharashtra,Mumbai,"Mulund West, Mumbai - MPCB",09-08-2026 14:00:00,19.175,72.9419,CO,10,10,10
India,Maharashtra,Mumbai,"Sewri, Mumbai - BMC",09-08-2026 14:00:00,19.000084,72.85673,CO,18,19,19
India,Maharashtra,Mumbai,"Sion, Mumbai - MPCB",09-08-2026 14:00:00,19.047,72.8746,OZONE,NA,NA,NA
India,Maharashtra,Mumbai,"Deonar, Mumbai - IITM",09-08-2026 14:00:00,19.04946,72.923,NH3,6,7,7
India,Maharashtra,Mumbai,"Kurla, Mumbai - MPCB",09-08-2026 14:00:00,19.0863,72.8888,OZONE,28,29,28
India,Maharashtra,Nagpur,"Ram Nagar, Nagpur - MPCB",09-08-2026 14:00:00,21.143383,79.048912,PM2.5,7,43,22
India,Maharashtra,Nagpur,"Ram Nagar, Nagpur - MPCB",09-08-2026 14:00:00,21.143383,79.048912,PM10,30,81,59
India,Maharashtra,Nagpur,"Ram Nagar, Nagpur - MPCB",09-08-2026 14:00:00,21.143383,79.048912,NO2,4,11,6
India,Maharashtra,Nagpur,"Ambazari, Nagpur - MPCB",09-08-2026 14:00:00,21.121801,79.04952,OZONE,10,17,14
India,Maharashtra,Nagpur,"Mahal, Nagpur - MPCB",09-08-2026 14:00:00,21.14472,79.107595,PM10,NA,NA,NA
India,Maharashtra,Nanded,"Sneh Nagar, Nanded - MPCB",09-08-2026 14:00:00,19.173852,77.296291,NO2,9,30,12
India,Maharashtra,Amravati,"Shivneri Colony, Amravati - MPCB",09-08-2026 14:00:00,20.9402359,77.7895248,PM2.5,24,61,41
India,Madhya Pradesh,Indore,"Residency Area, Indore - IMC",09-08-2026 14:00:00,22.7084,75.8815,NO2,NA,NA,NA
India,Madhya Pradesh,Jabalpur,"Marhatal, Jabalpur - MPPCB",09-08-2026 14:00:00,23.168606,79.932247,OZONE,22,29,25
India,Madhya Pradesh,Jabalpur,"Govindh Bhavan Colony, Jabalpur - JMC",09-08-2026 14:00:00,23.163174,79.973061,NH3,9,10,10
India,Madhya Pradesh,Jabalpur,"Gupteshwar, Jabalpur - JMC",09-08-2026 14:00:00,23.142888,79.916147,NO2,NA,NA,NA
India,Rajasthan,Jaipur,"Adarsh Nagar, Jaipur - RSPCB",09-08-2026 14:00:00,26.902909,75.836858,PM2.5,23,78,46
India,Rajasthan,Jaipur,"Adarsh Nagar, Jaipur - RSPCB",09-08-2026 14:00:00,26.902909,75.836858,NH3,8,10,9
India,Rajasthan,Jaisalmer,"Sadar Bazar, Jaisalmer - RSPCB",09-08-2026 14:00:00,26.912329,70.909168,NO2,1,14,5
India,Rajasthan,Jaisalmer,"Sadar Bazar, Jaisalmer - RSPCB",09-08-2026 14:00:00,26.912329,70.909168,CO,11,15,13
India,Rajasthan,Jaisalmer,"Sadar Bazar, Jaisalmer - RSPCB",09-08-2026 14:00:00,26.912329,70.909168,OZONE,7,28,16
India,Rajasthan,Jalore,"Mudtra Sili, Jalore - RSPCB",09-08-2026 14:00:00,25.344694,72.626208,NH3,2,4,3
India,Madhya Pradesh,Gwalior,"Deen Dayal Nagar, Gwalior - MPPCB",09-08-2026 14:00:00,26.259242,78.216432,CO,59,69,65
India,Madhya Pradesh,Gwalior,"Maharaj Bada, Gwalior - MPPCB",09-08-2026 14:00:00,26.200388,78.147714,SO2,1,51,26
India,Madhya Pradesh,Gwalior,"Maharaj Bada, Gwalior - MPPCB",09-08-2026 14:00:00,26.200388,78.147714,CO,35,71,59
India,Madhya Pradesh,Indore,"Airport Area, Indore - IMC",09-08-2026 14:00:00,22.7289,75.8076,PM10,29,73,57
India,Madhya Pradesh,Indore,"Maguda Nagar, Indore - IMC",09-08-2026 14:00:00,22.7524,75.8872,NO2,2,3,3
India,Madhya Pradesh,Indore,"Maguda Nagar, Indore - IMC",09-08-2026 14:00:00,22.7524,75.8872,OZONE,11,12,11
India,Madhya Pradesh,Indore,"Residency Area, Indore - IMC",09-08-2026 14:00:00,22.7084,75.8815,NO2,NA,NA,NA
India,Madhya Pradesh,Jabalpur,"Marhatal, Jabalpur - MPPCB",09-08-2026 14:00:00,23.168606,79.932247,OZONE,22,29,25
India,Madhya Pradesh,Jabalpur,"Govindh Bhavan Colony, Jabalpur - JMC",09-08-2026 14:00:00,23.163174,79.973061,NH3,9,10,10
India,Madhya Pradesh,Jabalpur,"Gupteshwar, Jabalpur - JMC",09-08-2026 14:00:00,23.142888,79.916147,NO2,NA,NA,NA
India,Rajasthan,Jodhpur,"Collectorate, Jodhpur - RSPCB",09-08-2026 14:00:00,26.268249,73.0193853,CO,6,21,13
India,Rajasthan,Jodhpur,"Jhalamand, Jodhpur - RSPCB",09-08-2026 14:00:00,26.215415,73.070156,PM2.5,22,50,34
India,Rajasthan,Jodhpur,"Jhalamand, Jodhpur - RSPCB",09-08-2026 14:00:00,26.215415,73.070156,OZONE,3,8,5
India,Rajasthan,Karauli,"Satyawati Vihar, Karauli - RSPCB",09-08-2026 14:00:00,26.506177,77.025989,PM10,4,21,13
India,Rajasthan,Khairthal,"New Anaj Mandi, Khairthal - RSPCB",09-08-2026 14:00:00,27.8015617,76.6365217,PM2.5,2,24,10
India,Odisha,Bhubaneswar,"Lingraj Mandir, Bhubaneswar - OSPCB",09-08-2026 14:00:00,20.24079,85.836784,NO2,7,23,12
India,Odisha,Bhubaneswar,"Lingraj Mandir, Bhubaneswar - OSPCB",09-08-2026 14:00:00,20.24079,85.836784,NH3,2,8,4
India,Odisha,Bhubaneswar,"Patia, Bhubaneswar - OSPCB",09-08-2026 14:00:00,20.34652,85.8163,SO2,4,8,6
India,Odisha,Brajrajnagar,"GM Office, Brajrajnagar - OSPCB",09-08-2026 14:00:00,21.8004996,83.8396977,NO2,29,37,33
India,Odisha,Brajrajnagar,"GM Office, Brajrajnagar - OSPCB",09-08-2026 14:00:00,21.8004996,83.8396977,NH3,4,4,4
India,Rajasthan,Jodhpur,"Mandor, Jodhpur - RSPCB",09-08-2026 14:00:00,26.358805,73.047444,PM10,54,120,76
India,Rajasthan,Jodhpur,"Mandor, Jodhpur - RSPCB",09-08-2026 14:00:00,26.358805,73.047444,NH3,3,4,3
India,Rajasthan,Jodhpur,"Mandor, Jodhpur - RSPCB",09-08-2026 14:00:00,26.358805,73.047444,CO,6,11,9
India,Rajasthan,Jodhpur,"Digari Kalan, Jodhpur - RSPCB",09-08-2026 14:00:00,26.29581,73.082283,NO2,10,26,14
India,Rajasthan,Jodhpur,"Digari Kalan, Jodhpur - RSPCB",09-08-2026 14:00:00,26.29581,73.082283,SO2,0,5,1
India,Rajasthan,Jodhpur,"Samrat Ashok Udhyan, Jodhpur - RSPCB",09-08-2026 14:00:00,26.253384,72.976571,PM2.5,18,48,32
India,Rajasthan,Jodhpur,"Collectorate, Jodhpur - RSPCB",09-08-2026 14:00:00,26.268249,73.0193853,CO,6,21,13
India,Rajasthan,Jodhpur,"Jhalamand, Jodhpur - RSPCB",09-08-2026 14:00:00,26.215415,73.070156,PM2.5,22,50,34
India,Rajasthan,Jodhpur,"Jhalamand, Jodhpur - RSPCB",09-08-2026 14:00:00,26.215415,73.070156,OZONE,3,8,5
India,Rajasthan,Karauli,"Satyawati Vihar, Karauli - RSPCB",09-08-2026 14:00:00,26.506177,77.025989,PM10,4,21,13
India,Rajasthan,Khairthal,"New Anaj Mandi, Khairthal - RSPCB",09-08-2026 14:00:00,27.8015617,76.6365217,PM2.5,2,24,10
India,Rajasthan,Khairthal,"New Anaj Mandi, Khairthal - RSPCB",09-08-2026 14:00:00,27.8015617,76.6365217,CO,24,35,30
India,Rajasthan,Khairthal,"New Anaj Mandi, Khairthal - RSPCB",09-08-2026 14:00:00,27.8015617,76.6365217,OZONE,9,22,16
India,Rajasthan,Kota,"Dhanmandi, Kota - RSPCB",09-08-2026 14:00:00,25.16409,75.858137,SO2,6,14,9
India,Rajasthan,Kota,"Nayapura, Kota - RSPCB",09-08-2026 14:00:00,25.196024,75.855668,PM10,37,103,84
India,Rajasthan,Kota,"Nayapura, Kota - RSPCB",09-08-2026 14:00:00,25.196024,75.855668,CO,16,21,19
India,Rajasthan,Nagaur,"Karni Colony, Nagaur - RSPCB",09-08-2026 14:00:00,27.213494,73.734444,PM10,29,109,65
India,Rajasthan,Nagaur,"Karni Colony, Nagaur - RSPCB",09-08-2026 14:00:00,27.213494,73.734444,NH3,2,15,4
India,Rajasthan,Nagaur,"Karni Colony, Nagaur - RSPCB",09-08-2026 14:00:00,27.213494,73.734444,CO,12,16,14
India,Rajasthan,Pali,"Indira Colony Vistar, Pali - RSPCB",09-08-2026 14:00:00,25.771061,73.340227,NO2,14,27,19
India,Rajasthan,Pali,"Indira Colony Vistar, Pali - RSPCB",09-08-2026 14:00:00,25.771061,73.340227,SO2,10,14,12
India,Rajasthan,Pratapgarh,"Pragati Nagar, Pratapgarh - RSPCB",09-08-2026 14:00:00,24.041198,74.780702,CO,7,11,9
India,Rajasthan,Rajsamand,"Dhoinda, Rajsamand - RSPCB",09-08-2026 14:00:00,25.03636,73.883502,PM10,57,107,90
India,Rajasthan,Rajsamand,"Dhoinda, Rajsamand - RSPCB",09-08-2026 14:00:00,25.03636,73.883502,NH3,8,14,10
India,Rajasthan,Rajsamand,"Dhoinda, Rajsamand - RSPCB",09-08-2026 14:00:00,25.03636,73.883502,OZONE,36,44,40
India,Rajasthan,Sawai Madhopur,"Sahu Nagar, Sawai Madhopur - RSPCB",09-08-2026 14:00:00,26.031443,76.359327,NO2,8,30,17
India,Rajasthan,Sawai Madhopur,"Sahu Nagar, Sawai Madhopur - RSPCB",09-08-2026 14:00:00,26.031443,76.359327,SO2,4,10,6
India,Rajasthan,Sawai Madhopur,"Sahu Nagar, Sawai Madhopur - RSPCB",09-08-2026 14:00:00,26.031443,76.359327,OZONE,29,53,37
India,Rajasthan,Sikar,"Radhakishan Pura, Sikar - RSPCB",09-08-2026 14:00:00,27.608912,75.153302,NO2,5,14,9
India,Rajasthan,Sirohi,"Vedhaynath Colony, Sirohi - RSPCB",09-08-2026 14:00:00,24.885261,72.857549,PM2.5,23,48,35
India,Maharashtra,Thane,"Kasarvadavali, Thane - MPCB",09-08-2026 14:00:00,19.26777,72.97182,CO,21,29,25
India,Maharashtra,Ulhasnagar,"Sidhi Vinayak Nagar, Ulhasnagar - MPCB",09-08-2026 14:00:00,19.235581,73.159121,PM10,42,83,57
India,Maharashtra,Ulhasnagar,"Sidhi Vinayak Nagar, Ulhasnagar - MPCB",09-08-2026 14:00:00,19.235581,73.159121,NH3,0,0,0
India,Maharashtra,Nagpur,"Ambazari, Nagpur - MPCB",09-08-2026 14:00:00,21.121801,79.04952,OZONE,10,17,14
India,Maharashtra,Nagpur,"Mahal, Nagpur - MPCB",09-08-2026 14:00:00,21.14472,79.107595,PM10,NA,NA,NA
India,Maharashtra,Nanded,"Sneh Nagar, Nanded - MPCB",09-08-2026 14:00:00,19.173852,77.296291,NO2,9,30,12
India,Maharashtra,Nanded,"Sneh Nagar, Nanded - MPCB",09-08-2026 14:00:00,19.173852,77.296291,CO,19,28,23
India,Maharashtra,Nashik,"Pandav Nagari, Nashik - MPCB",09-08-2026 14:00:00,19.9591346,73.7788008,NO2,3,6,4
India,Maharashtra,Nashik,"Pandav Nagari, Nashik - MPCB",09-08-2026 14:00:00,19.9591346,73.7788008,CO,14,17,15
India,Maharashtra,Nashik,"Gangapur Road, Nashik - MPCB",09-08-2026 14:00:00,20.0073285,73.7762427,SO2,5,12,7
India,Maharashtra,Pune,"Revenue Colony-Shivajinagar, Pune - IITM",09-08-2026 14:00:00,18.530085,73.849598,NO2,10,19,15
India,Maharashtra,Pune,"Dhankawadi, Pune - IITM",09-08-2026 14:00:00,18.459883,73.852193,PM2.5,10,36,22
India,Maharashtra,Pune,"Dhankawadi, Pune - IITM",09-08-2026 14:00:00,18.459883,73.852193,NO2,11,19,15
India,Maharashtra,Pune,"Dhankawadi, Pune - IITM",09-08-2026 14:00:00,18.459883,73.852193,NH3,NA,NA,NA
India,Maharashtra,Pune,"Savitribai Phule Pune University, Pune - MPCB",09-08-2026 14:00:00,18.547056,73.826908,NH3,1,1,1
India,Maharashtra,Pune,"Savitribai Phule Pune University, Pune - MPCB",09-08-2026 14:00:00,18.547056,73.826908,OZONE,9,22,18
India,Maharashtra,Sangli,"Vijay Nagar, Sangli - MPCB",09-08-2026 14:00:00,16.5038,74.3623,NH3,1,2,2
India,Maharashtra,Sangli,"Vijay Nagar, Sangli - MPCB",09-08-2026 14:00:00,16.5038,74.3623,SO2,0,10,7
India,Maharashtra,Sangli,"Vijay Nagar, Sangli - MPCB",09-08-2026 14:00:00,16.5038,74.3623,CO,11,18,14
India,Maharashtra,Satara,"Koyana Nagar, Satara - MPCB",09-08-2026 14:00:00,17.696651,74.003387,OZONE,13,27,21
India,Odisha,Rourkela,"Raghunathpali, Rourkela - OSPCB",09-08-2026 14:00:00,22.220833,84.809444,NH3,1,2,2
India,Odisha,Rourkela,"Raghunathpali, Rourkela - OSPCB",09-08-2026 14:00:00,22.220833,84.809444,SO2,4,6,5
India,Odisha,Talcher,"Talcher Coalfields,Talcher - OSPCB",09-08-2026 14:00:00,20.9360711,85.1707021,NO2,63,87,80
India,Odisha,Talcher,"Talcher Coalfields,Talcher - OSPCB",09-08-2026 14:00:00,20.9360711,85.1707021,NH3,7,13,11
India,Odisha,Talcher,"Talcher Coalfields,Talcher - OSPCB",09-08-2026 14:00:00,20.9360711,85.1707021,CO,37,39,38
India,Odisha,Tensa,"Barsua Iron Ore Mines, Tensa - OSPCB",09-08-2026 14:00:00,21.869985,85.167016,NH3,NA,NA,NA
India,Puducherry,Puducherry,"Jawahar Nagar, Puducherry - PPCC",09-08-2026 14:00:00,11.9309,79.8027,PM2.5,12,65,24
India,Puducherry,Puducherry,"Jawahar Nagar, Puducherry - PPCC",09-08-2026 14:00:00,11.9309,79.8027,PM10,16,46,34
India,Punjab,Amritsar,"Golden Temple, Amritsar - PPCB",09-08-2026 14:00:00,31.62,74.876512,CO,28,35,32
India,Punjab,Bathinda,"Hardev Nagar, Bathinda - PPCB",09-08-2026 14:00:00,30.233011,74.907758,PM10,6,32,18
India,Rajasthan,Barmer,"Railway Colony, Barmer - RSPCB",09-08-2026 14:00:00,25.747299,71.393989,PM2.5,10,48,27
India,Rajasthan,Barmer,"Railway Colony, Barmer - RSPCB",09-08-2026 14:00:00,25.747299,71.393989,SO2,1,5,2
India,Rajasthan,Barmer,"Railway Colony, Barmer - RSPCB",09-08-2026 14:00:00,25.747299,71.393989,CO,8,18,12
India,Rajasthan,Bharatpur,"Krishna Nagar, Bharatpur - RSPCB",09-08-2026 14:00:00,27.215415,77.50873,PM2.5,5,41,25
India,Rajasthan,Bhilwara,"Pratap Nagar, Bhilwara - RSPCB",09-08-2026 14:00:00,25.339605,74.618883,PM10,43,135,93
India,Rajasthan,Bhilwara,"Pratap Nagar, Bhilwara - RSPCB",09-08-2026 14:00:00,25.339605,74.618883,CO,11,17,14
India,Rajasthan,Bhiwadi,"Vasundhara Nagar_UIT, Bhiwadi - RSPCB",09-08-2026 14:00:00,28.207266,76.829265,PM2.5,2,129,48
India,Rajasthan,Bhiwadi,"Vasundhara Nagar_UIT, Bhiwadi - RSPCB",09-08-2026 14:00:00,28.207266,76.829265,CO,20,34,27
India,Rajasthan,Chittorgarh,"Shastri Nagar, Chittorgarh - RSPCB",09-08-2026 14:00:00,24.892047,74.623527,NH3,7,14,10
India,Maharashtra,Navi Mumbai,"Kopripada-Vashi, Navi Mumbai - MPCB",09-08-2026 14:00:00,19.090337,73.014232,CO,15,24,19
India,Maharashtra,Navi Mumbai,"Mahape, Navi Mumbai - MPCB",09-08-2026 14:00:00,19.1135051,73.008978,SO2,15,16,16
India,Maharashtra,Pimpri-Chinchwad,"Transport Nagar-Nigdi, Pune - IITM",09-08-2026 14:00:00,18.664282,73.763966,PM2.5,14,38,22
India,Maharashtra,Pimpri-Chinchwad,"Park Street Wakad, Pimpri Chinchwad - MPCB",09-08-2026 14:00:00,18.59051,73.77946,CO,11,26,15
India,Maharashtra,Pimpri-Chinchwad,"Thergaon, Pimpri Chinchwad - MPCB",09-08-2026 14:00:00,18.616318,73.765797,CO,13,29,18
India,Maharashtra,Pimpri-Chinchwad,"Savta Mali Nagar, Pimpri-Chinchwad - IITM",09-08-2026 14:00:00,18.614767,73.799516,NO2,11,31,19
India,Maharashtra,Pimpri-Chinchwad,"Gavalinagar, Pimpri Chinchwad - MPCB",09-08-2026 14:00:00,18.63673,73.82487,PM10,36,60,45
India,Maharashtra,Pimpri-Chinchwad,"Gavalinagar, Pimpri Chinchwad - MPCB",09-08-2026 14:00:00,18.63673,73.82487,NO2,6,17,11
India,Maharashtra,Pimpri-Chinchwad,"Gavalinagar, Pimpri Chinchwad - MPCB",09-08-2026 14:00:00,18.63673,73.82487,NH3,1,3,1
India,Maharashtra,Pimpri-Chinchwad,"Gavalinagar, Pimpri Chinchwad - MPCB",09-08-2026 14:00:00,18.63673,73.82487,SO2,1,1,1
India,Rajasthan,Churu,"Subash Chowk, Churu - RSPCB",09-08-2026 14:00:00,28.296139,74.961696,NO2,3,8,5
India,Tamil Nadu,Cuddalore,"Semmandalam, Cuddalore - TNPCB",09-08-2026 14:00:00,11.7637683,79.7499835,OZONE,0,2,1
India,Odisha,Angul,"Hakimapada, Angul - OSPCB",09-08-2026 14:00:00,20.832874,85.104082,SO2,7,11,9
India,Odisha,Barbil,"Forest Office, Barbil - OSPCB",09-08-2026 14:00:00,22.1166054,85.3945546,PM2.5,13,68,39
India,Odisha,Bhubaneswar,"Lingraj Mandir, Bhubaneswar - OSPCB",09-08-2026 14:00:00,20.24079,85.836784,NO2,7,23,12
India,Odisha,Bhubaneswar,"Lingraj Mandir, Bhubaneswar - OSPCB",09-08-2026 14:00:00,20.24079,85.836784,NH3,2,8,4
India,Odisha,Bhubaneswar,"Patia, Bhubaneswar - OSPCB",09-08-2026 14:00:00,20.34652,85.8163,SO2,4,8,6
India,Odisha,Brajrajnagar,"GM Office, Brajrajnagar - OSPCB",09-08-2026 14:00:00,21.8004996,83.8396977,NO2,29,37,33
India,Odisha,Brajrajnagar,"GM Office, Brajrajnagar - OSPCB",09-08-2026 14:00:00,21.8004996,83.8396977,NH3,4,4,4
India,Odisha,Brajrajnagar,"GM Office, Brajrajnagar - OSPCB",09-08-2026 14:00:00,21.8004996,83.8396977,OZONE,42,43,42
India,Odisha,Byasanagar,"Ferro Chrome Colony, Byasanagar - OSPCB",09-08-2026 14:00:00,20.94185,86.1151,OZONE,18,47,35
India,Odisha,Rairangpur,"Divisional Forest Office, Rairangpur - OSPCB",09-08-2026 14:00:00,22.265816,86.174829,PM2.5,13,13,13
India,Odisha,Rairangpur,"Divisional Forest Office, Rairangpur - OSPCB",09-08-2026 14:00:00,22.265816,86.174829,NH3,3,3,3
India,Odisha,Rourkela,"Sector-2, Rourkela - OSPCB",09-08-2026 14:00:00,22.245,84.88111111,PM10,47,47,47
India,Odisha,Rourkela,"Sector-2, Rourkela - OSPCB",09-08-2026 14:00:00,22.245,84.88111111,NO2,11,11,11
India,Odisha,Rourkela,"Fertilizer Township, Rourkela - OSPCB",09-08-2026 14:00:00,22.18972222,84.86277778,PM10,41,64,48
India,Punjab,Rupnagar,"Ratanpura, Rupnagar - Ambuja Cements",09-08-2026 14:00:00,31.0325454,76.5623046,NO2,9,46,26
India,Punjab,Rupnagar,"Ratanpura, Rupnagar - Ambuja Cements",09-08-2026 14:00:00,31.0325454,76.5623046,NH3,NA,NA,NA
India,Rajasthan,Ajmer,"Civil Lines,  Ajmer - RSPCB",09-08-2026 14:00:00,26.470859,74.646594,PM10,NA,NA,NA
India,Rajasthan,Ajmer,"Civil Lines,  Ajmer - RSPCB",09-08-2026 14:00:00,26.470859,74.646594,NH3,NA,NA,NA
India,Rajasthan,Alwar,"Moti Doongri, Alwar - RSPCB",09-08-2026 14:00:00,27.554793,76.611536,SO2,31,43,38
India,Rajasthan,Nagaur,"Karni Colony, Nagaur - RSPCB",09-08-2026 14:00:00,27.213494,73.734444,NH3,2,15,4
India,Rajasthan,Nagaur,"Karni Colony, Nagaur - RSPCB",09-08-2026 14:00:00,27.213494,73.734444,CO,12,16,14
India,Rajasthan,Pali,"Indira Colony Vistar, Pali - RSPCB",09-08-2026 14:00:00,25.771061,73.340227,NO2,14,27,19
India,Rajasthan,Pali,"Indira Colony Vistar, Pali - RSPCB",09-08-2026 14:00:00,25.771061,73.340227,SO2,10,14,12
India,Rajasthan,Pratapgarh,"Pragati Nagar, Pratapgarh - RSPCB",09-08-2026 14:00:00,24.041198,74.780702,CO,7,11,9
India,Rajasthan,Rajsamand,"Dhoinda, Rajsamand - RSPCB",09-08-2026 14:00:00,25.03636,73.883502,PM10,57,107,90
India,Rajasthan,Rajsamand,"Dhoinda, Rajsamand - RSPCB",09-08-2026 14:00:00,25.03636,73.883502,NH3,8,14,10
India,Rajasthan,Rajsamand,"Dhoinda, Rajsamand - RSPCB",09-08-2026 14:00:00,25.03636,73.883502,OZONE,36,44,40
India,Rajasthan,Sawai Madhopur,"Sahu Nagar, Sawai Madhopur - RSPCB",09-08-2026 14:00:00,26.031443,76.359327,NO2,8,30,17
India,Rajasthan,Sawai Madhopur,"Sahu Nagar, Sawai Madhopur - RSPCB",09-08-2026 14:00:00,26.031443,76.359327,SO2,4,10,6
India,Maharashtra,Thane,"Upvan Fort, Thane - MPCB",09-08-2026 14:00:00,19.222279,72.957979,SO2,0,6,2
India,Maharashtra,Thane,"Kasarvadavali, Thane - MPCB",09-08-2026 14:00:00,19.26777,72.97182,PM10,38,72,58
India,Maharashtra,Thane,"Kasarvadavali, Thane - MPCB",09-08-2026 14:00:00,19.26777,72.97182,NO2,7,63,13
India,Maharashtra,Thane,"Kasarvadavali, Thane - MPCB",09-08-2026 14:00:00,19.26777,72.97182,CO,21,29,25
India,Maharashtra,Ulhasnagar,"Sidhi Vinayak Nagar, Ulhasnagar - MPCB",09-08-2026 14:00:00,19.235581,73.159121,PM10,42,83,57
India,Maharashtra,Ulhasnagar,"Sidhi Vinayak Nagar, Ulhasnagar - MPCB",09-08-2026 14:00:00,19.235581,73.159121,NH3,0,0,0
India,Maharashtra,Ulhasnagar,"Vithalwadi, Ulhasnagar - MPCB",09-08-2026 14:00:00,19.2307571,73.155192,PM2.5,8,42,20
India,Maharashtra,Ulhasnagar,"Vithalwadi, Ulhasnagar - MPCB",09-08-2026 14:00:00,19.2307571,73.155192,SO2,5,10,7
India,Meghalaya,Byrnihat,"15th Mile-Nongthymmai, Byrnihat -Meghalaya PCB",09-08-2026 14:00:00,26.079047,91.875185,CO,NA,NA,NA
India,Meghalaya,Shillong,"Lumpyngngad, Shillong - Meghalaya PCB",09-08-2026 14:00:00,25.5586,91.8985,PM10,NA,NA,NA
India,Uttar Pradesh,Ghaziabad,"Loni, Ghaziabad - UPPCB",09-08-2026 14:00:00,28.757294,77.278792,NH3,2,6,3
India,Uttar Pradesh,Ghaziabad,"Loni, Ghaziabad - UPPCB",09-08-2026 14:00:00,28.757294,77.278792,SO2,1,9,6
India,Uttar Pradesh,Ghaziabad,"Wave City, Ghaziabad - UPPCB",09-08-2026 14:00:00,28.646675,77.489049,NH3,NA,NA,NA
India,Uttar Pradesh,Ghaziabad,"Wave City, Ghaziabad - UPPCB",09-08-2026 14:00:00,28.646675,77.489049,CO,NA,NA,NA
India,Uttar Pradesh,Ghaziabad,"Govindpuram, Ghaziabad - UPPCB",09-08-2026 14:00:00,28.694528,77.494705,NO2,7,12,10
India,Uttar Pradesh,Ghaziabad,"Govindpuram, Ghaziabad - UPPCB",09-08-2026 14:00:00,28.694528,77.494705,SO2,2,5,3
India,Uttar Pradesh,Greater Noida,"Knowledge Park - V, Greater Noida - UPPCB",09-08-2026 14:00:00,28.557054,77.453663,PM10,65,288,134
India,Uttar Pradesh,Greater Noida,"Knowledge Park - V, Greater Noida - UPPCB",09-08-2026 14:00:00,28.557054,77.453663,SO2,1,11,8
India,Uttar Pradesh,Greater Noida,"Knowledge Park - V, Greater Noida - UPPCB",09-08-2026 14:00:00,28.557054,77.453663,CO,3,14,9
India,Uttar Pradesh,Hapur,"Anand Vihar, Hapur - UPPCB",09-08-2026 14:00:00,28.725645,77.749675,PM2.5,28,80,49
India,Uttar Pradesh,Hapur,"Anand Vihar, Hapur - UPPCB",09-08-2026 14:00:00,28.725645,77.749675,PM10,22,75,48
India,Uttar Pradesh,Hapur,"Anand Vihar, Hapur - UPPCB",09-08-2026 14:00:00,28.725645,77.749675,NH3,7,9,8
India,Uttar Pradesh,Hapur,"Anand Vihar, Hapur - UPPCB",09-08-2026 14:00:00,28.725645,77.749675,CO,45,52,47
India,Uttar Pradesh,Jhansi,"Shivaji Nagar, Jhansi - UPPCB",09-08-2026 14:00:00,25.4547,78.6039,PM10,46,118,71
India,Uttar Pradesh,Jhansi,"Shivaji Nagar, Jhansi - UPPCB",09-08-2026 14:00:00,25.4547,78.6039,NO2,5,7,6
India,Uttar Pradesh,Kanpur,"FTI Kidwai Nagar, Kanpur - UPPCB",09-08-2026 14:00:00,26.428282,80.327067,PM2.5,41,303,78
India,Uttar Pradesh,Kanpur,"FTI Kidwai Nagar, Kanpur - UPPCB",09-08-2026 14:00:00,26.428282,80.327067,NO2,27,27,27
India,Uttar Pradesh,Kanpur,"Nehru Nagar, Kanpur - UPPCB",09-08-2026 14:00:00,26.4703136,80.3229863,SO2,11,12,12
India,Uttar Pradesh,Kanpur,"NSI Kalyanpur, Kanpur - UPPCB",09-08-2026 14:00:00,26.509954,80.249612,SO2,23,25,24
India,Uttar Pradesh,Noida,"Sector-116, Noida - UPPCB",09-08-2026 14:00:00,28.56923,77.393848,OZONE,20,86,60
India,Uttar Pradesh,Hapur,"Anand Vihar, Hapur - UPPCB",09-08-2026 14:00:00,28.725645,77.749675,CO,45,52,47
India,Uttar Pradesh,Jhansi,"Shivaji Nagar, Jhansi - UPPCB",09-08-2026 14:00:00,25.4547,78.6039,PM10,46,118,71
India,Uttar Pradesh,Jhansi,"Shivaji Nagar, Jhansi - UPPCB",09-08-2026 14:00:00,25.4547,78.6039,NO2,5,7,6
India,Uttar Pradesh,Kanpur,"FTI Kidwai Nagar, Kanpur - UPPCB",09-08-2026 14:00:00,26.428282,80.327067,PM2.5,41,303,78
India,Uttar Pradesh,Kanpur,"FTI Kidwai Nagar, Kanpur - UPPCB",09-08-2026 14:00:00,26.428282,80.327067,NO2,27,27,27
India,Uttar Pradesh,Kanpur,"Nehru Nagar, Kanpur - UPPCB",09-08-2026 14:00:00,26.4703136,80.3229863,SO2,11,12,12
India,Uttar Pradesh,Kanpur,"NSI Kalyanpur, Kanpur - UPPCB",09-08-2026 14:00:00,26.509954,80.249612,SO2,23,25,24
India,Uttar Pradesh,Kanpur,"NSI Kalyanpur, Kanpur - UPPCB",09-08-2026 14:00:00,26.509954,80.249612,OZONE,20,21,20
India,Uttar Pradesh,Khora,"Prashant Garden, Khora - UPPCB",09-08-2026 14:00:00,28.61119,77.34206,CO,11,28,21
India,Uttar Pradesh,Khurja,"Kalindi Kunj, Khurja - UPPCB",09-08-2026 14:00:00,28.2348927,77.8683002,OZONE,10,10,10
India,Uttar Pradesh,Raebareli," Indira Nagar, Raebareli - NTPC Unchahar",09-08-2026 14:00:00,26.207781,81.245571,SO2,NA,NA,NA
India,Uttar Pradesh,Shamli,"New Tehsil, Shamli - UPPCB",09-08-2026 14:00:00,29.4603683,77.3410291,NH3,1,3,2
India,Uttar Pradesh,Varanasi,"Maldahiya, Varanasi - UPPCB",09-08-2026 14:00:00,25.32393,82.99687,PM2.5,1,101,26
India,Uttar Pradesh,Varanasi,"Maldahiya, Varanasi - UPPCB",09-08-2026 14:00:00,25.32393,82.99687,SO2,30,30,30
India,Uttar Pradesh,Varanasi,"Maldahiya, Varanasi - UPPCB",09-08-2026 14:00:00,25.32393,82.99687,OZONE,4,5,4
India,Uttar Pradesh,Varanasi,"Ardhali Bazar, Varanasi - UPPCB",09-08-2026 14:00:00,25.3505986,82.9083074,NO2,38,43,41
India,Uttar Pradesh,Agra,"Sanjay Palace, Agra - UPPCB",09-08-2026 14:00:00,27.19865833,78.00598056,SO2,2,2,2
India,Uttar Pradesh,Agra,"Sector-3B Avas Vikas Colony, Agra - UPPCB",09-08-2026 14:00:00,27.19412,77.96237,NO2,35,35,35
India,Uttar Pradesh,Agra,"Sector-3B Avas Vikas Colony, Agra - UPPCB",09-08-2026 14:00:00,27.19412,77.96237,OZONE,12,14,13
India,Uttar Pradesh,Agra,"Rohta, Agra - UPPCB",09-08-2026 14:00:00,27.106972,78.000111,NO2,18,18,18
India,Uttar Pradesh,Agra,"Rohta, Agra - UPPCB",09-08-2026 14:00:00,27.106972,78.000111,NH3,7,7,7
India,Uttar Pradesh,Agra,"Rohta, Agra - UPPCB",09-08-2026 14:00:00,27.106972,78.000111,CO,18,29,25
India,Uttar Pradesh,Baghpat,"Sardar Patel Inter College, Baghpat - UPPCB",09-08-2026 14:00:00,28.964949,77.278761,SO2,5,13,8
India,Uttar Pradesh,Baghpat,"Sardar Patel Inter College, Baghpat - UPPCB",09-08-2026 14:00:00,28.964949,77.278761,CO,9,16,12
India,Uttar Pradesh,Bareilly,"Rajendra Nagar, Bareilly - UPPCB",09-08-2026 14:00:00,28.38910936,79.42963708,OZONE,NA,NA,NA
India,Uttar Pradesh,Bareilly,"Civil Lines, Bareilly - UPPCB",09-08-2026 14:00:00,28.359581,79.414455,PM2.5,23,41,32
India,Uttar Pradesh,Bareilly,"Civil Lines, Bareilly - UPPCB",09-08-2026 14:00:00,28.359581,79.414455,CO,25,25,25
India,Uttar Pradesh,Firozabad,"Vibhab Nagar, Firozabad - UPPCB",09-08-2026 14:00:00,27.1594,78.3953,PM10,24,42,32
India,Uttar Pradesh,Firozabad,"Vibhab Nagar, Firozabad - UPPCB",09-08-2026 14:00:00,27.1594,78.3953,NO2,15,15,15
India,Uttar Pradesh,Firozabad,"Nagla Bhau, Firozabad - UPPCB",09-08-2026 14:00:00,27.168897,78.37696,SO2,27,48,34
India,Uttar Pradesh,Baghpat,"Sardar Patel Inter College, Baghpat - UPPCB",09-08-2026 14:00:00,28.964949,77.278761,CO,9,16,12
India,Uttar Pradesh,Bareilly,"Rajendra Nagar, Bareilly - UPPCB",09-08-2026 14:00:00,28.38910936,79.42963708,OZONE,NA,NA,NA
India,Uttar Pradesh,Bareilly,"Civil Lines, Bareilly - UPPCB",09-08-2026 14:00:00,28.359581,79.414455,PM2.5,23,41,32
India,Uttar Pradesh,Bareilly,"Civil Lines, Bareilly - UPPCB",09-08-2026 14:00:00,28.359581,79.414455,CO,25,25,25
India,Uttar Pradesh,Firozabad,"Vibhab Nagar, Firozabad - UPPCB",09-08-2026 14:00:00,27.1594,78.3953,PM10,24,42,32
India,Uttar Pradesh,Firozabad,"Vibhab Nagar, Firozabad - UPPCB",09-08-2026 14:00:00,27.1594,78.3953,NO2,15,15,15
India,Uttar Pradesh,Firozabad,"Nagla Bhau, Firozabad - UPPCB",09-08-2026 14:00:00,27.168897,78.37696,SO2,27,48,34
India,Uttar Pradesh,Gajraula,"Rajanpur, Gajraula - UPPCB",09-08-2026 14:00:00,28.829109,78.248796,PM10,30,72,50
India,Uttar Pradesh,Gajraula,"Rajanpur, Gajraula - UPPCB",09-08-2026 14:00:00,28.829109,78.248796,NH3,1,3,2
India,Uttar Pradesh,Ghaziabad,"Indirapuram, Ghaziabad - UPPCB",09-08-2026 14:00:00,28.646233,77.358075,PM2.5,NA,NA,NA
India,Telangana,Hyderabad,"ECIL Kapra, Hyderabad - TSPCB",09-08-2026 14:00:00,17.470431,78.566959,OZONE,17,44,26
India,Telangana,Hyderabad,"Somajiguda, Hyderabad - TSPCB",09-08-2026 14:00:00,17.417094,78.457437,PM10,NA,NA,NA
India,Telangana,Hyderabad,"Somajiguda, Hyderabad - TSPCB",09-08-2026 14:00:00,17.417094,78.457437,NH3,3,4,4
India,Telangana,Hyderabad,"Somajiguda, Hyderabad - TSPCB",09-08-2026 14:00:00,17.417094,78.457437,SO2,12,14,12
India,Telangana,Hyderabad,"Somajiguda, Hyderabad - TSPCB",09-08-2026 14:00:00,17.417094,78.457437,CO,15,16,16
India,Telangana,Hyderabad,"Kompally Municipal Office, Hyderabad - TSPCB",09-08-2026 14:00:00,17.544899,78.486949,PM2.5,24,35,28
India,Telangana,Hyderabad,"Kompally Municipal Office, Hyderabad - TSPCB",09-08-2026 14:00:00,17.544899,78.486949,NH3,2,2,2
India,Telangana,Hyderabad,"Ramachandrapuram, Hyderabad - TSPCB",09-08-2026 14:00:00,17.528544,78.286195,PM10,49,60,57
India,Telangana,Hyderabad,"ICRISAT Patancheru, Hyderabad - TSPCB",09-08-2026 14:00:00,17.5184,78.278777,NH3,1,2,2
India,Telangana,Hyderabad,"Sanathnagar, Hyderabad - TSPCB",09-08-2026 14:00:00,17.4559458,78.4332152,CO,33,40,36
India,West Bengal,Asansol,"Asansol Court Area, Asansol - WBPCB",09-08-2026 14:00:00,23.685297,86.945968,PM10,19,53,36
India,West Bengal,Asansol,"Asansol Court Area, Asansol - WBPCB",09-08-2026 14:00:00,23.685297,86.945968,NH3,3,5,4
India,West Bengal,Asansol,"Asansol Court Area, Asansol - WBPCB",09-08-2026 14:00:00,23.685297,86.945968,OZONE,15,31,19
India,West Bengal,Asansol,"Trivenidevi Bhalotia College, Asansol - WBPCB",09-08-2026 14:00:00,23.616515,87.119133,NO2,3,13,5
India,West Bengal,Asansol,"Trivenidevi Bhalotia College, Asansol - WBPCB",09-08-2026 14:00:00,23.616515,87.119133,NH3,6,7,7
India,West Bengal,Asansol,"Trivenidevi Bhalotia College, Asansol - WBPCB",09-08-2026 14:00:00,23.616515,87.119133,CO,37,47,42
India,West Bengal,Barrackpore,"SVSPA Campus, Barrackpore - WBPCB",09-08-2026 14:00:00,22.7605581,88.3617589,SO2,11,12,12
India,West Bengal,Barrackpore,"SVSPA Campus, Barrackpore - WBPCB",09-08-2026 14:00:00,22.7605581,88.3617589,OZONE,4,7,6
India,West Bengal,Durgapur,"Mahishkapur Road_B-Zone, Durgapur - WBPCB",09-08-2026 14:00:00,23.567923,87.306843,PM2.5,11,126,34
India,West Bengal,Durgapur,"Womens College_City Center, Durgapur - WBPCB",09-08-2026 14:00:00,23.549395,87.300496,PM10,35,87,60
India,West Bengal,Durgapur,"Womens College_City Center, Durgapur - WBPCB",09-08-2026 14:00:00,23.549395,87.300496,CO,31,32,32
India,West Bengal,Durgapur,"Womens College_City Center, Durgapur - WBPCB",09-08-2026 14:00:00,23.549395,87.300496,OZONE,15,16,16
India,West Bengal,Durgapur,"PCBL Residential Complex, Durgapur - WBPCB",09-08-2026 14:00:00,23.508764,87.35444,NO2,63,85,79
India,West Bengal,Durgapur,"PCBL Residential Complex, Durgapur - WBPCB",09-08-2026 14:00:00,23.508764,87.35444,SO2,11,12,11
India,West Bengal,Durgapur,"PCBL Residential Complex, Durgapur - WBPCB",09-08-2026 14:00:00,23.508764,87.35444,OZONE,NA,NA,NA
India,Uttar Pradesh,Moradabad,"Employment Office, Moradabad - UPPCB",09-08-2026 14:00:00,28.88528,78.7388,PM2.5,40,90,56
India,Uttar Pradesh,Moradabad,"Employment Office, Moradabad - UPPCB",09-08-2026 14:00:00,28.88528,78.7388,NH3,3,3,3
India,Uttar Pradesh,Moradabad,"Employment Office, Moradabad - UPPCB",09-08-2026 14:00:00,28.88528,78.7388,SO2,31,32,31
India,Uttar Pradesh,Moradabad,"Eco Herbal Park, Moradabad - UPPCB",09-08-2026 14:00:00,28.840739,78.697531,CO,12,28,24
India,Uttar Pradesh,Moradabad,"Eco Herbal Park, Moradabad - UPPCB",09-08-2026 14:00:00,28.840739,78.697531,OZONE,19,40,30
India,Uttar Pradesh,Moradabad,"Jigar Colony, Moradabad - UPPCB",09-08-2026 14:00:00,28.856664,78.772638,NO2,24,25,25
India,Uttar Pradesh,Moradabad,"Jigar Colony, Moradabad - UPPCB",09-08-2026 14:00:00,28.856664,78.772638,NH3,6,6,6
India,Uttar Pradesh,Moradabad,"Jigar Colony, Moradabad - UPPCB",09-08-2026 14:00:00,28.856664,78.772638,OZONE,20,22,21
India,Uttar Pradesh,Muzaffarnagar,"New Mandi, Muzaffarnagar - UPPCB",09-08-2026 14:00:00,29.4723508,77.7194031,PM2.5,14,70,40
India,Uttar Pradesh,Muzaffarnagar,"New Mandi, Muzaffarnagar - UPPCB",09-08-2026 14:00:00,29.4723508,77.7194031,SO2,1,89,20
India,Uttar Pradesh,Noida,"Sector-116, Noida - UPPCB",09-08-2026 14:00:00,28.56923,77.393848,OZONE,20,86,60
India,Uttar Pradesh,Noida,"Sector-1, Noida - UPPCB",09-08-2026 14:00:00,28.5898,77.3101,OZONE,7,68,38
India,Uttar Pradesh,Noida,"Sector - 62, Noida - IITM",09-08-2026 14:00:00,28.6245479,77.3577104,NO2,11,47,27
India,Uttar Pradesh,Noida,"Sector - 62, Noida - IITM",09-08-2026 14:00:00,28.6245479,77.3577104,CO,9,22,15
India,Uttar Pradesh,Prayagraj,"Nagar Nigam, Prayagraj - UPPCB",09-08-2026 14:00:00,25.44919916,81.82735986,OZONE,13,32,19
India,Uttar Pradesh,Khora,"Prashant Garden, Khora - UPPCB",09-08-2026 14:00:00,28.61119,77.34206,CO,11,28,21
India,Uttar Pradesh,Khurja,"Kalindi Kunj, Khurja - UPPCB",09-08-2026 14:00:00,28.2348927,77.8683002,OZONE,10,10,10
India,Uttar Pradesh,Lucknow,"Gomti Nagar, Lucknow - UPPCB",09-08-2026 14:00:00,26.86812,81.005119,PM10,24,72,51
India,Uttar Pradesh,Lucknow,"Kukrail Picnic Spot-1, Lucknow - UPPCB",09-08-2026 14:00:00,26.90723,80.98579,SO2,27,29,28
India,Uttar Pradesh,Lucknow,"B R Ambedkar University, Lucknow - UPPCB",09-08-2026 14:00:00,26.766433,80.927299,PM10,35,185,86
India,Uttar Pradesh,Lucknow,"Talkatora District Industries Center, Lucknow - CPCB",09-08-2026 14:00:00,26.83399722,80.8917361,NH3,9,18,11
India,Uttar Pradesh,Lucknow,"Talkatora District Industries Center, Lucknow - CPCB",09-08-2026 14:00:00,26.83399722,80.8917361,CO,28,40,33
India,Uttar Pradesh,Lucknow,"Talkatora District Industries Center, Lucknow - CPCB",09-08-2026 14:00:00,26.83399722,80.8917361,OZONE,11,42,25
India,Uttar Pradesh,Mathura,"Pali Dungra, Mathura - UPPCB",09-08-2026 14:00:00,27.410954,77.550619,NH3,1,2,1
India,Uttar Pradesh,Meerut,"MIET College, Meerut - UPPCB",09-08-2026 14:00:00,28.972677,77.641018,NO2,20,40,27
India,Telangana,Hyderabad,"New Malakpet, Hyderabad - TSPCB",09-08-2026 14:00:00,17.37206,78.50864,PM2.5,NA,NA,NA
India,Telangana,Hyderabad,"New Malakpet, Hyderabad - TSPCB",09-08-2026 14:00:00,17.37206,78.50864,NO2,NA,NA,NA
India,Telangana,Hyderabad,"New Malakpet, Hyderabad - TSPCB",09-08-2026 14:00:00,17.37206,78.50864,NH3,NA,NA,NA
India,Telangana,Hyderabad,"New Malakpet, Hyderabad - TSPCB",09-08-2026 14:00:00,17.37206,78.50864,CO,24,31,29
India,Telangana,Hyderabad,"IDA Pashamylaram, Hyderabad - TSPCB",09-08-2026 14:00:00,17.5316895,78.218939,NH3,0,2,1
India,Uttar Pradesh,Agra,"Shastripuram, Agra - UPPCB",09-08-2026 14:00:00,27.19862,77.92066,NO2,42,44,43
India,Uttar Pradesh,Agra,"Manoharpur, Agra - UPPCB",09-08-2026 14:00:00,27.23711,78.01936,NH3,2,2,2
India,Uttar Pradesh,Agra,"Manoharpur, Agra - UPPCB",09-08-2026 14:00:00,27.23711,78.01936,OZONE,6,18,8
India,Uttar Pradesh,Agra,"Shahjahan Garden, Agra - UPPCB",09-08-2026 14:00:00,27.169338,78.03582,PM2.5,22,39,28
India,Uttar Pradesh,Agra,"Shahjahan Garden, Agra - UPPCB",09-08-2026 14:00:00,27.169338,78.03582,PM10,32,58,42
India,Uttar Pradesh,Lucknow,"Talkatora District Industries Center, Lucknow - CPCB",09-08-2026 14:00:00,26.83399722,80.8917361,NH3,9,18,11
India,Uttar Pradesh,Lucknow,"Talkatora District Industries Center, Lucknow - CPCB",09-08-2026 14:00:00,26.83399722,80.8917361,CO,28,40,33
India,Uttar Pradesh,Lucknow,"Talkatora District Industries Center, Lucknow - CPCB",09-08-2026 14:00:00,26.83399722,80.8917361,OZONE,11,42,25
India,Uttar Pradesh,Mathura,"Pali Dungra, Mathura - UPPCB",09-08-2026 14:00:00,27.410954,77.550619,NH3,1,2,1
India,Uttar Pradesh,Meerut,"MIET College, Meerut - UPPCB",09-08-2026 14:00:00,28.972677,77.641018,NO2,20,40,27
India,Uttar Pradesh,Meerut,"Pallavpuram Phase 2, Meerut - UPPCB",09-08-2026 14:00:00,29.06351,77.709723,CO,1,34,12
India,Uttar Pradesh,Meerut,"Ganga Nagar, Meerut - UPPCB",09-08-2026 14:00:00,28.999264,77.7590354,PM10,30,89,55
India,Uttar Pradesh,Modinagar,"SRM University, Modinagar - UPPCB",09-08-2026 14:00:00,28.798171,77.540243,NH3,3,3,3
India,Uttar Pradesh,Modinagar,"SRM University, Modinagar - UPPCB",09-08-2026 14:00:00,28.798171,77.540243,CO,16,27,20
India,Uttar Pradesh,Moradabad,"Kashiram Nagar, Moradabad - UPPCB",09-08-2026 14:00:00,28.849399,78.742362,NO2,24,25,25
India,West Bengal,Asansol,"Asansol Court Area, Asansol - WBPCB",09-08-2026 14:00:00,23.685297,86.945968,NH3,3,5,4
India,West Bengal,Asansol,"Asansol Court Area, Asansol - WBPCB",09-08-2026 14:00:00,23.685297,86.945968,OZONE,15,31,19
India,West Bengal,Asansol,"Trivenidevi Bhalotia College, Asansol - WBPCB",09-08-2026 14:00:00,23.616515,87.119133,NO2,3,13,5
India,West Bengal,Asansol,"Trivenidevi Bhalotia College, Asansol - WBPCB",09-08-2026 14:00:00,23.616515,87.119133,NH3,6,7,7
India,West Bengal,Asansol,"Trivenidevi Bhalotia College, Asansol - WBPCB",09-08-2026 14:00:00,23.616515,87.119133,CO,37,47,42
India,West Bengal,Barrackpore,"SVSPA Campus, Barrackpore - WBPCB",09-08-2026 14:00:00,22.7605581,88.3617589,SO2,11,12,12
India,West Bengal,Barrackpore,"SVSPA Campus, Barrackpore - WBPCB",09-08-2026 14:00:00,22.7605581,88.3617589,OZONE,4,7,6
India,West Bengal,Durgapur,"Mahishkapur Road_B-Zone, Durgapur - WBPCB",09-08-2026 14:00:00,23.567923,87.306843,PM2.5,11,126,34
India,West Bengal,Durgapur,"Womens College_City Center, Durgapur - WBPCB",09-08-2026 14:00:00,23.549395,87.300496,PM10,35,87,60
India,West Bengal,Durgapur,"Womens College_City Center, Durgapur - WBPCB",09-08-2026 14:00:00,23.549395,87.300496,CO,31,32,32
India,West Bengal,Kolkata,"Fort William, Kolkata - WBPCB",09-08-2026 14:00:00,22.55664,88.342674,SO2,5,6,5
India,West Bengal,Kolkata,"Fort William, Kolkata - WBPCB",09-08-2026 14:00:00,22.55664,88.342674,CO,12,14,13
India,West Bengal,Kolkata,"Ballygunge, Kolkata - WBPCB",09-08-2026 14:00:00,22.5367507,88.3638022,PM10,23,55,36
India,West Bengal,Kolkata,"Rabindra Sarobar, Kolkata - WBPCB",09-08-2026 14:00:00,22.51106,88.35142,NO2,9,12,10
India,West Bengal,Kolkata,"Rabindra Sarobar, Kolkata - WBPCB",09-08-2026 14:00:00,22.51106,88.35142,SO2,4,6,5
India,West Bengal,Kolkata,"Jadavpur, Kolkata - WBPCB",09-08-2026 14:00:00,22.49929,88.36917,NO2,22,72,34
India,West Bengal,Kolkata,"Jadavpur, Kolkata - WBPCB",09-08-2026 14:00:00,22.49929,88.36917,OZONE,10,12,11
India,Telangana,Hyderabad,"IDA Pashamylaram, Hyderabad - TSPCB",09-08-2026 14:00:00,17.5316895,78.218939,NH3,0,2,1
India,Uttar Pradesh,Agra,"Shastripuram, Agra - UPPCB",09-08-2026 14:00:00,27.19862,77.92066,NO2,42,44,43
India,Uttar Pradesh,Agra,"Manoharpur, Agra - UPPCB",09-08-2026 14:00:00,27.23711,78.01936,NH3,2,2,2
India,Uttar Pradesh,Agra,"Manoharpur, Agra - UPPCB",09-08-2026 14:00:00,27.23711,78.01936,OZONE,6,18,8
India,Uttar Pradesh,Agra,"Shahjahan Garden, Agra - UPPCB",09-08-2026 14:00:00,27.169338,78.03582,PM2.5,22,39,28
India,Uttar Pradesh,Agra,"Shahjahan Garden, Agra - UPPCB",09-08-2026 14:00:00,27.169338,78.03582,PM10,32,58,42
India,Uttar Pradesh,Agra,"Shahjahan Garden, Agra - UPPCB",09-08-2026 14:00:00,27.169338,78.03582,NH3,1,1,1
India,Uttar Pradesh,Agra,"Sanjay Palace, Agra - UPPCB",09-08-2026 14:00:00,27.19865833,78.00598056,NO2,5,10,7
India,Uttar Pradesh,Agra,"Sanjay Palace, Agra - UPPCB",09-08-2026 14:00:00,27.19865833,78.00598056,SO2,2,2,2
India,Uttar Pradesh,Agra,"Sector-3B Avas Vikas Colony, Agra - UPPCB",09-08-2026 14:00:00,27.19412,77.96237,NO2,35,35,35
India,Uttar Pradesh,Agra,"Sector-3B Avas Vikas Colony, Agra - UPPCB",09-08-2026 14:00:00,27.19412,77.96237,OZONE,12,14,13
India,Uttar Pradesh,Agra,"Rohta, Agra - UPPCB",09-08-2026 14:00:00,27.106972,78.000111,NO2,18,18,18
India,Uttar Pradesh,Agra,"Rohta, Agra - UPPCB",09-08-2026 14:00:00,27.106972,78.000111,NH3,7,7,7
India,West Bengal,Kolkata,"Jadavpur, Kolkata - WBPCB",09-08-2026 14:00:00,22.49929,88.36917,OZONE,10,12,11
India,West Bengal,Kolkata,"Victoria, Kolkata - WBPCB",09-08-2026 14:00:00,22.5448082,88.3403691,SO2,12,22,18
India,West Bengal,Kolkata,"Victoria, Kolkata - WBPCB",09-08-2026 14:00:00,22.5448082,88.3403691,OZONE,14,35,20
India,West Bengal,Siliguri,"Ward-32 Bapupara, Siliguri - WBPCB",09-08-2026 14:00:00,26.6879226,88.4152495,PM10,14,35,23
India,West Bengal,Siliguri,"Ward-32 Bapupara, Siliguri - WBPCB",09-08-2026 14:00:00,26.6879226,88.4152495,NH3,13,16,15
India,West Bengal,Siliguri,"Ward-32 Bapupara, Siliguri - WBPCB",09-08-2026 14:00:00,26.6879226,88.4152495,CO,8,34,23
India,Delhi,Delhi,"Pusa, Delhi - DPCC",09-08-2026 14:00:00,28.639652,77.146275,SO2,3,14,7
India,Delhi,Delhi,"Pusa, Delhi - DPCC",09-08-2026 14:00:00,28.639652,77.146275,CO,2,59,39
India,Delhi,Delhi,"Sirifort, Delhi - CPCB",09-08-2026 14:00:00,28.5504249,77.2159377,PM10,39,96,60
India,Delhi,Delhi,"IGI Airport (T3), Delhi - IITM",09-08-2026 14:00:00,28.5627763,77.1180053,PM2.5,16,61,35
India,Delhi,Delhi,"IGNOU_Maidan Garhi, Delhi - DPCC",09-08-2026 14:00:00,28.493624,77.201159,SO2,4,6,5
India,Delhi,Delhi,"IGNOU_Maidan Garhi, Delhi - DPCC",09-08-2026 14:00:00,28.493624,77.201159,CO,41,78,55
India,Delhi,Delhi,"Commonwealth Sports Complex, Delhi - DPCC",09-08-2026 14:00:00,28.615828,77.271992,NH3,NA,NA,NA
India,Delhi,Delhi,"Talkatora Garden, Delhi - DPCC",09-08-2026 14:00:00,28.62181,77.1944633,PM2.5,21,101,59
India,Delhi,Delhi,"Talkatora Garden, Delhi - DPCC",09-08-2026 14:00:00,28.62181,77.1944633,NH3,NA,NA,NA
India,Delhi,Delhi,"NSIT Dwarka, Delhi - CPCB",09-08-2026 14:00:00,28.60909,77.0325413,PM2.5,NA,NA,NA
India,Delhi,Delhi,"NSIT Dwarka, Delhi - CPCB",09-08-2026 14:00:00,28.60909,77.0325413,OZONE,66,131,91
India,Delhi,Delhi,"Aya Nagar, Delhi - IITM",09-08-2026 14:00:00,28.4706914,77.1099364,PM10,24,92,60
India,Delhi,Delhi,"Aya Nagar, Delhi - IITM",09-08-2026 14:00:00,28.4706914,77.1099364,OZONE,3,47,28
India,Delhi,Delhi,"CRRI Mathura Road, Delhi - IITM",09-08-2026 14:00:00,28.5512005,77.2735737,NH3,NA,NA,NA
India,Delhi,Delhi,"Aya Nagar, Delhi - IITM",09-08-2026 14:00:00,28.4706914,77.1099364,PM10,24,92,60
India,Delhi,Delhi,"Aya Nagar, Delhi - IITM",09-08-2026 14:00:00,28.4706914,77.1099364,OZONE,3,47,28
India,Delhi,Delhi,"CRRI Mathura Road, Delhi - IITM",09-08-2026 14:00:00,28.5512005,77.2735737,NH3,NA,NA,NA
India,Delhi,Delhi,"Burari Crossing, Delhi - IITM",09-08-2026 14:00:00,28.7256504,77.2011573,PM2.5,6,158,57
India,Bihar,Patna,"DRM Office Danapur, Patna - BSPCB",09-08-2026 14:00:00,25.586562,85.043586,SO2,6,7,6
India,Bihar,Patna,"DRM Office Danapur, Patna - BSPCB",09-08-2026 14:00:00,25.586562,85.043586,OZONE,16,59,25
India,Bihar,Patna,"Muradpur, Patna - BSPCB",09-08-2026 14:00:00,25.619651,85.147382,PM10,19,52,37
India,Bihar,Patna,"Govt. High School Shikarpur, Patna - BSPCB",09-08-2026 14:00:00,25.592539,85.227158,NO2,5,7,6
India,Bihar,Patna,"Govt. High School Shikarpur, Patna - BSPCB",09-08-2026 14:00:00,25.592539,85.227158,SO2,12,13,13
India,Bihar,Patna,"Samanpura, Patna - BSPCB",09-08-2026 14:00:00,25.596727,85.085624,PM2.5,55,132,81
India,Chandigarh,Chandigarh,"Sector-25, Chandigarh - CPCC",09-08-2026 14:00:00,30.751462,76.762879,NH3,6,7,7
India,Chandigarh,Chandigarh,"Sector-25, Chandigarh - CPCC",09-08-2026 14:00:00,30.751462,76.762879,SO2,6,10,8
India,Chhattisgarh,Bhilai,"32Bungalows, Bhilai - CECB",09-08-2026 14:00:00,21.194815,81.31477,PM2.5,6,25,14
India,Bihar,Munger,"Town Hall, Munger - BSPCB",09-08-2026 14:00:00,25.376776,86.471523,CO,20,22,21
India,Bihar,Muzaffarpur,"MIT-Daudpur Kothi, Muzaffarpur - BSPCB",09-08-2026 14:00:00,26.1403345,85.3650192,PM2.5,22,35,31
India,Bihar,Patna,"Rajbansi Nagar, Patna - BSPCB",09-08-2026 14:00:00,25.599486,85.113666,NO2,NA,NA,NA
India,Bihar,Patna,"Rajbansi Nagar, Patna - BSPCB",09-08-2026 14:00:00,25.599486,85.113666,SO2,NA,NA,NA
India,Bihar,Patna,"DRM Office Danapur, Patna - BSPCB",09-08-2026 14:00:00,25.586562,85.043586,SO2,6,7,6
India,Bihar,Patna,"DRM Office Danapur, Patna - BSPCB",09-08-2026 14:00:00,25.586562,85.043586,OZONE,16,59,25
India,Bihar,Patna,"Muradpur, Patna - BSPCB",09-08-2026 14:00:00,25.619651,85.147382,PM10,19,52,37
India,Bihar,Gaya,"Kareemganj, Gaya - BSPCB",09-08-2026 14:00:00,24.792403,84.992416,CO,6,18,11
India,Bihar,Gaya,"Kareemganj, Gaya - BSPCB",09-08-2026 14:00:00,24.792403,84.992416,OZONE,24,60,42
India,Bihar,Hajipur,"Industrial Area, Hajipur - BSPCB",09-08-2026 14:00:00,25.697189,85.2459,NH3,15,19,17
India,Bihar,Hajipur,"Industrial Area, Hajipur - BSPCB",09-08-2026 14:00:00,25.697189,85.2459,SO2,4,6,5
India,Bihar,Hajipur,"Industrial Area, Hajipur - BSPCB",09-08-2026 14:00:00,25.697189,85.2459,CO,20,35,27
India,Bihar,Munger,"Town Hall, Munger - BSPCB",09-08-2026 14:00:00,25.376776,86.471523,CO,20,22,21
India,Bihar,Muzaffarpur,"MIT-Daudpur Kothi, Muzaffarpur - BSPCB",09-08-2026 14:00:00,26.1403345,85.3650192,PM2.5,22,35,31
India,Bihar,Patna,"Rajbansi Nagar, Patna - BSPCB",09-08-2026 14:00:00,25.599486,85.113666,NO2,NA,NA,NA
India,Bihar,Patna,"Rajbansi Nagar, Patna - BSPCB",09-08-2026 14:00:00,25.599486,85.113666,SO2,NA,NA,NA
India,Andhra Pradesh,Anantapur,"Gulzarpet, Anantapur - APPCB",09-08-2026 14:00:00,14.675886,77.593027,PM2.5,49,87,63
India,Assam,Guwahati,"LGBI Airport, Guwahati - PCBA",09-08-2026 14:00:00,26.10887,91.589544,PM2.5,18,79,54
India,Assam,Guwahati,"LGBI Airport, Guwahati - PCBA",09-08-2026 14:00:00,26.10887,91.589544,CO,24,32,28
India,Bihar,Bhagalpur,"DM Office_Kachari Chowk, Bhagalpur - BSPCB",09-08-2026 14:00:00,25.251013,86.989001,NH3,4,4,4
India,Bihar,Bhagalpur,"DM Office_Kachari Chowk, Bhagalpur - BSPCB",09-08-2026 14:00:00,25.251013,86.989001,SO2,17,26,22
India,Bihar,Chhapra,"Darshan Nagar, Chhapra - BSPCB",09-08-2026 14:00:00,25.7808257,84.7446768,SO2,NA,NA,NA
India,Bihar,Gaya,"SFTI Kusdihra, Gaya - BSPCB",09-08-2026 14:00:00,24.762518,84.982348,NO2,23,29,25
India,Bihar,Gaya,"Kareemganj, Gaya - BSPCB",09-08-2026 14:00:00,24.792403,84.992416,PM2.5,2,63,23
India,Bihar,Gaya,"Kareemganj, Gaya - BSPCB",09-08-2026 14:00:00,24.792403,84.992416,CO,6,18,11
India,Bihar,Gaya,"Kareemganj, Gaya - BSPCB",09-08-2026 14:00:00,24.792403,84.992416,OZONE,24,60,42
India,Bihar,Hajipur,"Industrial Area, Hajipur - BSPCB",09-08-2026 14:00:00,25.697189,85.2459,NH3,15,19,17
India,Andhra Pradesh,Nellore,"Ambedkar Nagar, Nellore - APPCB ",09-08-2026 14:00:00,14.438164,79.966814,OZONE,33,36,34
India,Andhra Pradesh,Rajamahendravaram,"Anand Kala Kshetram, Rajamahendravaram - APPCB",09-08-2026 14:00:00,16.9872867,81.7363176,PM2.5,10,53,31
India,Andhra Pradesh,Rajamahendravaram,"Anand Kala Kshetram, Rajamahendravaram - APPCB",09-08-2026 14:00:00,16.9872867,81.7363176,CO,15,20,17
India,Andhra Pradesh,Rajamahendravaram,"Anand Kala Kshetram, Rajamahendravaram - APPCB",09-08-2026 14:00:00,16.9872867,81.7363176,OZONE,9,42,30
India,Andhra Pradesh,Tirupati,"Vaikuntapuram, Tirupati - APPCB",09-08-2026 14:00:00,13.615387,79.40923,SO2,11,12,12
India,Andhra Pradesh,Tirupati,"Vaikuntapuram, Tirupati - APPCB",09-08-2026 14:00:00,13.615387,79.40923,CO,20,24,22
India,Andhra Pradesh,Vijayawada,"HB Colony, Vijayawada - APPCB",09-08-2026 14:00:00,16.536107,80.594233,NO2,20,20,20
India,Andhra Pradesh,Vijayawada,"Rajiv Nagar, Vijayawada - APPCB",09-08-2026 14:00:00,16.554731,80.64911,PM10,56,74,67
India,Assam,Silchar,"Tarapur, Silchar - PCBA",09-08-2026 14:00:00,24.82827,92.79525,CO,34,61,44
India,Bihar,Arrah,"New DM Office, Arrah - BSPCB",09-08-2026 14:00:00,25.5626095,84.663264,NH3,2,2,2
India,Bihar,Arrah,"New DM Office, Arrah - BSPCB",09-08-2026 14:00:00,25.5626095,84.663264,CO,49,61,53
India,Bihar,Aurangabad,"Gurdeo Nagar, Aurangabad - BSPCB",09-08-2026 14:00:00,24.75746,84.366208,PM10,NA,NA,NA
India,Bihar,Aurangabad,"Gurdeo Nagar, Aurangabad - BSPCB",09-08-2026 14:00:00,24.75746,84.366208,SO2,NA,NA,NA
India,Bihar,Begusarai,"Lohiyanagar, Begusarai - BSPCB",09-08-2026 14:00:00,25.42742023,86.13886079,SO2,18,22,20
India,Bihar,Bhagalpur,"DM Office_Kachari Chowk, Bhagalpur - BSPCB",09-08-2026 14:00:00,25.251013,86.989001,NH3,4,4,4
India,Bihar,Bhagalpur,"DM Office_Kachari Chowk, Bhagalpur - BSPCB",09-08-2026 14:00:00,25.251013,86.989001,SO2,17,26,22
India,Bihar,Chhapra,"Darshan Nagar, Chhapra - BSPCB",09-08-2026 14:00:00,25.7808257,84.7446768,SO2,NA,NA,NA
India,Chandigarh,Chandigarh,"Sector-25, Chandigarh - CPCC",09-08-2026 14:00:00,30.751462,76.762879,NH3,6,7,7
India,Chandigarh,Chandigarh,"Sector-25, Chandigarh - CPCC",09-08-2026 14:00:00,30.751462,76.762879,SO2,6,10,8
India,Chhattisgarh,Bhilai,"32Bungalows, Bhilai - CECB",09-08-2026 14:00:00,21.194815,81.31477,PM2.5,6,25,14
India,Delhi,Delhi,"Sirifort, Delhi - CPCB",09-08-2026 14:00:00,28.5504249,77.2159377,PM10,39,96,60
India,Chhattisgarh,Bhilai,"32Bungalows, Bhilai - CECB",09-08-2026 14:00:00,21.194815,81.31477,OZONE,12,17,15
India,Chhattisgarh,Bhilai,"Hathkhoj, Bhilai - CECB",09-08-2026 14:00:00,21.224231,81.40835,PM2.5,9,48,23
India,Chhattisgarh,Bilaspur,"Mangala, Bilaspur - NTPC",09-08-2026 14:00:00,22.08815,82.13737,SO2,6,13,10
India,Chhattisgarh,Korba,"Rampur, Korba - CECB",09-08-2026 14:00:00,22.368195,82.746431,SO2,NA,NA,NA
India,Chhattisgarh,Kunjemura,"OP Jindal School, Kunjemura - CECB",09-08-2026 14:00:00,22.12665,83.483212,PM2.5,1,5,3
India,Chhattisgarh,Kunjemura,"OP Jindal School, Kunjemura - CECB",09-08-2026 14:00:00,22.12665,83.483212,OZONE,5,10,7
India,Chhattisgarh,Raipur,"Bhatagaon New ISBT, Raipur - CECB",09-08-2026 14:00:00,21.219665,81.630094,NO2,2,5,3
India,Chhattisgarh,Raipur,"Bhatagaon New ISBT, Raipur - CECB",09-08-2026 14:00:00,21.219665,81.630094,CO,8,26,17
India,Andhra Pradesh,Guntur,"Rajendra Nagar North, Guntur - APPCB",09-08-2026 14:00:00,16.316553,80.413302,OZONE,20,20,20
India,Chhattisgarh,Raipur,"Krishak Nagar, Raipur - CECB",09-08-2026 14:00:00,21.237755,81.705301,PM10,9,46,22
India,Chhattisgarh,Raipur,"Krishak Nagar, Raipur - CECB",09-08-2026 14:00:00,21.237755,81.705301,SO2,4,9,7
India,Delhi,Delhi,"ITO, Delhi - CPCB",09-08-2026 14:00:00,28.628624,77.24106,PM2.5,20,96,62
India,Delhi,Delhi,"Mandir Marg, Delhi - DPCC",09-08-2026 14:00:00,28.636429,77.201067,NO2,12,51,22
India,Delhi,Delhi,"Mandir Marg, Delhi - DPCC",09-08-2026 14:00:00,28.636429,77.201067,NH3,11,13,12
India,Arunachal Pradesh,Naharlagun,"Naharlagun, Naharlagun - APSPCB",09-08-2026 14:00:00,27.103358,93.679645,NH3,1,1,1
India,Assam,Guwahati,"IITG, Guwahati - PCBA",09-08-2026 14:00:00,26.2028636,91.70046436,SO2,32,33,32
India,Assam,Guwahati,"IITG, Guwahati - PCBA",09-08-2026 14:00:00,26.2028636,91.70046436,CO,5,6,6
India,Assam,Guwahati,"LGBI Airport, Guwahati - PCBA",09-08-2026 14:00:00,26.10887,91.589544,PM2.5,18,79,54
India,Assam,Guwahati,"LGBI Airport, Guwahati - PCBA",09-08-2026 14:00:00,26.10887,91.589544,CO,24,32,28
India,Bihar,Aurangabad,"Gurdeo Nagar, Aurangabad - BSPCB",09-08-2026 14:00:00,24.75746,84.366208,PM10,NA,NA,NA
India,Bihar,Aurangabad,"Gurdeo Nagar, Aurangabad - BSPCB",09-08-2026 14:00:00,24.75746,84.366208,SO2,NA,NA,NA
India,Bihar,Begusarai,"Lohiyanagar, Begusarai - BSPCB",09-08-2026 14:00:00,25.42742023,86.13886079,SO2,18,22,20
India,Haryana,Bhiwani,"H.B. Colony, Bhiwani - HSPCB",09-08-2026 14:00:00,28.806223,76.141105,OZONE,1,16,12
India,Haryana,Charkhi Dadri,"Mini Secretariat, Charkhi Dadri - HSPCB",09-08-2026 14:00:00,28.593883,76.270653,PM10,15,147,84
India,Haryana,Charkhi Dadri,"Mini Secretariat, Charkhi Dadri - HSPCB",09-08-2026 14:00:00,28.593883,76.270653,SO2,7,10,8
India,Haryana,Charkhi Dadri,"Mini Secretariat, Charkhi Dadri - HSPCB",09-08-2026 14:00:00,28.593883,76.270653,CO,9,16,12
India,Haryana,Charkhi Dadri,"Mini Secretariat, Charkhi Dadri - HSPCB",09-08-2026 14:00:00,28.593883,76.270653,OZONE,11,40,28
India,Haryana,Dharuhera,"Municipal Corporation Office, Dharuhera -  HSPCB",09-08-2026 14:00:00,28.2068,76.7997,PM10,28,114,70
India,Haryana,Dharuhera,"Municipal Corporation Office, Dharuhera -  HSPCB",09-08-2026 14:00:00,28.2068,76.7997,NH3,6,18,11
India,Jharkhand,Dhanbad,"Sardar Patel Nagar, Dhanbad - JSPCB",09-08-2026 14:00:00,23.80569,86.44268,PM2.5,NA,NA,NA
India,Jharkhand,Dhanbad,"Sardar Patel Nagar, Dhanbad - JSPCB",09-08-2026 14:00:00,23.80569,86.44268,NO2,98,232,108
India,Jharkhand,Jorapokhar,"Tata Stadium, Jorapokhar - JSPCB",09-08-2026 14:00:00,23.707909,86.41467,CO,38,40,39
India,Karnataka,Bagalkot,"Vidayagiri, Bagalkot - KSPCB",09-08-2026 14:00:00,16.172806,75.659694,PM2.5,NA,NA,NA
India,Karnataka,Belgaum,"Ramteerth Nagar, Belgaum - KSPCB",09-08-2026 14:00:00,15.888653,74.541751,PM2.5,6,54,18
India,Karnataka,Belgaum,"Ramteerth Nagar, Belgaum - KSPCB",09-08-2026 14:00:00,15.888653,74.541751,SO2,23,24,23
India,Karnataka,Bengaluru,"Bapuji Nagar, Bengaluru - KSPCB",09-08-2026 14:00:00,12.951913,77.539784,PM2.5,12,29,20
India,Karnataka,Bengaluru,"Bapuji Nagar, Bengaluru - KSPCB",09-08-2026 14:00:00,12.951913,77.539784,NO2,25,36,27
India,Karnataka,Bengaluru,"Sanegurava Halli, Bengaluru - KSPCB",09-08-2026 14:00:00,12.990328,77.5431385,PM2.5,NA,NA,NA
India,Karnataka,Bengaluru,"Sanegurava Halli, Bengaluru - KSPCB",09-08-2026 14:00:00,12.990328,77.5431385,OZONE,NA,NA,NA
India,Haryana,Gurugram,"Vikas Sadan, Gurugram - HSPCB",09-08-2026 14:00:00,28.4501238,77.0263051,NO2,2,21,9
India,Haryana,Gurugram,"NISE Gwal Pahari, Gurugram - IITM",09-08-2026 14:00:00,28.422681,77.148944,NO2,7,29,16
India,Gujarat,Mehsana,"Sadanand Nagar, Mehsana - Nexteng Enviro",09-08-2026 14:00:00,23.59315,72.372792,OZONE,9,9,9
India,Gujarat,Nandesari,"GIDC, Nandesari - Nandesari Ind. Association",09-08-2026 14:00:00,22.410802,73.097923,CO,27,46,36
India,Gujarat,Rajkot,"Mavdi, Rajkot - Nexteng Enviro ",09-08-2026 14:00:00,22.248853,70.776774,SO2,8,13,11
India,Gujarat,Surat,"Science Center, Surat - SMC",09-08-2026 14:00:00,21.170046,72.795405,NO2,2,40,10
India,Gujarat,Surat,"Science Center, Surat - SMC",09-08-2026 14:00:00,21.170046,72.795405,NH3,NA,NA,NA
India,Gujarat,Surat,"Science Center, Surat - SMC",09-08-2026 14:00:00,21.170046,72.795405,CO,32,40,37
India,Gujarat,Surat,"Katargam, Surat - Nexteng Enviro",09-08-2026 14:00:00,21.217779,72.834787,CO,43,46,45
India,Gujarat,Vadodara,"Bapunagar, Vadodara - Nexteng Enviro",09-08-2026 14:00:00,22.320153,73.216285,NH3,2,2,2
India,Gujarat,Vadodara,"Bapunagar, Vadodara - Nexteng Enviro",09-08-2026 14:00:00,22.320153,73.216285,SO2,9,10,9
India,Gujarat,Vapi,"Phase-1 GIDC, Vapi - GPCB",09-08-2026 14:00:00,20.362421,72.918013,PM10,29,87,48
India,Gujarat,Vapi,"Phase-1 GIDC, Vapi - GPCB",09-08-2026 14:00:00,20.362421,72.918013,NO2,19,20,19
India,Haryana,Ambala,"Patti Mehar, Ambala - HSPCB",09-08-2026 14:00:00,30.379589,76.778328,NO2,5,7,7
India,Haryana,Bahadurgarh,"Arya Nagar, Bahadurgarh - HSPCB",09-08-2026 14:00:00,28.6701,76.9254,SO2,6,9,8
India,Haryana,Ballabgarh,"Nathu Colony, Ballabgarh - HSPCB",09-08-2026 14:00:00,28.3419248,77.319699,PM10,20,141,74
India,Haryana,Ballabgarh,"Nathu Colony, Ballabgarh - HSPCB",09-08-2026 14:00:00,28.3419248,77.319699,CO,14,18,16
India,Haryana,Bhiwani,"H.B. Colony, Bhiwani - HSPCB",09-08-2026 14:00:00,28.806223,76.141105,PM2.5,15,84,49
India,Haryana,Panchgaon,"Amity University, Panchgaon - IITM",09-08-2026 14:00:00,28.3153,76.9143,SO2,1,9,7
India,Haryana,Panchkula,"Sector-6, Panchkula - HSPCB ",09-08-2026 14:00:00,30.7057778,76.8531805555555,PM2.5,16,67,31
India,Haryana,Panchkula,"Sector-6, Panchkula - HSPCB ",09-08-2026 14:00:00,30.7057778,76.8531805555555,SO2,9,13,11
India,Haryana,Panchkula,"Sector-6, Panchkula - HSPCB ",09-08-2026 14:00:00,30.7057778,76.8531805555555,CO,17,20,19
India,Haryana,Panipat,"Sector-18, Panipat - HSPCB",09-08-2026 14:00:00,29.432304,76.972765,CO,27,28,27
India,Haryana,Sirsa,"F-Block, Sirsa - HSPCB",09-08-2026 14:00:00,29.5364,75.0158,PM2.5,5,20,13
India,Haryana,Sirsa,"F-Block, Sirsa - HSPCB",09-08-2026 14:00:00,29.5364,75.0158,SO2,7,32,18
India,Haryana,Sonipat,"Murthal, Sonipat - HSPCB",09-08-2026 14:00:00,29.0272,77.0621,SO2,0,71,61
India,Haryana,Sonipat,"Murthal, Sonipat - HSPCB",09-08-2026 14:00:00,29.0272,77.0621,OZONE,13,81,43
India,Haryana,Yamuna Nagar,"Gobind Pura, Yamuna Nagar - HSPCB",09-08-2026 14:00:00,30.1480566,77.2893471,PM2.5,70,131,83
India,Haryana,Yamuna Nagar,"Gobind Pura, Yamuna Nagar - HSPCB",09-08-2026 14:00:00,30.1480566,77.2893471,PM10,67,107,78
India,Haryana,Yamuna Nagar,"Gobind Pura, Yamuna Nagar - HSPCB",09-08-2026 14:00:00,30.1480566,77.2893471,SO2,9,15,11
India,Jammu and Kashmir,Pampore,"Khrew, Pampore - JKPCC",09-08-2026 14:00:00,34.031606,75.009712,NO2,8,20,13
India,Jammu and Kashmir,Srinagar,"Rajbagh, Srinagar - JKPCC",09-08-2026 14:00:00,34.066206,74.81982,PM2.5,16,24,20
India,Jammu and Kashmir,Srinagar,"Rajbagh, Srinagar - JKPCC",09-08-2026 14:00:00,34.066206,74.81982,NO2,19,20,19
India,Jammu and Kashmir,Srinagar,"Rajbagh, Srinagar - JKPCC",09-08-2026 14:00:00,34.066206,74.81982,OZONE,0,2,1
India,Jharkhand,Dhanbad,"Sardar Patel Nagar, Dhanbad - JSPCB",09-08-2026 14:00:00,23.80569,86.44268,PM2.5,NA,NA,NA
India,Jharkhand,Dhanbad,"Sardar Patel Nagar, Dhanbad - JSPCB",09-08-2026 14:00:00,23.80569,86.44268,NO2,98,232,108
India,Jharkhand,Jorapokhar,"Tata Stadium, Jorapokhar - JSPCB",09-08-2026 14:00:00,23.707909,86.41467,CO,38,40,39
India,Karnataka,Bagalkot,"Vidayagiri, Bagalkot - KSPCB",09-08-2026 14:00:00,16.172806,75.659694,PM2.5,NA,NA,NA
India,Karnataka,Belgaum,"Ramteerth Nagar, Belgaum - KSPCB",09-08-2026 14:00:00,15.888653,74.541751,PM2.5,6,54,18
India,Karnataka,Belgaum,"Ramteerth Nagar, Belgaum - KSPCB",09-08-2026 14:00:00,15.888653,74.541751,SO2,23,24,23
India,Haryana,Faridabad,"New Industrial Town, Faridabad - HSPCB",09-08-2026 14:00:00,28.39072,77.30059,NO2,24,27,25
India,Haryana,Faridabad,"New Industrial Town, Faridabad - HSPCB",09-08-2026 14:00:00,28.39072,77.30059,NH3,11,12,11
India,Haryana,Faridabad,"Sector 11, Faridabad - HSPCB",09-08-2026 14:00:00,28.376058,77.315741,NH3,8,9,9
India,Haryana,Faridabad,"Sector 11, Faridabad - HSPCB",09-08-2026 14:00:00,28.376058,77.315741,SO2,6,36,12
India,Haryana,Faridabad,"Sector 11, Faridabad - HSPCB",09-08-2026 14:00:00,28.376058,77.315741,CO,58,73,66
India,Haryana,Faridabad,"Sector 30, Faridabad - HSPCB",09-08-2026 14:00:00,28.4417,77.3217,PM2.5,50,67,55
India,Haryana,Faridabad,"Sector 30, Faridabad - HSPCB",09-08-2026 14:00:00,28.4417,77.3217,NO2,36,39,37
India,Haryana,Faridabad,"Sector 30, Faridabad - HSPCB",09-08-2026 14:00:00,28.4417,77.3217,OZONE,10,10,10
India,Haryana,Fatehabad,"Huda Sector, Fatehabad - HSPCB",09-08-2026 14:00:00,29.503664,75.467934,CO,46,51,49
India,Haryana,Gurugram,"Vikas Sadan, Gurugram - HSPCB",09-08-2026 14:00:00,28.4501238,77.0263051,NO2,2,21,9
India,Haryana,Gurugram,"NISE Gwal Pahari, Gurugram - IITM",09-08-2026 14:00:00,28.422681,77.148944,NO2,7,29,16
India,Haryana,Gurugram,"Sector-51, Gurugram - HSPCB",09-08-2026 14:00:00,28.4227,77.0667,PM10,45,264,110
India,Haryana,Gurugram,"Sector-51, Gurugram - HSPCB",09-08-2026 14:00:00,28.4227,77.0667,SO2,8,12,10
India,Haryana,Hisar,"Urban Estate-II, Hisar - HSPCB",09-08-2026 14:00:00,29.14056,75.744941,PM10,22,60,31
India,Haryana,Hisar,"Urban Estate-II, Hisar - HSPCB",09-08-2026 14:00:00,29.14056,75.744941,OZONE,25,27,27
India,Haryana,Jind,"Police Lines, Jind - HSPCB",09-08-2026 14:00:00,29.307814,76.337619,NH3,4,6,5
India,Haryana,Jind,"Police Lines, Jind - HSPCB",09-08-2026 14:00:00,29.307814,76.337619,CO,3,9,6
India,Haryana,Kaithal,"Rishi Nagar, Kaithal - HSPCB",09-08-2026 14:00:00,29.8006,76.4155,CO,16,23,19
India,Delhi,Delhi,"Anand Vihar, Delhi - DPCC",09-08-2026 14:00:00,28.647622,77.315809,PM10,68,345,159
India,Delhi,Delhi,"Ashok Vihar, Delhi - DPCC",09-08-2026 14:00:00,28.695381,77.181665,PM2.5,10,311,99
India,Gujarat,Ahmedabad,"Raikhad, Ahmedabad - IITM",09-08-2026 14:00:00,23.020509,72.579261,PM10,79,115,90
India,Gujarat,Ahmedabad,"Raikhad, Ahmedabad - IITM",09-08-2026 14:00:00,23.020509,72.579261,NO2,6,25,13
India,Gujarat,Ahmedabad,"Raikhad, Ahmedabad - IITM",09-08-2026 14:00:00,23.020509,72.579261,OZONE,4,8,6
India,Gujarat,Gandhinagar,"Sector-10, Gandhinagar - GPCB",09-08-2026 14:00:00,23.221714,72.654328,PM2.5,38,85,57
India,Gujarat,Gandhinagar,"Sector-10, Gandhinagar - GPCB",09-08-2026 14:00:00,23.221714,72.654328,SO2,4,5,4
India,Gujarat,Gandhinagar,"Sector-10, Gandhinagar - GPCB",09-08-2026 14:00:00,23.221714,72.654328,CO,14,21,16
India,Gujarat,Gandhinagar,"GIFT City, Gandhinagar - IITM",09-08-2026 14:00:00,23.163798,72.677768,NO2,17,48,32
India,Gujarat,Mehsana,"Sadanand Nagar, Mehsana - Nexteng Enviro",09-08-2026 14:00:00,23.59315,72.372792,PM2.5,27,99,56
India,Gujarat,Mehsana,"Sadanand Nagar, Mehsana - Nexteng Enviro",09-08-2026 14:00:00,23.59315,72.372792,NH3,0,0,0
India,Delhi,Delhi,"Anand Vihar, Delhi - DPCC",09-08-2026 14:00:00,28.647622,77.315809,PM10,68,345,159
India,Delhi,Delhi,"Nehru Nagar, Delhi - DPCC",09-08-2026 14:00:00,28.56789,77.250515,NO2,19,53,32
India,Delhi,Delhi,"IHBAS, Dilshad Garden, Delhi - CPCB",09-08-2026 14:00:00,28.6811736,77.3025234,PM10,38,70,56
India,Delhi,Delhi,"IHBAS, Dilshad Garden, Delhi - CPCB",09-08-2026 14:00:00,28.6811736,77.3025234,NO2,21,27,25
India,Delhi,Delhi,"Jahangirpuri, Delhi - DPCC",09-08-2026 14:00:00,28.73282,77.170633,CO,35,54,44
India,Delhi,Delhi,"Rohini, Delhi - DPCC",09-08-2026 14:00:00,28.732528,77.11992,PM10,54,139,104
India,Haryana,Karnal,"Sector-12, Karnal - HSPCB",09-08-2026 14:00:00,29.6953,77.0027,NH3,6,12,8
India,Haryana,Kurukshetra,"Sector-7, Kurukshetra - HSPCB",09-08-2026 14:00:00,29.966942,76.875879,NO2,14,19,17
India,Haryana,Kurukshetra,"Sector-7, Kurukshetra - HSPCB",09-08-2026 14:00:00,29.966942,76.875879,NH3,5,6,5
India,Haryana,Mandikhera,"General Hospital, Mandikhera(Nuh) - HSPCB",09-08-2026 14:00:00,27.9002,76.9938,SO2,20,22,21
India,Haryana,Mandikhera,"General Hospital, Mandikhera(Nuh) - HSPCB",09-08-2026 14:00:00,27.9002,76.9938,CO,32,33,33
India,Delhi,Delhi,"Patparganj, Delhi - DPCC",09-08-2026 14:00:00,28.623763,77.287209,CO,1,11,6
India,Delhi,Delhi,"Nehru Nagar, Delhi - DPCC",09-08-2026 14:00:00,28.56789,77.250515,NO2,19,53,32
India,Delhi,Delhi,"IHBAS, Dilshad Garden, Delhi - CPCB",09-08-2026 14:00:00,28.6811736,77.3025234,PM10,38,70,56
India,Delhi,Delhi,"IHBAS, Dilshad Garden, Delhi - CPCB",09-08-2026 14:00:00,28.6811736,77.3025234,NO2,21,27,25
India,Delhi,Delhi,"Jahangirpuri, Delhi - DPCC",09-08-2026 14:00:00,28.73282,77.170633,CO,35,54,44
India,Haryana,Gurugram,"Sector-51, Gurugram - HSPCB",09-08-2026 14:00:00,28.4227,77.0667,PM10,45,264,110
India,Haryana,Gurugram,"Sector-51, Gurugram - HSPCB",09-08-2026 14:00:00,28.4227,77.0667,SO2,8,12,10
India,Haryana,Hisar,"Urban Estate-II, Hisar - HSPCB",09-08-2026 14:00:00,29.14056,75.744941,PM10,22,60,31
India,Haryana,Hisar,"Urban Estate-II, Hisar - HSPCB",09-08-2026 14:00:00,29.14056,75.744941,OZONE,25,27,27
India,Haryana,Jind,"Police Lines, Jind - HSPCB",09-08-2026 14:00:00,29.307814,76.337619,NH3,4,6,5
India,Delhi,Delhi,"Okhla Phase-2, Delhi - DPCC",09-08-2026 14:00:00,28.530785,77.271255,NO2,9,39,24
India,Delhi,Delhi,"Okhla Phase-2, Delhi - DPCC",09-08-2026 14:00:00,28.530785,77.271255,OZONE,5,17,12
India,Delhi,Delhi,"Major Dhyan Chand National Stadium, Delhi - DPCC",09-08-2026 14:00:00,28.611281,77.237738,NH3,3,8,4
India,Delhi,Delhi,"Narela, Delhi - DPCC",09-08-2026 14:00:00,28.822836,77.101981,PM2.5,2,80,47
India,Delhi,Delhi,"Narela, Delhi - DPCC",09-08-2026 14:00:00,28.822836,77.101981,PM10,20,121,76
India,Gujarat,Ahmedabad,"SVPI Airport Hansol, Ahmedabad - IITM",09-08-2026 14:00:00,23.076793,72.627874,NO2,13,50,25
India,Gujarat,Ahmedabad,"SVPI Airport Hansol, Ahmedabad - IITM",09-08-2026 14:00:00,23.076793,72.627874,CO,24,31,26
India,Gujarat,Ahmedabad,"Rakhial, Ahmedabad - IITM",09-08-2026 14:00:00,23.016834,72.625775,NO2,20,56,29
India,Gujarat,Ahmedabad,"Chandkheda, Ahmedabad - IITM",09-08-2026 14:00:00,23.107969,72.574648,PM10,68,115,94
India,Gujarat,Ahmedabad,"Chandkheda, Ahmedabad - IITM",09-08-2026 14:00:00,23.107969,72.574648,CO,1,2,1
India,Delhi,Delhi,"Okhla Phase-2, Delhi - DPCC",09-08-2026 14:00:00,28.530785,77.271255,NO2,9,39,24
India,Delhi,Delhi,"Okhla Phase-2, Delhi - DPCC",09-08-2026 14:00:00,28.530785,77.271255,OZONE,5,17,12
India,Delhi,Delhi,"Major Dhyan Chand National Stadium, Delhi - DPCC",09-08-2026 14:00:00,28.611281,77.237738,NH3,3,8,4
India,Delhi,Delhi,"Narela, Delhi - DPCC",09-08-2026 14:00:00,28.822836,77.101981,PM2.5,2,80,47
India,Delhi,Delhi,"Narela, Delhi - DPCC",09-08-2026 14:00:00,28.822836,77.101981,PM10,20,121,76
India,Gujarat,Ahmedabad,"SVPI Airport Hansol, Ahmedabad - IITM",09-08-2026 14:00:00,23.076793,72.627874,NO2,13,50,25
India,Gujarat,Ahmedabad,"SVPI Airport Hansol, Ahmedabad - IITM",09-08-2026 14:00:00,23.076793,72.627874,CO,24,31,26
India,Gujarat,Ahmedabad,"Rakhial, Ahmedabad - IITM",09-08-2026 14:00:00,23.016834,72.625775,NO2,20,56,29
India,Gujarat,Ahmedabad,"Chandkheda, Ahmedabad - IITM",09-08-2026 14:00:00,23.107969,72.574648,PM10,68,115,94
India,Gujarat,Ahmedabad,"Chandkheda, Ahmedabad - IITM",09-08-2026 14:00:00,23.107969,72.574648,CO,1,2,1
India,Delhi,Delhi,"IMD Lodhi Road, Delhi - IITM",09-08-2026 14:00:00,28.5918245,77.2273074,PM10,32,72,56
India,Delhi,Delhi,"IMD Lodhi Road, Delhi - IITM",09-08-2026 14:00:00,28.5918245,77.2273074,NH3,NA,NA,NA
India,Delhi,Delhi,"IMD Lodhi Road, Delhi - IITM",09-08-2026 14:00:00,28.5918245,77.2273074,OZONE,7,41,27
India,Delhi,Delhi,"North Campus, DU, Delhi - IITM",09-08-2026 14:00:00,28.6573814,77.1585447,PM2.5,24,189,85
India,Delhi,Delhi,"North Campus, DU, Delhi - IITM",09-08-2026 14:00:00,28.6573814,77.1585447,PM10,2,127,75
India,Delhi,Delhi,"R K Puram, Delhi - DPCC",09-08-2026 14:00:00,28.563262,77.186937,NO2,NA,NA,NA
India,Delhi,Delhi,"R K Puram, Delhi - DPCC",09-08-2026 14:00:00,28.563262,77.186937,SO2,NA,NA,NA
India,Delhi,Delhi,"IIT Delhi, Delhi - IITM",09-08-2026 14:00:00,28.54246,77.191651,PM2.5,13,61,45
India,Delhi,Delhi,"IIT Delhi, Delhi - IITM",09-08-2026 14:00:00,28.54246,77.191651,PM10,14,358,99
India,Delhi,Delhi,"IIT Delhi, Delhi - IITM",09-08-2026 14:00:00,28.54246,77.191651,NO2,10,39,23
India,Delhi,Delhi,"R K Puram, Delhi - DPCC",09-08-2026 14:00:00,28.563262,77.186937,NO2,NA,NA,NA
India,Delhi,Delhi,"R K Puram, Delhi - DPCC",09-08-2026 14:00:00,28.563262,77.186937,SO2,NA,NA,NA
India,Delhi,Delhi,"IIT Delhi, Delhi - IITM",09-08-2026 14:00:00,28.54246,77.191651,PM2.5,13,61,45
India,Delhi,Delhi,"IIT Delhi, Delhi - IITM",09-08-2026 14:00:00,28.54246,77.191651,PM10,14,358,99
India,Delhi,Delhi,"IIT Delhi, Delhi - IITM",09-08-2026 14:00:00,28.54246,77.191651,NO2,10,39,23
India,Delhi,Delhi,"Dr. Karni Singh Shooting Range, Delhi - DPCC",09-08-2026 14:00:00,28.498571,77.26484,NH3,7,9,8
India,Delhi,Delhi,"Dwarka-Sector 8, Delhi - DPCC ",09-08-2026 14:00:00,28.5710274,77.0719006,SO2,12,15,14
India,Maharashtra,Dhule,"Deopur, Dhule - MPCB",09-08-2026 14:00:00,20.918946,74.776388,PM2.5,24,42,31
India,Maharashtra,Dhule,"Deopur, Dhule - MPCB",09-08-2026 14:00:00,20.918946,74.776388,NO2,5,13,8
India,Maharashtra,Dombivli,"Kalu Nagar, Dombivli - MPCB",09-08-2026 14:00:00,19.2268427,73.0788456,PM10,9,57,28
India,Maharashtra,Dombivli,"Kalu Nagar, Dombivli - MPCB",09-08-2026 14:00:00,19.2268427,73.0788456,CO,10,16,13
India,Maharashtra,Hingoli,"Ashta Vinayak Nagar, Hingoli - MPCB",09-08-2026 14:00:00,19.710842,77.151824,PM10,47,73,63
India,Maharashtra,Hingoli,"Ashta Vinayak Nagar, Hingoli - MPCB",09-08-2026 14:00:00,19.710842,77.151824,SO2,3,7,5
India,Maharashtra,Jalgaon,"Prabhat Colony, Jalgaon - MPCB",09-08-2026 14:00:00,21.001264,75.565602,PM2.5,18,60,36
India,Maharashtra,Jalgaon,"Prabhat Colony, Jalgaon - MPCB",09-08-2026 14:00:00,21.001264,75.565602,SO2,3,5,4
India,Maharashtra,Jalna,"Old MIDC, Jalna - MPCB",09-08-2026 14:00:00,19.854616,75.905894,PM10,33,98,58
India,Maharashtra,Jalna,"Old MIDC, Jalna - MPCB",09-08-2026 14:00:00,19.854616,75.905894,NH3,3,5,4
India,Maharashtra,Jalna,"Old MIDC, Jalna - MPCB",09-08-2026 14:00:00,19.854616,75.905894,CO,23,28,25
India,Maharashtra,Kalyan,"Pimpleshwar Mandir, Kalyan - MPCB",09-08-2026 14:00:00,19.192056,72.9585188,NH3,NA,NA,NA
India,Maharashtra,Kalyan,"Khadakpada, Kalyan - MPCB",09-08-2026 14:00:00,19.25292,73.142019,PM2.5,NA,NA,NA
India,Maharashtra,Kalyan,"Khadakpada, Kalyan - MPCB",09-08-2026 14:00:00,19.25292,73.142019,NO2,NA,NA,NA
India,Maharashtra,Kolhapur,"Shivaji University, Kolhapur - MPCB",09-08-2026 14:00:00,16.6870449,74.2505872,PM2.5,21,38,28
India,Maharashtra,Kolhapur,"Sinchan Bhavan, Kolhapur - MPCB",09-08-2026 14:00:00,16.7143745,74.2426398,NO2,2,42,22
India,Maharashtra,Kolhapur,"Sinchan Bhavan, Kolhapur - MPCB",09-08-2026 14:00:00,16.7143745,74.2426398,SO2,0,1,0
India,Maharashtra,Kolhapur,"Sinchan Bhavan, Kolhapur - MPCB",09-08-2026 14:00:00,16.7143745,74.2426398,OZONE,13,22,19
India,Maharashtra,Latur,"Sawe Wadi, Latur - MPCB",09-08-2026 14:00:00,18.39963,76.57452,PM2.5,11,37,30
India,Madhya Pradesh,Katni,"Gole Bazar, Katni - MPPCB",09-08-2026 14:00:00,23.50016,80.23284,NH3,NA,NA,NA
India,Madhya Pradesh,Maihar,"Sahilara, Maihar - KJS Cements",09-08-2026 14:00:00,24.2613009,80.7231783,PM2.5,NA,NA,NA
India,Madhya Pradesh,Maihar,"Sahilara, Maihar - KJS Cements",09-08-2026 14:00:00,24.2613009,80.7231783,PM10,1,23,10
India,Madhya Pradesh,Maihar,"Sahilara, Maihar - KJS Cements",09-08-2026 14:00:00,24.2613009,80.7231783,NO2,14,20,18
India,Maharashtra,Jalna,"Old MIDC, Jalna - MPCB",09-08-2026 14:00:00,19.854616,75.905894,NH3,3,5,4
India,Maharashtra,Jalna,"Old MIDC, Jalna - MPCB",09-08-2026 14:00:00,19.854616,75.905894,CO,23,28,25
India,Maharashtra,Kalyan,"Pimpleshwar Mandir, Kalyan - MPCB",09-08-2026 14:00:00,19.192056,72.9585188,NH3,NA,NA,NA
India,Maharashtra,Kalyan,"Khadakpada, Kalyan - MPCB",09-08-2026 14:00:00,19.25292,73.142019,PM2.5,NA,NA,NA
India,Maharashtra,Kalyan,"Khadakpada, Kalyan - MPCB",09-08-2026 14:00:00,19.25292,73.142019,NO2,NA,NA,NA
India,Maharashtra,Kolhapur,"Shivaji University, Kolhapur - MPCB",09-08-2026 14:00:00,16.6870449,74.2505872,PM2.5,21,38,28
India,Madhya Pradesh,Mandideep,"Sector-D Industrial Area, Mandideep - MPPCB",09-08-2026 14:00:00,23.10844,77.511428,NH3,3,4,3
India,Madhya Pradesh,Sagar,"Civil Lines, Sagar - MPPCB",09-08-2026 14:00:00,23.838586,78.759431,PM10,6,51,25
India,Madhya Pradesh,Satna,"Bandhavgar Colony, Satna - Birla Cement",09-08-2026 14:00:00,24.58434363,80.8549414,PM2.5,48,52,50
India,Madhya Pradesh,Singrauli,"Suryakiran Bhawan NCL, Singrauli - MPPCB",09-08-2026 14:00:00,24.10897,82.64558,SO2,69,103,77
India,Maharashtra,Ambernath,"Chinchpada, Ambernath - MPCB",09-08-2026 14:00:00,19.215784,73.199781,NH3,2,3,2
India,Maharashtra,Ambernath,"Chinchpada, Ambernath - MPCB",09-08-2026 14:00:00,19.215784,73.199781,SO2,5,12,8
India,Maharashtra,Amravati,"Shri Shivaji Science College, Amravati - MPCB",09-08-2026 14:00:00,20.939198,77.765701,PM2.5,20,37,28
India,Maharashtra,Amravati,"Shri Shivaji Science College, Amravati - MPCB",09-08-2026 14:00:00,20.939198,77.765701,NO2,3,13,6
India,Maharashtra,Amravati,"Shivneri Colony, Amravati - MPCB",09-08-2026 14:00:00,20.9402359,77.7895248,PM10,45,81,64
India,Maharashtra,Amravati,"Shivneri Colony, Amravati - MPCB",09-08-2026 14:00:00,20.9402359,77.7895248,CO,5,18,16
India,Maharashtra,Aurangabad,"MIDC Chilkalthana, Aurangabad - MPCB",09-08-2026 14:00:00,19.87562,75.38731,NO2,9,12,11
India,Maharashtra,Aurangabad,"MIDC Chilkalthana, Aurangabad - MPCB",09-08-2026 14:00:00,19.87562,75.38731,NH3,1,2,1
India,Maharashtra,Badlapur,"Katrap, Badlapur - MPCB",09-08-2026 14:00:00,19.16485,73.23409,PM2.5,7,21,12
India,Maharashtra,Badlapur,"Katrap, Badlapur - MPCB",09-08-2026 14:00:00,19.16485,73.23409,NO2,22,24,23
India,Maharashtra,Badlapur,"Katrap, Badlapur - MPCB",09-08-2026 14:00:00,19.16485,73.23409,NH3,2,12,10
India,Maharashtra,Belapur,"CBD Belapur, Belapur - MPCB",09-08-2026 14:00:00,19.0243902,73.0406721,PM10,3,21,8
India,Maharashtra,Belapur,"CBD Belapur, Belapur - MPCB",09-08-2026 14:00:00,19.0243902,73.0406721,NO2,12,23,18
India,Maharashtra,Bhiwandi,"Gokul Nagar, Bhiwandi - MPCB",09-08-2026 14:00:00,19.309073,73.057223,PM2.5,18,19,18
India,Maharashtra,Boisar,"Khaira, Boisar - MPCB",09-08-2026 14:00:00,19.786089,72.757971,SO2,4,6,5
India,Maharashtra,Boisar,"Khaira, Boisar - MPCB",09-08-2026 14:00:00,19.786089,72.757971,OZONE,26,47,35
India,Maharashtra,Chandrapur,"MIDC Khutala, Chandrapur - MPCB",09-08-2026 14:00:00,19.9775302,79.2337086,SO2,NA,NA,NA
India,Maharashtra,Chandrapur,"Chauhan Colony, Chandrapur - MPCB",09-08-2026 14:00:00,19.9629,79.298714,PM2.5,20,67,41
India,Maharashtra,Latur,"Sawe Wadi, Latur - MPCB",09-08-2026 14:00:00,18.39963,76.57452,CO,11,15,13
India,Maharashtra,Mahad,"Kamble Tarf Birwadi, Mahad - MPCB",09-08-2026 14:00:00,18.1023399,73.4783687,NH3,7,8,8
India,Maharashtra,Malegaon,"Mahesh Nagar, Malegaon - MPCB",09-08-2026 14:00:00,20.555712,74.529236,PM2.5,23,47,35
India,Maharashtra,Malegaon,"Mahesh Nagar, Malegaon - MPCB",09-08-2026 14:00:00,20.555712,74.529236,SO2,0,3,1
India,Maharashtra,Mira-Bhayandar,"Bhayandar West, Mira-Bhayandar - MPCB",09-08-2026 14:00:00,19.296481,72.840923,PM2.5,18,41,29
India,Maharashtra,Mira-Bhayandar,"Bhayandar West, Mira-Bhayandar - MPCB",09-08-2026 14:00:00,19.296481,72.840923,NH3,1,2,1
India,Maharashtra,Mira-Bhayandar,"Bhayandar West, Mira-Bhayandar - MPCB",09-08-2026 14:00:00,19.296481,72.840923,SO2,2,3,3
India,Maharashtra,Mumbai,"Mazgaon, Mumbai - IITM",09-08-2026 14:00:00,18.96702,72.84214,PM10,44,62,52
India,Maharashtra,Mumbai,"Mazgaon, Mumbai - IITM",09-08-2026 14:00:00,18.96702,72.84214,OZONE,18,20,19
India,Maharashtra,Mumbai,"Malad West, Mumbai - IITM",09-08-2026 14:00:00,19.19709,72.82204,PM10,16,41,26
India,Maharashtra,Mumbai,"Chembur, Mumbai - MPCB",09-08-2026 14:00:00,19.0364585,72.8954371,PM2.5,10,28,18
India,Maharashtra,Mumbai,"Chembur, Mumbai - MPCB",09-08-2026 14:00:00,19.0364585,72.8954371,NH3,13,23,18
India,Maharashtra,Malegaon,"Mahesh Nagar, Malegaon - MPCB",09-08-2026 14:00:00,20.555712,74.529236,SO2,0,3,1
India,Maharashtra,Mira-Bhayandar,"Bhayandar West, Mira-Bhayandar - MPCB",09-08-2026 14:00:00,19.296481,72.840923,PM2.5,18,41,29
India,Maharashtra,Mira-Bhayandar,"Bhayandar West, Mira-Bhayandar - MPCB",09-08-2026 14:00:00,19.296481,72.840923,NH3,1,2,1
India,Maharashtra,Mira-Bhayandar,"Bhayandar West, Mira-Bhayandar - MPCB",09-08-2026 14:00:00,19.296481,72.840923,SO2,2,3,3
India,Maharashtra,Mumbai,"Mazgaon, Mumbai - IITM",09-08-2026 14:00:00,18.96702,72.84214,PM10,44,62,52
India,Maharashtra,Mumbai,"Mazgaon, Mumbai - IITM",09-08-2026 14:00:00,18.96702,72.84214,OZONE,18,20,19
India,Maharashtra,Mumbai,"Malad West, Mumbai - IITM",09-08-2026 14:00:00,19.19709,72.82204,PM10,16,41,26
India,Maharashtra,Mumbai,"Chembur, Mumbai - MPCB",09-08-2026 14:00:00,19.0364585,72.8954371,PM2.5,10,28,18
India,Maharashtra,Amravati,"Shri Shivaji Science College, Amravati - MPCB",09-08-2026 14:00:00,20.939198,77.765701,NO2,3,13,6
India,Maharashtra,Amravati,"Shivneri Colony, Amravati - MPCB",09-08-2026 14:00:00,20.9402359,77.7895248,PM10,45,81,64
India,Maharashtra,Amravati,"Shivneri Colony, Amravati - MPCB",09-08-2026 14:00:00,20.9402359,77.7895248,CO,5,18,16
India,Maharashtra,Aurangabad,"MIDC Chilkalthana, Aurangabad - MPCB",09-08-2026 14:00:00,19.87562,75.38731,NO2,9,12,11
India,Maharashtra,Aurangabad,"MIDC Chilkalthana, Aurangabad - MPCB",09-08-2026 14:00:00,19.87562,75.38731,NH3,1,2,1
India,Maharashtra,Badlapur,"Katrap, Badlapur - MPCB",09-08-2026 14:00:00,19.16485,73.23409,PM2.5,7,21,12
India,Maharashtra,Badlapur,"Katrap, Badlapur - MPCB",09-08-2026 14:00:00,19.16485,73.23409,NO2,22,24,23
India,Maharashtra,Badlapur,"Katrap, Badlapur - MPCB",09-08-2026 14:00:00,19.16485,73.23409,NH3,2,12,10
India,Maharashtra,Belapur,"CBD Belapur, Belapur - MPCB",09-08-2026 14:00:00,19.0243902,73.0406721,PM10,3,21,8
India,Maharashtra,Belapur,"CBD Belapur, Belapur - MPCB",09-08-2026 14:00:00,19.0243902,73.0406721,NO2,12,23,18
India,Maharashtra,Bhiwandi,"Gokul Nagar, Bhiwandi - MPCB",09-08-2026 14:00:00,19.309073,73.057223,PM2.5,18,19,18
India,Maharashtra,Boisar,"Khaira, Boisar - MPCB",09-08-2026 14:00:00,19.786089,72.757971,SO2,4,6,5
India,Maharashtra,Nagpur,"Mahal, Nagpur - MPCB",09-08-2026 14:00:00,21.14472,79.107595,NO2,9,19,13
India,Maharashtra,Nanded,"Sneh Nagar, Nanded - MPCB",09-08-2026 14:00:00,19.173852,77.296291,NH3,3,6,4
India,Maharashtra,Nashik,"Pandav Nagari, Nashik - MPCB",09-08-2026 14:00:00,19.9591346,73.7788008,PM2.5,8,26,15
India,Maharashtra,Mumbai,"Chakala-Andheri East, Mumbai - IITM",09-08-2026 14:00:00,19.11074,72.86084,OZONE,10,14,12
India,Maharashtra,Mumbai,"Byculla, Mumbai - BMC",09-08-2026 14:00:00,18.9767,72.838,PM10,31,50,40
India,Maharashtra,Mumbai,"Khindipada-Bhandup West, Mumbai - IITM",09-08-2026 14:00:00,19.1653323,72.922099,OZONE,21,31,26
India,Maharashtra,Mumbai,"Mindspace-Malad West, Mumbai - MPCB",09-08-2026 14:00:00,19.1878657,72.8304069,PM2.5,13,18,15
India,Maharashtra,Mumbai,"Borivali East, Mumbai - IITM",09-08-2026 14:00:00,19.23241,72.86895,SO2,NA,NA,NA
India,Maharashtra,Mumbai,"Worli, Mumbai - MPCB",09-08-2026 14:00:00,18.9936162,72.8128113,PM2.5,22,53,39
India,Maharashtra,Mumbai,"Worli, Mumbai - MPCB",09-08-2026 14:00:00,18.9936162,72.8128113,OZONE,8,9,9
India,Karnataka,Karwar,"KHB Colony, Karwar - KSPCB",09-08-2026 14:00:00,14.816666,74.141003,CO,26,50,32
India,Karnataka,Madikeri,"Stuart Hill, Madikeri - KSPCB",09-08-2026 14:00:00,12.415911,75.73505,NH3,1,1,1
India,Karnataka,Madikeri,"Stuart Hill, Madikeri - KSPCB",09-08-2026 14:00:00,12.415911,75.73505,SO2,6,7,7
India,Karnataka,Mangalore,"Kadri, Mangalore - KSPCB",09-08-2026 14:00:00,12.88925,74.853,OZONE,37,37,37
India,Karnataka,Mysuru,"Hebbal 1st Stage, Mysuru - KSPCB",09-08-2026 14:00:00,12.21041,76.37376,CO,4,20,12
India,Karnataka,Mysuru,"Hebbal 1st Stage, Mysuru - KSPCB",09-08-2026 14:00:00,12.21041,76.37376,OZONE,8,32,19
India,Karnataka,Yadgir,"Collector Office, Yadgir - KSPCB",09-08-2026 14:00:00,16.7602,77.1428,NO2,NA,NA,NA
India,Kerala,Eloor,"Udyogamandal, Eloor - Kerala PCB",09-08-2026 14:00:00,10.073232,76.302765,NO2,NA,NA,NA
India,Kerala,Kannur,"Thavakkara, Kannur - Kerala PCB",09-08-2026 14:00:00,11.875,75.3732,CO,10,11,10
India,Kerala,Thiruvananthapuram,"Kariavattom, Thiruvananthapuram - Kerala PCB",09-08-2026 14:00:00,8.5637,76.8865,NH3,0,0,0
India,Madhya Pradesh,Indore,"Airport Area, Indore - IMC",09-08-2026 14:00:00,22.7289,75.8076,OZONE,4,5,5
India,Madhya Pradesh,Indore,"Maguda Nagar, Indore - IMC",09-08-2026 14:00:00,22.7524,75.8872,PM2.5,24,44,34
India,Madhya Pradesh,Indore,"Chhoti Gwaltoli, Indore - MPPCB",09-08-2026 14:00:00,22.431,75.5213,CO,13,25,18
India,Madhya Pradesh,Indore,"Residency Area, Indore - IMC",09-08-2026 14:00:00,22.7084,75.8815,PM2.5,31,58,42
India,Madhya Pradesh,Indore,"Residency Area, Indore - IMC",09-08-2026 14:00:00,22.7084,75.8815,PM10,43,76,55
India,Madhya Pradesh,Indore,"Residency Area, Indore - IMC",09-08-2026 14:00:00,22.7084,75.8815,NH3,0,0,0
India,Madhya Pradesh,Jabalpur,"Marhatal, Jabalpur - MPPCB",09-08-2026 14:00:00,23.168606,79.932247,NO2,49,56,52
India,Madhya Pradesh,Jabalpur,"Suhagi, Jabalpur - JMC",09-08-2026 14:00:00,23.218135,79.95777,OZONE,24,33,28
India,Madhya Pradesh,Jabalpur,"Govindh Bhavan Colony, Jabalpur - JMC",09-08-2026 14:00:00,23.163174,79.973061,PM2.5,3,48,23
India,Madhya Pradesh,Jabalpur,"Gupteshwar, Jabalpur - JMC",09-08-2026 14:00:00,23.142888,79.916147,SO2,11,16,13
India,Karnataka,Hubballi,"Lingaraj Nagar, Hubballi - KSPCB",09-08-2026 14:00:00,15.3714823,75.1160168,NO2,11,11,11
India,Karnataka,Hubballi,"Lingaraj Nagar, Hubballi - KSPCB",09-08-2026 14:00:00,15.3714823,75.1160168,OZONE,24,24,24
India,Karnataka,Karwar,"KHB Colony, Karwar - KSPCB",09-08-2026 14:00:00,14.816666,74.141003,PM2.5,35,81,51
India,Karnataka,Karwar,"KHB Colony, Karwar - KSPCB",09-08-2026 14:00:00,14.816666,74.141003,CO,26,50,32
India,Karnataka,Madikeri,"Stuart Hill, Madikeri - KSPCB",09-08-2026 14:00:00,12.415911,75.73505,NH3,1,1,1
India,Karnataka,Madikeri,"Stuart Hill, Madikeri - KSPCB",09-08-2026 14:00:00,12.415911,75.73505,SO2,6,7,7
India,Karnataka,Mangalore,"Kadri, Mangalore - KSPCB",09-08-2026 14:00:00,12.88925,74.853,OZONE,37,37,37
India,Karnataka,Mysuru,"Hebbal 1st Stage, Mysuru - KSPCB",09-08-2026 14:00:00,12.21041,76.37376,CO,4,20,12
India,Karnataka,Mysuru,"Hebbal 1st Stage, Mysuru - KSPCB",09-08-2026 14:00:00,12.21041,76.37376,OZONE,8,32,19
India,Karnataka,Yadgir,"Collector Office, Yadgir - KSPCB",09-08-2026 14:00:00,16.7602,77.1428,NO2,NA,NA,NA
India,Meghalaya,Shillong,"JN Stadium, Shillong - Meghalaya PCB",09-08-2026 14:00:00,25.5803419,91.8942571,PM2.5,NA,NA,NA
India,Meghalaya,Shillong,"JN Stadium, Shillong - Meghalaya PCB",09-08-2026 14:00:00,25.5803419,91.8942571,SO2,26,30,29
India,Meghalaya,Shillong,"JN Stadium, Shillong - Meghalaya PCB",09-08-2026 14:00:00,25.5803419,91.8942571,CO,13,22,18
India,Mizoram,Aizawl,"Sikulpuikawn, Aizawl - Mizoram PCB",09-08-2026 14:00:00,23.7176342,92.7192841,PM2.5,NA,NA,NA
India,Mizoram,Aizawl,"Sikulpuikawn, Aizawl - Mizoram PCB",09-08-2026 14:00:00,23.7176342,92.7192841,OZONE,0,0,0
India,Nagaland,Kohima,"PWD Junction, Kohima - NPCB",09-08-2026 14:00:00,25.6635413,94.0989878,SO2,46,60,52
India,Nagaland,Kohima,"PWD Junction, Kohima - NPCB",09-08-2026 14:00:00,25.6635413,94.0989878,OZONE,NA,NA,NA
India,Odisha,Balasore,"Kalidaspur, Balasore - OSPCB",09-08-2026 14:00:00,21.51161,86.89088,PM2.5,3,30,19
India,Odisha,Balasore,"Kalidaspur, Balasore - OSPCB",09-08-2026 14:00:00,21.51161,86.89088,OZONE,24,41,34
India,Odisha,Barbil,"Forest Office, Barbil - OSPCB",09-08-2026 14:00:00,22.1166054,85.3945546,CO,9,13,11
India,Rajasthan,Alwar,"Moti Doongri, Alwar - RSPCB",09-08-2026 14:00:00,27.554793,76.611536,CO,5,70,42
India,Rajasthan,Alwar,"Vigyan Nagar, Alwar - RSPCB",09-08-2026 14:00:00,27.598796,76.63861,PM10,1,106,66
India,Rajasthan,Alwar,"Vigyan Nagar, Alwar - RSPCB",09-08-2026 14:00:00,27.598796,76.63861,NH3,6,10,8
India,Rajasthan,Alwar,"Vigyan Nagar, Alwar - RSPCB",09-08-2026 14:00:00,27.598796,76.63861,SO2,5,11,7
India,Rajasthan,Banswara,"Rati Talai, Banswara - RSPCB",09-08-2026 14:00:00,23.55519,74.44001,SO2,10,27,11
India,Rajasthan,Baran,"Bamboliya, Baran - RSPCB",09-08-2026 14:00:00,25.106006,76.469948,PM10,25,88,55
India,Rajasthan,Baran,"Bamboliya, Baran - RSPCB",09-08-2026 14:00:00,25.106006,76.469948,NH3,2,4,3
India,Rajasthan,Barmer,"Railway Colony, Barmer - RSPCB",09-08-2026 14:00:00,25.747299,71.393989,PM10,43,118,81
India,Rajasthan,Barmer,"Railway Colony, Barmer - RSPCB",09-08-2026 14:00:00,25.747299,71.393989,NO2,1,11,5
India,Rajasthan,Barmer,"Railway Colony, Barmer - RSPCB",09-08-2026 14:00:00,25.747299,71.393989,NH3,2,6,4
India,Meghalaya,Byrnihat,"15th Mile-Nongthymmai, Byrnihat -Meghalaya PCB",09-08-2026 14:00:00,26.079047,91.875185,PM10,22,229,81
India,Meghalaya,Byrnihat,"15th Mile-Nongthymmai, Byrnihat -Meghalaya PCB",09-08-2026 14:00:00,26.079047,91.875185,NO2,NA,NA,NA
India,Meghalaya,Byrnihat,"15th Mile-Nongthymmai, Byrnihat -Meghalaya PCB",09-08-2026 14:00:00,26.079047,91.875185,OZONE,NA,NA,NA
India,Meghalaya,Shillong,"Lumpyngngad, Shillong - Meghalaya PCB",09-08-2026 14:00:00,25.5586,91.8985,CO,8,11,10
India,Meghalaya,Shillong,"Lumpyngngad, Shillong - Meghalaya PCB",09-08-2026 14:00:00,25.5586,91.8985,OZONE,6,13,9
India,Meghalaya,Shillong,"JN Stadium, Shillong - Meghalaya PCB",09-08-2026 14:00:00,25.5803419,91.8942571,PM2.5,NA,NA,NA
India,Meghalaya,Shillong,"JN Stadium, Shillong - Meghalaya PCB",09-08-2026 14:00:00,25.5803419,91.8942571,SO2,26,30,29
India,Meghalaya,Shillong,"JN Stadium, Shillong - Meghalaya PCB",09-08-2026 14:00:00,25.5803419,91.8942571,CO,13,22,18
India,Mizoram,Aizawl,"Sikulpuikawn, Aizawl - Mizoram PCB",09-08-2026 14:00:00,23.7176342,92.7192841,PM2.5,NA,NA,NA
India,Mizoram,Aizawl,"Sikulpuikawn, Aizawl - Mizoram PCB",09-08-2026 14:00:00,23.7176342,92.7192841,OZONE,0,0,0
India,Maharashtra,Mumbai,"Chhatrapati Shivaji Intl. Airport (T2), Mumbai - MPCB",09-08-2026 14:00:00,19.10078,72.87462,PM2.5,NA,NA,NA
India,Maharashtra,Mumbai,"Navy Nagar-Colaba, Mumbai - IITM",09-08-2026 14:00:00,18.897756,72.81332,SO2,1,18,9
India,Maharashtra,Mumbai,"Mulund West, Mumbai - MPCB",09-08-2026 14:00:00,19.175,72.9419,NO2,12,13,13
India,Maharashtra,Mumbai,"Sewri, Mumbai - BMC",09-08-2026 14:00:00,19.000084,72.85673,PM2.5,9,19,13
India,Maharashtra,Mumbai,"Sewri, Mumbai - BMC",09-08-2026 14:00:00,19.000084,72.85673,PM10,29,55,43
India,Maharashtra,Mumbai,"Sion, Mumbai - MPCB",09-08-2026 14:00:00,19.047,72.8746,PM10,10,22,14
India,Maharashtra,Mumbai,"Sion, Mumbai - MPCB",09-08-2026 14:00:00,19.047,72.8746,SO2,4,5,5
India,Maharashtra,Mumbai,"Sion, Mumbai - MPCB",09-08-2026 14:00:00,19.047,72.8746,CO,NA,NA,NA
India,Maharashtra,Mumbai,"Deonar, Mumbai - IITM",09-08-2026 14:00:00,19.04946,72.923,PM2.5,23,56,36
India,Maharashtra,Mumbai,"Deonar, Mumbai - IITM",09-08-2026 14:00:00,19.04946,72.923,PM10,18,77,48
India,Rajasthan,Barmer,"Railway Colony, Barmer - RSPCB",09-08-2026 14:00:00,25.747299,71.393989,PM10,43,118,81
India,Rajasthan,Barmer,"Railway Colony, Barmer - RSPCB",09-08-2026 14:00:00,25.747299,71.393989,NO2,1,11,5
India,Rajasthan,Barmer,"Railway Colony, Barmer - RSPCB",09-08-2026 14:00:00,25.747299,71.393989,NH3,2,6,4
India,Rajasthan,Bhilwara,"Pratap Nagar, Bhilwara - RSPCB",09-08-2026 14:00:00,25.339605,74.618883,NH3,1,7,3
India,Rajasthan,Bhilwara,"Pratap Nagar, Bhilwara - RSPCB",09-08-2026 14:00:00,25.339605,74.618883,OZONE,32,48,41
India,Rajasthan,Bhiwadi,"RIICO Ind. Area III, Bhiwadi - RSPCB",09-08-2026 14:00:00,28.194909,76.862296,NO2,19,80,44
India,Rajasthan,Bhiwadi,"Vasundhara Nagar_UIT, Bhiwadi - RSPCB",09-08-2026 14:00:00,28.207266,76.829265,OZONE,22,33,29
India,Rajasthan,Bikaner,"MM Ground, Bikaner - RSPCB",09-08-2026 14:00:00,28.018792,73.292658,NO2,3,41,13
India,Rajasthan,Bikaner,"MM Ground, Bikaner - RSPCB",09-08-2026 14:00:00,28.018792,73.292658,NH3,2,6,3
India,Rajasthan,Bikaner,"MM Ground, Bikaner - RSPCB",09-08-2026 14:00:00,28.018792,73.292658,SO2,2,6,4
India,Rajasthan,Bikaner,"MM Ground, Bikaner - RSPCB",09-08-2026 14:00:00,28.018792,73.292658,CO,14,23,17
India,Rajasthan,Bundi,"New Colony, Bundi - RSPCB",09-08-2026 14:00:00,25.435774,75.644272,OZONE,12,35,20
India,Rajasthan,Jaipur,"Adarsh Nagar, Jaipur - RSPCB",09-08-2026 14:00:00,26.902909,75.836858,SO2,18,26,23
India,Rajasthan,Jaipur,"Adarsh Nagar, Jaipur - RSPCB",09-08-2026 14:00:00,26.902909,75.836858,OZONE,13,19,18
India,Rajasthan,Jalore,"Mudtra Sili, Jalore - RSPCB",09-08-2026 14:00:00,25.344694,72.626208,PM2.5,23,52,35
India,Rajasthan,Jhalawar,"Rajlaxmi Nagar, Jhalawar - RSPCB",09-08-2026 14:00:00,24.588397,76.172782,PM2.5,28,73,50
India,Rajasthan,Jhalawar,"Rajlaxmi Nagar, Jhalawar - RSPCB",09-08-2026 14:00:00,24.588397,76.172782,CO,27,37,33
India,Rajasthan,Jhunjhunu,"Indra Nagar, Jhunjhunu - RSPCB",09-08-2026 14:00:00,28.108988,75.386577,NO2,3,19,9
India,Rajasthan,Jodhpur,"Samrat Ashok Udhyan, Jodhpur - RSPCB",09-08-2026 14:00:00,26.253384,72.976571,NO2,1,11,4
India,Rajasthan,Jodhpur,"Samrat Ashok Udhyan, Jodhpur - RSPCB",09-08-2026 14:00:00,26.253384,72.976571,OZONE,11,22,17
India,Rajasthan,Jodhpur,"Collectorate, Jodhpur - RSPCB",09-08-2026 14:00:00,26.268249,73.0193853,PM2.5,42,76,58
India,Rajasthan,Jodhpur,"Collectorate, Jodhpur - RSPCB",09-08-2026 14:00:00,26.268249,73.0193853,PM10,63,114,89
India,Rajasthan,Jodhpur,"Collectorate, Jodhpur - RSPCB",09-08-2026 14:00:00,26.268249,73.0193853,NO2,16,24,20
India,Rajasthan,Jodhpur,"Jhalamand, Jodhpur - RSPCB",09-08-2026 14:00:00,26.215415,73.070156,CO,8,13,10
India,Rajasthan,Karauli,"Satyawati Vihar, Karauli - RSPCB",09-08-2026 14:00:00,26.506177,77.025989,OZONE,2,5,4
India,Rajasthan,Khairthal,"New Anaj Mandi, Khairthal - RSPCB",09-08-2026 14:00:00,27.8015617,76.6365217,NO2,2,15,5
India,Rajasthan,Khairthal,"New Anaj Mandi, Khairthal - RSPCB",09-08-2026 14:00:00,27.8015617,76.6365217,NH3,2,11,5
India,Rajasthan,Khairthal,"New Anaj Mandi, Khairthal - RSPCB",09-08-2026 14:00:00,27.8015617,76.6365217,SO2,5,5,5
India,Rajasthan,Chittorgarh,"Shastri Nagar, Chittorgarh - RSPCB",09-08-2026 14:00:00,24.892047,74.623527,CO,19,31,23
India,Rajasthan,Churu,"Subash Chowk, Churu - RSPCB",09-08-2026 14:00:00,28.296139,74.961696,CO,24,26,25
India,Odisha,Rourkela,"Fertilizer Township, Rourkela - OSPCB",09-08-2026 14:00:00,22.18972222,84.86277778,CO,23,28,26
India,Odisha,Rourkela,"Raghunathpali, Rourkela - OSPCB",09-08-2026 14:00:00,22.220833,84.809444,PM10,8,38,23
India,Odisha,Talcher,"Talcher Coalfields,Talcher - OSPCB",09-08-2026 14:00:00,20.9360711,85.1707021,PM10,NA,NA,NA
India,Odisha,Talcher,"Talcher Coalfields,Talcher - OSPCB",09-08-2026 14:00:00,20.9360711,85.1707021,SO2,85,133,117
India,Maharashtra,Nanded,"Sneh Nagar, Nanded - MPCB",09-08-2026 14:00:00,19.173852,77.296291,NH3,3,6,4
India,Maharashtra,Nashik,"Pandav Nagari, Nashik - MPCB",09-08-2026 14:00:00,19.9591346,73.7788008,PM2.5,8,26,15
India,Maharashtra,Nashik,"Gangapur Road, Nashik - MPCB",09-08-2026 14:00:00,20.0073285,73.7762427,PM10,14,118,43
India,Maharashtra,Nashik,"Hirawadi, Nashik - MPCB",09-08-2026 14:00:00,20.021503,73.813844,NO2,1,9,7
India,Maharashtra,Navi Mumbai,"Sanpada, Navi Mumbai - MPCB",09-08-2026 14:00:00,19.0575752,73.0151367,NO2,1,6,3
India,Maharashtra,Navi Mumbai,"Sanpada, Navi Mumbai - MPCB",09-08-2026 14:00:00,19.0575752,73.0151367,OZONE,6,12,9
India,Rajasthan,Jaipur,"Police Commissionerate, Jaipur - RSPCB",09-08-2026 14:00:00,26.9164092,75.7994901,OZONE,24,30,28
India,Rajasthan,Jaipur,"Mansarovar Sector-12, Jaipur - RSPCB",09-08-2026 14:00:00,26.843698,75.766894,PM2.5,7,40,19
India,Rajasthan,Jaipur,"Mansarovar Sector-12, Jaipur - RSPCB",09-08-2026 14:00:00,26.843698,75.766894,NH3,2,3,2
India,Rajasthan,Kota,"Shrinath Puram, Kota - RSPCB",09-08-2026 14:00:00,25.14389,75.821256,PM2.5,42,71,55
India,Rajasthan,Kota,"Shrinath Puram, Kota - RSPCB",09-08-2026 14:00:00,25.14389,75.821256,OZONE,13,22,18
India,Rajasthan,Kota,"Nayapura, Kota - RSPCB",09-08-2026 14:00:00,25.196024,75.855668,PM2.5,10,62,40
India,Rajasthan,Kota,"Nayapura, Kota - RSPCB",09-08-2026 14:00:00,25.196024,75.855668,SO2,6,8,7
India,Rajasthan,Pali,"Indira Colony Vistar, Pali - RSPCB",09-08-2026 14:00:00,25.771061,73.340227,OZONE,12,65,33
India,Rajasthan,Rajsamand,"Dhoinda, Rajsamand - RSPCB",09-08-2026 14:00:00,25.03636,73.883502,SO2,5,7,6
India,Rajasthan,Sawai Madhopur,"Sahu Nagar, Sawai Madhopur - RSPCB",09-08-2026 14:00:00,26.031443,76.359327,CO,16,61,32
India,Rajasthan,Sikar,"Radhakishan Pura, Sikar - RSPCB",09-08-2026 14:00:00,27.608912,75.153302,PM10,13,85,47
India,Rajasthan,Sikar,"Radhakishan Pura, Sikar - RSPCB",09-08-2026 14:00:00,27.608912,75.153302,NH3,5,7,6
India,Rajasthan,Sirohi,"Vedhaynath Colony, Sirohi - RSPCB",09-08-2026 14:00:00,24.885261,72.857549,PM10,46,99,75
India,Rajasthan,Sirohi,"Vedhaynath Colony, Sirohi - RSPCB",09-08-2026 14:00:00,24.885261,72.857549,NH3,4,6,5
India,Rajasthan,Sirohi,"Vedhaynath Colony, Sirohi - RSPCB",09-08-2026 14:00:00,24.885261,72.857549,OZONE,6,39,26
India,Rajasthan,Sri Ganganagar,"Old City, Sri Ganganagar - RSPCB",09-08-2026 14:00:00,29.931624,73.864511,OZONE,18,73,33
India,Rajasthan,Tonk,"Shastri Nagar, Tonk - RSPCB",09-08-2026 14:00:00,26.159933,75.780517,PM2.5,20,62,46
India,Rajasthan,Tonk,"Shastri Nagar, Tonk - RSPCB",09-08-2026 14:00:00,26.159933,75.780517,NO2,5,15,9
India,Odisha,Balasore,"Kalidaspur, Balasore - OSPCB",09-08-2026 14:00:00,21.51161,86.89088,PM2.5,3,30,19
India,Odisha,Balasore,"Kalidaspur, Balasore - OSPCB",09-08-2026 14:00:00,21.51161,86.89088,OZONE,24,41,34
India,Odisha,Barbil,"Forest Office, Barbil - OSPCB",09-08-2026 14:00:00,22.1166054,85.3945546,CO,9,13,11
India,Odisha,Bhubaneswar,"Lingraj Mandir, Bhubaneswar - OSPCB",09-08-2026 14:00:00,20.24079,85.836784,SO2,5,9,8
India,Odisha,Brajrajnagar,"GM Office, Brajrajnagar - OSPCB",09-08-2026 14:00:00,21.8004996,83.8396977,CO,40,55,47
India,Odisha,Byasanagar,"Ferro Chrome Colony, Byasanagar - OSPCB",09-08-2026 14:00:00,20.94185,86.1151,PM2.5,20,58,41
India,Odisha,Cuttack,"CDA Area, Cuttack - OSPCB",09-08-2026 14:00:00,20.48891,85.84768,PM10,18,75,45
India,Odisha,Cuttack,"CDA Area, Cuttack - OSPCB",09-08-2026 14:00:00,20.48891,85.84768,NO2,7,45,19
India,Odisha,Cuttack,"CDA Area, Cuttack - OSPCB",09-08-2026 14:00:00,20.48891,85.84768,OZONE,10,45,34
India,Odisha,Rairangpur,"Divisional Forest Office, Rairangpur - OSPCB",09-08-2026 14:00:00,22.265816,86.174829,NO2,6,7,6
India,Odisha,Rairangpur,"Divisional Forest Office, Rairangpur - OSPCB",09-08-2026 14:00:00,22.265816,86.174829,SO2,6,9,7
India,Odisha,Rourkela,"Fertilizer Township, Rourkela - OSPCB",09-08-2026 14:00:00,22.18972222,84.86277778,NO2,11,11,11
India,Maharashtra,Navi Mumbai,"Tondare-Taloja, Navi Mumbai - MPCB",09-08-2026 14:00:00,19.063,73.1209,PM10,31,72,47
India,Maharashtra,Parbhani,"Masoom Colony, Parbhani - MPCB",09-08-2026 14:00:00,19.265594,76.761463,SO2,0,3,2
India,Maharashtra,Parbhani,"Masoom Colony, Parbhani - MPCB",09-08-2026 14:00:00,19.265594,76.761463,CO,8,15,11
India,Maharashtra,Pimpri-Chinchwad,"Thergaon, Pimpri Chinchwad - MPCB",09-08-2026 14:00:00,18.616318,73.765797,SO2,1,2,1
India,Maharashtra,Pimpri-Chinchwad,"Savta Mali Nagar, Pimpri-Chinchwad - IITM",09-08-2026 14:00:00,18.614767,73.799516,SO2,NA,NA,NA
India,Maharashtra,Pimpri-Chinchwad,"Gavalinagar, Pimpri Chinchwad - MPCB",09-08-2026 14:00:00,18.63673,73.82487,PM2.5,19,54,32
India,Maharashtra,Pune,"Mhada Colony, Pune - IITM",09-08-2026 14:00:00,18.57304,73.927715,PM2.5,23,57,36
India,Maharashtra,Pune,"Mhada Colony, Pune - IITM",09-08-2026 14:00:00,18.57304,73.927715,NH3,NA,NA,NA
India,Maharashtra,Pune,"Panchawati_Pashan, Pune - IITM",09-08-2026 14:00:00,18.536457,73.805454,PM2.5,23,44,33
India,Uttar Pradesh,Mathura,"Pali Dungra, Mathura - UPPCB",09-08-2026 14:00:00,27.410954,77.550619,CO,7,23,13
India,Maharashtra,Navi Mumbai,"Mahape, Navi Mumbai - MPCB",09-08-2026 14:00:00,19.1135051,73.008978,PM2.5,10,37,18
India,Maharashtra,Navi Mumbai,"Mahape, Navi Mumbai - MPCB",09-08-2026 14:00:00,19.1135051,73.008978,PM10,46,88,63
India,Maharashtra,Navi Mumbai,"Mahape, Navi Mumbai - MPCB",09-08-2026 14:00:00,19.1135051,73.008978,NO2,42,44,43
India,Maharashtra,Navi Mumbai,"Mahape, Navi Mumbai - MPCB",09-08-2026 14:00:00,19.1135051,73.008978,NH3,1,1,1
India,Maharashtra,Navi Mumbai,"Tondare-Taloja, Navi Mumbai - MPCB",09-08-2026 14:00:00,19.063,73.1209,PM10,31,72,47
India,Maharashtra,Parbhani,"Masoom Colony, Parbhani - MPCB",09-08-2026 14:00:00,19.265594,76.761463,SO2,0,3,2
India,Maharashtra,Parbhani,"Masoom Colony, Parbhani - MPCB",09-08-2026 14:00:00,19.265594,76.761463,CO,8,15,11
India,Odisha,Talcher,"Talcher Coalfields,Talcher - OSPCB",09-08-2026 14:00:00,20.9360711,85.1707021,PM10,NA,NA,NA
India,Odisha,Talcher,"Talcher Coalfields,Talcher - OSPCB",09-08-2026 14:00:00,20.9360711,85.1707021,SO2,85,133,117
India,Puducherry,Puducherry,"Jawahar Nagar, Puducherry - PPCC",09-08-2026 14:00:00,11.9309,79.8027,NH3,2,9,4
India,Uttar Pradesh,Moradabad,"Buddhi Vihar, Moradabad - UPPCB",09-08-2026 14:00:00,28.83526,78.7446,CO,31,79,42
India,Uttar Pradesh,Moradabad,"Employment Office, Moradabad - UPPCB",09-08-2026 14:00:00,28.88528,78.7388,NO2,23,24,23
India,Uttar Pradesh,Moradabad,"Employment Office, Moradabad - UPPCB",09-08-2026 14:00:00,28.88528,78.7388,CO,14,16,15
India,Uttar Pradesh,Moradabad,"Eco Herbal Park, Moradabad - UPPCB",09-08-2026 14:00:00,28.840739,78.697531,PM2.5,13,66,39
India,Uttar Pradesh,Moradabad,"Jigar Colony, Moradabad - UPPCB",09-08-2026 14:00:00,28.856664,78.772638,PM10,23,61,39
India,Rajasthan,Sirohi,"Vedhaynath Colony, Sirohi - RSPCB",09-08-2026 14:00:00,24.885261,72.857549,OZONE,6,39,26
India,Rajasthan,Sri Ganganagar,"Old City, Sri Ganganagar - RSPCB",09-08-2026 14:00:00,29.931624,73.864511,OZONE,18,73,33
India,Rajasthan,Tonk,"Shastri Nagar, Tonk - RSPCB",09-08-2026 14:00:00,26.159933,75.780517,PM2.5,20,62,46
India,Rajasthan,Tonk,"Shastri Nagar, Tonk - RSPCB",09-08-2026 14:00:00,26.159933,75.780517,NO2,5,15,9
India,Rajasthan,Udaipur,"Ashok Nagar, Udaipur - RSPCB",09-08-2026 14:00:00,24.5886166,73.6321397,SO2,2,52,11
India,Rajasthan,Udaipur,"Ashok Nagar, Udaipur - RSPCB",09-08-2026 14:00:00,24.5886166,73.6321397,CO,14,35,21
India,Tamil Nadu,Chennai,"Velachery Res. Area, Chennai - CPCB",09-08-2026 14:00:00,13.0052189,80.2398125,PM10,66,113,92
India,Tamil Nadu,Chennai,"Velachery Res. Area, Chennai - CPCB",09-08-2026 14:00:00,13.0052189,80.2398125,NO2,12,15,12
India,Tamil Nadu,Chennai,"Manali, Chennai - CPCB",09-08-2026 14:00:00,13.164544,80.26285,OZONE,NA,NA,NA
India,Tamil Nadu,Chennai,"Arumbakkam, Chennai - TNPCB",09-08-2026 14:00:00,13.0664,80.2112,OZONE,NA,NA,NA
India,Tamil Nadu,Chennai,"Manali Village, Chennai - TNPCB",09-08-2026 14:00:00,13.1662,80.2584,PM2.5,16,45,27
India,Tamil Nadu,Chennai,"Manali Village, Chennai - TNPCB",09-08-2026 14:00:00,13.1662,80.2584,NH3,1,2,1
India,Tamil Nadu,Chennai,"Manali Village, Chennai - TNPCB",09-08-2026 14:00:00,13.1662,80.2584,SO2,12,14,14
India,Tamil Nadu,Chennai,"Manali Village, Chennai - TNPCB",09-08-2026 14:00:00,13.1662,80.2584,CO,32,37,35
India,Tamil Nadu,Chennai,"Kodungaiyur, Chennai - TNPCB",09-08-2026 14:00:00,13.1278,80.2642,PM2.5,18,58,37
India,Tamil Nadu,Chennai,"Kodungaiyur, Chennai - TNPCB",09-08-2026 14:00:00,13.1278,80.2642,SO2,5,7,6
India,Rajasthan,Karauli,"Satyawati Vihar, Karauli - RSPCB",09-08-2026 14:00:00,26.506177,77.025989,OZONE,2,5,4
India,Rajasthan,Khairthal,"New Anaj Mandi, Khairthal - RSPCB",09-08-2026 14:00:00,27.8015617,76.6365217,NO2,2,15,5
India,Rajasthan,Khairthal,"New Anaj Mandi, Khairthal - RSPCB",09-08-2026 14:00:00,27.8015617,76.6365217,NH3,2,11,5
India,Rajasthan,Khairthal,"New Anaj Mandi, Khairthal - RSPCB",09-08-2026 14:00:00,27.8015617,76.6365217,SO2,5,5,5
India,Rajasthan,Kota,"Shrinath Puram, Kota - RSPCB",09-08-2026 14:00:00,25.14389,75.821256,PM2.5,42,71,55
India,Rajasthan,Kota,"Shrinath Puram, Kota - RSPCB",09-08-2026 14:00:00,25.14389,75.821256,OZONE,13,22,18
India,Rajasthan,Kota,"Nayapura, Kota - RSPCB",09-08-2026 14:00:00,25.196024,75.855668,PM2.5,10,62,40
India,Rajasthan,Kota,"Nayapura, Kota - RSPCB",09-08-2026 14:00:00,25.196024,75.855668,SO2,6,8,7
India,Rajasthan,Pali,"Indira Colony Vistar, Pali - RSPCB",09-08-2026 14:00:00,25.771061,73.340227,OZONE,12,65,33
India,Rajasthan,Rajsamand,"Dhoinda, Rajsamand - RSPCB",09-08-2026 14:00:00,25.03636,73.883502,SO2,5,7,6
India,Rajasthan,Sawai Madhopur,"Sahu Nagar, Sawai Madhopur - RSPCB",09-08-2026 14:00:00,26.031443,76.359327,CO,16,61,32
India,Rajasthan,Sikar,"Radhakishan Pura, Sikar - RSPCB",09-08-2026 14:00:00,27.608912,75.153302,PM10,13,85,47
India,Rajasthan,Sikar,"Radhakishan Pura, Sikar - RSPCB",09-08-2026 14:00:00,27.608912,75.153302,NH3,5,7,6
India,Rajasthan,Sirohi,"Vedhaynath Colony, Sirohi - RSPCB",09-08-2026 14:00:00,24.885261,72.857549,PM10,46,99,75
India,Rajasthan,Sirohi,"Vedhaynath Colony, Sirohi - RSPCB",09-08-2026 14:00:00,24.885261,72.857549,NH3,4,6,5
India,Tamil Nadu,Cuddalore,"Semmandalam, Cuddalore - TNPCB",09-08-2026 14:00:00,11.7637683,79.7499835,PM10,NA,NA,NA
India,Tamil Nadu,Cuddalore,"Kudikadu, Cuddalore - TNPCB",09-08-2026 14:00:00,11.6829898,79.7532099,NH3,NA,NA,NA
India,Tamil Nadu,Cuddalore,"Kudikadu, Cuddalore - TNPCB",09-08-2026 14:00:00,11.6829898,79.7532099,CO,NA,NA,NA
India,Tamil Nadu,Cuddalore,"Kudikadu, Cuddalore - TNPCB",09-08-2026 14:00:00,11.6829898,79.7532099,OZONE,4,9,6
India,Tamil Nadu,Gummidipoondi,"Anthoni Pillai Nagar, Gummidipoondi - TNPCB",09-08-2026 14:00:00,13.4127,80.1081,NO2,15,31,20
India,Tamil Nadu,Thoothukudi,"Meelavittan, Thoothukudi - TNPCB",09-08-2026 14:00:00,8.816428,78.099039,PM10,61,73,67
India,Tamil Nadu,Thoothukudi,"Meelavittan, Thoothukudi - TNPCB",09-08-2026 14:00:00,8.816428,78.099039,NH3,NA,NA,NA
India,Tamil Nadu,Thoothukudi,"Meelavittan, Thoothukudi - TNPCB",09-08-2026 14:00:00,8.816428,78.099039,CO,45,53,48
India,Telangana,Hyderabad,"Kokapet, Hyderabad - TSPCB",09-08-2026 14:00:00,17.393559,78.339194,OZONE,14,28,19
India,Telangana,Hyderabad,"ECIL Kapra, Hyderabad - TSPCB",09-08-2026 14:00:00,17.470431,78.566959,PM10,51,58,54
India,Telangana,Hyderabad,"ECIL Kapra, Hyderabad - TSPCB",09-08-2026 14:00:00,17.470431,78.566959,NO2,0,22,8
India,Telangana,Hyderabad,"ECIL Kapra, Hyderabad - TSPCB",09-08-2026 14:00:00,17.470431,78.566959,NH3,0,6,4
India,Telangana,Hyderabad,"Kompally Municipal Office, Hyderabad - TSPCB",09-08-2026 14:00:00,17.544899,78.486949,SO2,2,9,5
India,Telangana,Hyderabad,"Kompally Municipal Office, Hyderabad - TSPCB",09-08-2026 14:00:00,17.544899,78.486949,OZONE,11,11,11
India,Telangana,Hyderabad,"ICRISAT Patancheru, Hyderabad - TSPCB",09-08-2026 14:00:00,17.5184,78.278777,PM10,26,83,53
India,Uttar Pradesh,Agra,"Sanjay Palace, Agra - UPPCB",09-08-2026 14:00:00,27.19865833,78.00598056,PM10,37,121,85
India,Uttar Pradesh,Agra,"Sanjay Palace, Agra - UPPCB",09-08-2026 14:00:00,27.19865833,78.00598056,CO,38,39,39
India,Uttar Pradesh,Agra,"Sanjay Palace, Agra - UPPCB",09-08-2026 14:00:00,27.19865833,78.00598056,OZONE,1,11,6
India,Uttar Pradesh,Baghpat,"Sardar Patel Inter College, Baghpat - UPPCB",09-08-2026 14:00:00,28.964949,77.278761,PM2.5,17,75,36
India,Uttar Pradesh,Baghpat,"Sardar Patel Inter College, Baghpat - UPPCB",09-08-2026 14:00:00,28.964949,77.278761,NO2,14,26,19
India,Uttar Pradesh,Bareilly,"Rajendra Nagar, Bareilly - UPPCB",09-08-2026 14:00:00,28.38910936,79.42963708,PM10,38,62,46
India,Uttar Pradesh,Bareilly,"Rajendra Nagar, Bareilly - UPPCB",09-08-2026 14:00:00,28.38910936,79.42963708,NH3,1,2,1
India,Uttar Pradesh,Bareilly,"Civil Lines, Bareilly - UPPCB",09-08-2026 14:00:00,28.359581,79.414455,SO2,28,63,45
India,Uttar Pradesh,Bareilly,"Civil Lines, Bareilly - UPPCB",09-08-2026 14:00:00,28.359581,79.414455,OZONE,10,33,21
India,Uttar Pradesh,Bulandshahr,"Yamunapuram, Bulandshahr - UPPCB",09-08-2026 14:00:00,28.406963,77.849831,PM10,30,141,60
India,Uttar Pradesh,Fatehpur Sikri,"Dadupura, Fatehpur Sikri - UPPCB",09-08-2026 14:00:00,27.097694,77.671335,CO,16,22,19
India,Uttar Pradesh,Fatehpur Sikri,"Dadupura, Fatehpur Sikri - UPPCB",09-08-2026 14:00:00,27.097694,77.671335,OZONE,7,30,21
India,Uttar Pradesh,Firozabad,"Vibhab Nagar, Firozabad - UPPCB",09-08-2026 14:00:00,27.1594,78.3953,NH3,7,7,7
India,Uttar Pradesh,Firozabad,"Nagla Bhau, Firozabad - UPPCB",09-08-2026 14:00:00,27.168897,78.37696,CO,29,36,32
India,Rajasthan,Jaipur,"Mansarovar Sector-12, Jaipur - RSPCB",09-08-2026 14:00:00,26.843698,75.766894,NH3,2,3,2
India,Rajasthan,Jaipur,"Adarsh Nagar, Jaipur - RSPCB",09-08-2026 14:00:00,26.902909,75.836858,SO2,18,26,23
India,Rajasthan,Jaipur,"Adarsh Nagar, Jaipur - RSPCB",09-08-2026 14:00:00,26.902909,75.836858,OZONE,13,19,18
India,Rajasthan,Jalore,"Mudtra Sili, Jalore - RSPCB",09-08-2026 14:00:00,25.344694,72.626208,PM2.5,23,52,35
India,Rajasthan,Jhalawar,"Rajlaxmi Nagar, Jhalawar - RSPCB",09-08-2026 14:00:00,24.588397,76.172782,PM2.5,28,73,50
India,Uttar Pradesh,Noida,"Sector - 62, Noida - IITM",09-08-2026 14:00:00,28.6245479,77.3577104,SO2,NA,NA,NA
India,Uttar Pradesh,Prayagraj,"Nagar Nigam, Prayagraj - UPPCB",09-08-2026 14:00:00,25.44919916,81.82735986,PM2.5,7,19,15
India,Uttar Pradesh,Prayagraj,"Nagar Nigam, Prayagraj - UPPCB",09-08-2026 14:00:00,25.44919916,81.82735986,NO2,5,5,5
India,Uttar Pradesh,Prayagraj,"Nagar Nigam, Prayagraj - UPPCB",09-08-2026 14:00:00,25.44919916,81.82735986,NH3,5,7,6
India,Uttar Pradesh,Raebareli,"Anand Nagar, Raebareli - UPPCB",09-08-2026 14:00:00,26.219512,81.237648,NO2,15,18,16
India,Uttar Pradesh,Shamli,"New Tehsil, Shamli - UPPCB",09-08-2026 14:00:00,29.4603683,77.3410291,SO2,3,9,5
India,Uttar Pradesh,Shamli,"New Tehsil, Shamli - UPPCB",09-08-2026 14:00:00,29.4603683,77.3410291,CO,2,93,40
India,Uttar Pradesh,Shamli,"New Tehsil, Shamli - UPPCB",09-08-2026 14:00:00,29.4603683,77.3410291,OZONE,33,36,35
India,Uttar Pradesh,Varanasi,"Maldahiya, Varanasi - UPPCB",09-08-2026 14:00:00,25.32393,82.99687,NO2,2,4,3
India,Uttar Pradesh,Varanasi,"Maldahiya, Varanasi - UPPCB",09-08-2026 14:00:00,25.32393,82.99687,NH3,0,0,0
India,Uttar Pradesh,Varanasi,"Ardhali Bazar, Varanasi - UPPCB",09-08-2026 14:00:00,25.3505986,82.9083074,PM10,34,79,54
India,Uttar Pradesh,Varanasi,"Bhelupur, Varanasi - UPPCB",09-08-2026 14:00:00,25.301778,82.996789,NO2,8,9,8
India,Uttar Pradesh,Varanasi,"Bhelupur, Varanasi - UPPCB",09-08-2026 14:00:00,25.301778,82.996789,SO2,32,35,34
India,Uttarakhand,Dehradun,"Doon University, Dehradun - UKPCB",09-08-2026 14:00:00,30.269444,78.044167,OZONE,6,13,10
India,Uttarakhand,Kashipur,"Govt. Girls Inter College, Kashipur - UKPCB",09-08-2026 14:00:00,29.2124114,78.9611753,CO,8,12,10
India,Uttarakhand,Rishikesh,"Shivaji Nagar, Rishikesh - UKPCB",09-08-2026 14:00:00,30.075911,78.2859547,PM2.5,2,2,2
India,Uttarakhand,Rishikesh,"Shivaji Nagar, Rishikesh - UKPCB",09-08-2026 14:00:00,30.075911,78.2859547,PM10,3,3,3
India,Uttarakhand,Rishikesh,"Shivaji Nagar, Rishikesh - UKPCB",09-08-2026 14:00:00,30.075911,78.2859547,CO,37,37,37
India,West Bengal,Asansol,"Evelyn Lodge, Asansol - WBPCB",09-08-2026 14:00:00,23.697936,86.944395,PM10,26,26,26
India,Uttar Pradesh,Ghaziabad,"Wave City, Ghaziabad - UPPCB",09-08-2026 14:00:00,28.646675,77.489049,SO2,1,4,3
India,Uttar Pradesh,Ghaziabad,"Wave City, Ghaziabad - UPPCB",09-08-2026 14:00:00,28.646675,77.489049,OZONE,0,1,1
India,Uttar Pradesh,Hapur,"Anand Vihar, Hapur - UPPCB",09-08-2026 14:00:00,28.725645,77.749675,NO2,28,45,34
India,Uttar Pradesh,Jhansi,"Shivaji Nagar, Jhansi - UPPCB",09-08-2026 14:00:00,25.4547,78.6039,OZONE,5,6,6
India,Uttar Pradesh,Kanpur,"FTI Kidwai Nagar, Kanpur - UPPCB",09-08-2026 14:00:00,26.428282,80.327067,SO2,18,22,20
India,Uttar Pradesh,Kanpur,"Nehru Nagar, Kanpur - UPPCB",09-08-2026 14:00:00,26.4703136,80.3229863,PM2.5,34,88,56
India,Uttar Pradesh,Kanpur,"Nehru Nagar, Kanpur - UPPCB",09-08-2026 14:00:00,26.4703136,80.3229863,OZONE,4,45,30
India,Uttar Pradesh,Kanpur,"NSI Kalyanpur, Kanpur - UPPCB",09-08-2026 14:00:00,26.509954,80.249612,PM10,35,75,59
India,Uttar Pradesh,Khora,"Prashant Garden, Khora - UPPCB",09-08-2026 14:00:00,28.61119,77.34206,OZONE,5,9,7
India,Uttar Pradesh,Khurja,"Kalindi Kunj, Khurja - UPPCB",09-08-2026 14:00:00,28.2348927,77.8683002,NO2,12,13,12
India,Uttar Pradesh,Lucknow,"Lalbagh, Lucknow - CPCB",09-08-2026 14:00:00,26.8458805,80.9365541,PM10,33,81,57
India,Uttar Pradesh,Lucknow,"Lalbagh, Lucknow - CPCB",09-08-2026 14:00:00,26.8458805,80.9365541,NO2,22,27,24
India,Uttar Pradesh,Lucknow,"Lalbagh, Lucknow - CPCB",09-08-2026 14:00:00,26.8458805,80.9365541,NH3,10,15,12
India,Uttar Pradesh,Lucknow,"Lalbagh, Lucknow - CPCB",09-08-2026 14:00:00,26.8458805,80.9365541,CO,7,100,40
India,Uttar Pradesh,Lucknow,"Gomti Nagar, Lucknow - UPPCB",09-08-2026 14:00:00,26.86812,81.005119,NO2,9,10,10
India,Uttar Pradesh,Lucknow,"Kukrail Picnic Spot-1, Lucknow - UPPCB",09-08-2026 14:00:00,26.90723,80.98579,PM2.5,18,38,30
India,Uttar Pradesh,Lucknow,"B R Ambedkar University, Lucknow - UPPCB",09-08-2026 14:00:00,26.766433,80.927299,OZONE,18,53,33
India,Uttar Pradesh,Mathura,"Pali Dungra, Mathura - UPPCB",09-08-2026 14:00:00,27.410954,77.550619,CO,7,23,13
India,Uttar Pradesh,Meerut,"MIET College, Meerut - UPPCB",09-08-2026 14:00:00,28.972677,77.641018,PM2.5,20,153,75
India,Uttar Pradesh,Meerut,"MIET College, Meerut - UPPCB",09-08-2026 14:00:00,28.972677,77.641018,SO2,3,5,4
India,Uttar Pradesh,Meerut,"MIET College, Meerut - UPPCB",09-08-2026 14:00:00,28.972677,77.641018,CO,40,70,61
India,Uttar Pradesh,Meerut,"Pallavpuram Phase 2, Meerut - UPPCB",09-08-2026 14:00:00,29.06351,77.709723,OZONE,14,53,36
India,Uttar Pradesh,Meerut,"Ganga Nagar, Meerut - UPPCB",09-08-2026 14:00:00,28.999264,77.7590354,SO2,20,30,23
India,Uttar Pradesh,Modinagar,"SRM University, Modinagar - UPPCB",09-08-2026 14:00:00,28.798171,77.540243,PM2.5,15,42,25
India,Uttar Pradesh,Moradabad,"Kashiram Nagar, Moradabad - UPPCB",09-08-2026 14:00:00,28.849399,78.742362,CO,29,37,34
India,Uttar Pradesh,Moradabad,"Kashiram Nagar, Moradabad - UPPCB",09-08-2026 14:00:00,28.849399,78.742362,OZONE,14,18,16
India,Uttar Pradesh,Moradabad,"Buddhi Vihar, Moradabad - UPPCB",09-08-2026 14:00:00,28.83526,78.7446,NH3,5,5,5
India,Rajasthan,Udaipur,"Ashok Nagar, Udaipur - RSPCB",09-08-2026 14:00:00,24.5886166,73.6321397,SO2,2,52,11
India,Rajasthan,Udaipur,"Ashok Nagar, Udaipur - RSPCB",09-08-2026 14:00:00,24.5886166,73.6321397,CO,14,35,21
India,Tamil Nadu,Chennai,"Velachery Res. Area, Chennai - CPCB",09-08-2026 14:00:00,13.0052189,80.2398125,PM10,66,113,92
India,Tamil Nadu,Chennai,"Velachery Res. Area, Chennai - CPCB",09-08-2026 14:00:00,13.0052189,80.2398125,NO2,12,15,12
India,Uttar Pradesh,Noida,"Sector-116, Noida - UPPCB",09-08-2026 14:00:00,28.56923,77.393848,PM10,64,169,103
India,Uttar Pradesh,Noida,"Sector-116, Noida - UPPCB",09-08-2026 14:00:00,28.56923,77.393848,SO2,8,15,12
India,Uttar Pradesh,Noida,"Sector-1, Noida - UPPCB",09-08-2026 14:00:00,28.5898,77.3101,PM10,21,127,67
India,Uttar Pradesh,Noida,"Sector - 62, Noida - IITM",09-08-2026 14:00:00,28.6245479,77.3577104,NH3,NA,NA,NA
India,Uttar Pradesh,Noida,"Sector - 62, Noida - IITM",09-08-2026 14:00:00,28.6245479,77.3577104,SO2,NA,NA,NA
India,Uttar Pradesh,Prayagraj,"Nagar Nigam, Prayagraj - UPPCB",09-08-2026 14:00:00,25.44919916,81.82735986,PM2.5,7,19,15
India,Uttar Pradesh,Prayagraj,"Nagar Nigam, Prayagraj - UPPCB",09-08-2026 14:00:00,25.44919916,81.82735986,NO2,5,5,5
India,Uttar Pradesh,Prayagraj,"Nagar Nigam, Prayagraj - UPPCB",09-08-2026 14:00:00,25.44919916,81.82735986,NH3,5,7,6
India,Uttar Pradesh,Raebareli,"Anand Nagar, Raebareli - UPPCB",09-08-2026 14:00:00,26.219512,81.237648,NO2,15,18,16
India,Uttar Pradesh,Shamli,"New Tehsil, Shamli - UPPCB",09-08-2026 14:00:00,29.4603683,77.3410291,SO2,3,9,5
India,Tamil Nadu,Cuddalore,"Kudikadu, Cuddalore - TNPCB",09-08-2026 14:00:00,11.6829898,79.7532099,CO,NA,NA,NA
India,Tamil Nadu,Cuddalore,"Kudikadu, Cuddalore - TNPCB",09-08-2026 14:00:00,11.6829898,79.7532099,OZONE,4,9,6
India,West Bengal,Asansol,"Evelyn Lodge, Asansol - WBPCB",09-08-2026 14:00:00,23.697936,86.944395,CO,NA,NA,NA
India,West Bengal,Asansol,"Mahabir Colliery, Asansol - WBPCB",09-08-2026 14:00:00,23.618183,87.105718,PM2.5,10,52,27
India,West Bengal,Asansol,"Mahabir Colliery, Asansol - WBPCB",09-08-2026 14:00:00,23.618183,87.105718,OZONE,7,15,12
India,West Bengal,Asansol,"Asansol Court Area, Asansol - WBPCB",09-08-2026 14:00:00,23.685297,86.945968,NO2,30,37,33
India,West Bengal,Asansol,"Asansol Court Area, Asansol - WBPCB",09-08-2026 14:00:00,23.685297,86.945968,SO2,9,16,11
India,West Bengal,Asansol,"Trivenidevi Bhalotia College, Asansol - WBPCB",09-08-2026 14:00:00,23.616515,87.119133,SO2,35,38,37
India,West Bengal,Durgapur,"Mahishkapur Road_B-Zone, Durgapur - WBPCB",09-08-2026 14:00:00,23.567923,87.306843,PM10,27,70,40
India,West Bengal,Durgapur,"Womens College_City Center, Durgapur - WBPCB",09-08-2026 14:00:00,23.549395,87.300496,NO2,30,31,31
India,Uttarakhand,Rishikesh,"Shivaji Nagar, Rishikesh - UKPCB",09-08-2026 14:00:00,30.075911,78.2859547,PM10,3,3,3
India,Uttarakhand,Rishikesh,"Shivaji Nagar, Rishikesh - UKPCB",09-08-2026 14:00:00,30.075911,78.2859547,CO,37,37,37
India,West Bengal,Asansol,"Evelyn Lodge, Asansol - WBPCB",09-08-2026 14:00:00,23.697936,86.944395,PM10,26,26,26
India,West Bengal,Asansol,"Evelyn Lodge, Asansol - WBPCB",09-08-2026 14:00:00,23.697936,86.944395,CO,NA,NA,NA
India,West Bengal,Asansol,"Mahabir Colliery, Asansol - WBPCB",09-08-2026 14:00:00,23.618183,87.105718,PM2.5,10,52,27
India,West Bengal,Asansol,"Mahabir Colliery, Asansol - WBPCB",09-08-2026 14:00:00,23.618183,87.105718,OZONE,7,15,12
India,West Bengal,Asansol,"Asansol Court Area, Asansol - WBPCB",09-08-2026 14:00:00,23.685297,86.945968,NO2,30,37,33
India,West Bengal,Asansol,"Asansol Court Area, Asansol - WBPCB",09-08-2026 14:00:00,23.685297,86.945968,SO2,9,16,11
India,West Bengal,Asansol,"Trivenidevi Bhalotia College, Asansol - WBPCB",09-08-2026 14:00:00,23.616515,87.119133,SO2,35,38,37
India,West Bengal,Durgapur,"Mahishkapur Road_B-Zone, Durgapur - WBPCB",09-08-2026 14:00:00,23.567923,87.306843,PM10,27,70,40
India,West Bengal,Durgapur,"Womens College_City Center, Durgapur - WBPCB",09-08-2026 14:00:00,23.549395,87.300496,NO2,30,31,31
India,West Bengal,Durgapur,"PCBL Residential Complex, Durgapur - WBPCB",09-08-2026 14:00:00,23.508764,87.35444,PM2.5,19,64,38
India,West Bengal,Howrah,"Padmapukur, Howrah - WBPCB",09-08-2026 14:00:00,22.5687319,88.2797276,PM10,44,56,49
India,West Bengal,Howrah,"Padmapukur, Howrah - WBPCB",09-08-2026 14:00:00,22.5687319,88.2797276,NO2,15,53,30
India,West Bengal,Howrah,"Botanical Garden, Howrah - WBPCB",09-08-2026 14:00:00,22.554954,88.292568,NO2,6,33,12
India,West Bengal,Howrah,"Botanical Garden, Howrah - WBPCB",09-08-2026 14:00:00,22.554954,88.292568,SO2,4,8,7
India,West Bengal,Howrah,"Botanical Garden, Howrah - WBPCB",09-08-2026 14:00:00,22.554954,88.292568,CO,7,10,8
India,West Bengal,Howrah,"Ghusuri, Howrah - WBPCB",09-08-2026 14:00:00,22.611968,88.347422,NO2,47,66,56
India,West Bengal,Kolkata,"Fort William, Kolkata - WBPCB",09-08-2026 14:00:00,22.55664,88.342674,NO2,16,26,19
India,West Bengal,Kolkata,"Ballygunge, Kolkata - WBPCB",09-08-2026 14:00:00,22.5367507,88.3638022,NH3,9,12,10
India,West Bengal,Kolkata,"Jadavpur, Kolkata - WBPCB",09-08-2026 14:00:00,22.49929,88.36917,PM2.5,29,55,38
India,West Bengal,Kolkata,"Jadavpur, Kolkata - WBPCB",09-08-2026 14:00:00,22.49929,88.36917,SO2,5,6,5
India,West Bengal,Kolkata,"Rabindra Bharati University, Kolkata - WBPCB",09-08-2026 14:00:00,22.627847,88.380669,PM2.5,10,37,20
India,West Bengal,Kolkata,"Rabindra Bharati University, Kolkata - WBPCB",09-08-2026 14:00:00,22.627847,88.380669,PM10,21,49,31
India,West Bengal,Kolkata,"Rabindra Bharati University, Kolkata - WBPCB",09-08-2026 14:00:00,22.627847,88.380669,NH3,3,5,4
India,West Bengal,Kolkata,"Victoria, Kolkata - WBPCB",09-08-2026 14:00:00,22.5448082,88.3403691,PM10,78,88,82
India,West Bengal,Siliguri,"Ward-32 Bapupara, Siliguri - WBPCB",09-08-2026 14:00:00,26.6879226,88.4152495,PM2.5,12,24,18
India,West Bengal,Siliguri,"Ward-32 Bapupara, Siliguri - WBPCB",09-08-2026 14:00:00,26.6879226,88.4152495,OZONE,19,24,20
India,Bihar,Patna,"DRM Office Danapur, Patna - BSPCB",09-08-2026 14:00:00,25.586562,85.043586,CO,33,42,37
India,Bihar,Patna,"Muradpur, Patna - BSPCB",09-08-2026 14:00:00,25.619651,85.147382,OZONE,9,78,40
India,Bihar,Saharsa,"Police Line, Saharsa - BSPCB",09-08-2026 14:00:00,25.892357,86.590325,NH3,4,4,4
India,Bihar,Saharsa,"Police Line, Saharsa - BSPCB",09-08-2026 14:00:00,25.892357,86.590325,SO2,16,18,17
India,Bihar,Samastipur,"DM Office_Kasipur, Samastipur - BSPCB",09-08-2026 14:00:00,25.859655,85.77944,PM2.5,5,173,51
India,Bihar,Sasaram,"Dada Peer, Sasaram - BSPCB",09-08-2026 14:00:00,24.952822,84.002396,NO2,1,3,2
India,Bihar,Sasaram,"Dada Peer, Sasaram - BSPCB",09-08-2026 14:00:00,24.952822,84.002396,CO,1,13,8
India,Bihar,Sasaram,"Dada Peer, Sasaram - BSPCB",09-08-2026 14:00:00,24.952822,84.002396,OZONE,15,29,18
India,Chandigarh,Chandigarh,"Sector-53, Chandigarh - CPCC",09-08-2026 14:00:00,30.719859,76.738637,NO2,14,45,28
India,Chandigarh,Chandigarh,"Sector-53, Chandigarh - CPCC",09-08-2026 14:00:00,30.719859,76.738637,CO,21,36,27
India,Chandigarh,Chandigarh,"Sector-25, Chandigarh - CPCC",09-08-2026 14:00:00,30.751462,76.762879,PM10,30,58,44
India,Chandigarh,Chandigarh,"Sector-25, Chandigarh - CPCC",09-08-2026 14:00:00,30.751462,76.762879,CO,16,24,19
India,Bihar,Samastipur,"DM Office_Kasipur, Samastipur - BSPCB",09-08-2026 14:00:00,25.859655,85.77944,PM2.5,5,173,51
India,Bihar,Sasaram,"Dada Peer, Sasaram - BSPCB",09-08-2026 14:00:00,24.952822,84.002396,NO2,1,3,2
India,Bihar,Sasaram,"Dada Peer, Sasaram - BSPCB",09-08-2026 14:00:00,24.952822,84.002396,CO,1,13,8
India,Bihar,Sasaram,"Dada Peer, Sasaram - BSPCB",09-08-2026 14:00:00,24.952822,84.002396,OZONE,15,29,18
India,Chandigarh,Chandigarh,"Sector-53, Chandigarh - CPCC",09-08-2026 14:00:00,30.719859,76.738637,NO2,14,45,28
India,Chandigarh,Chandigarh,"Sector-53, Chandigarh - CPCC",09-08-2026 14:00:00,30.719859,76.738637,CO,21,36,27
India,Delhi,Delhi,"Sirifort, Delhi - CPCB",09-08-2026 14:00:00,28.5504249,77.2159377,PM2.5,56,98,77
India,Delhi,Delhi,"Sirifort, Delhi - CPCB",09-08-2026 14:00:00,28.5504249,77.2159377,OZONE,21,40,29
India,Delhi,Delhi,"Chandni Chowk, Delhi - IITM",09-08-2026 14:00:00,28.656756,77.227234,NO2,13,25,18
India,Delhi,Delhi,"Chandni Chowk, Delhi - IITM",09-08-2026 14:00:00,28.656756,77.227234,CO,75,104,85
India,Delhi,Delhi,"ITO, Delhi - CPCB",09-08-2026 14:00:00,28.628624,77.24106,SO2,0,75,38
India,Delhi,Delhi,"Punjabi Bagh, Delhi - DPCC",09-08-2026 14:00:00,28.674045,77.131023,PM10,6,188,95
India,Delhi,Delhi,"Shadipur, Delhi - CPCB",09-08-2026 14:00:00,28.6514781,77.1473105,CO,26,48,36
India,Delhi,Delhi,"Pusa, Delhi - DPCC",09-08-2026 14:00:00,28.639652,77.146275,PM2.5,3,183,63
India,Delhi,Delhi,"Sirifort, Delhi - CPCB",09-08-2026 14:00:00,28.5504249,77.2159377,PM2.5,56,98,77
India,Delhi,Delhi,"Sirifort, Delhi - CPCB",09-08-2026 14:00:00,28.5504249,77.2159377,OZONE,21,40,29
India,Delhi,Delhi,"Chandni Chowk, Delhi - IITM",09-08-2026 14:00:00,28.656756,77.227234,NO2,13,25,18
India,Delhi,Delhi,"Chandni Chowk, Delhi - IITM",09-08-2026 14:00:00,28.656756,77.227234,CO,75,104,85
India,Bihar,Muzaffarpur,"Buddha Colony, Muzaffarpur - BSPCB",09-08-2026 14:00:00,26.11442,85.39813,PM2.5,17,53,29
India,Bihar,Muzaffarpur,"Buddha Colony, Muzaffarpur - BSPCB",09-08-2026 14:00:00,26.11442,85.39813,PM10,35,59,43
India,Delhi,Delhi,"NSIT Dwarka, Delhi - CPCB",09-08-2026 14:00:00,28.60909,77.0325413,SO2,NA,NA,NA
India,Delhi,Delhi,"NSIT Dwarka, Delhi - CPCB",09-08-2026 14:00:00,28.60909,77.0325413,CO,40,63,55
India,Delhi,Delhi,"Aya Nagar, Delhi - IITM",09-08-2026 14:00:00,28.4706914,77.1099364,SO2,NA,NA,NA
India,Delhi,Delhi,"CRRI Mathura Road, Delhi - IITM",09-08-2026 14:00:00,28.5512005,77.2735737,PM2.5,4,80,47
India,Delhi,Delhi,"CRRI Mathura Road, Delhi - IITM",09-08-2026 14:00:00,28.5512005,77.2735737,SO2,NA,NA,NA
India,Chandigarh,Chandigarh,"Sector-25, Chandigarh - CPCC",09-08-2026 14:00:00,30.751462,76.762879,PM10,30,58,44
India,Chandigarh,Chandigarh,"Sector-25, Chandigarh - CPCC",09-08-2026 14:00:00,30.751462,76.762879,CO,16,24,19
India,Chandigarh,Chandigarh,"Sector-25, Chandigarh - CPCC",09-08-2026 14:00:00,30.751462,76.762879,OZONE,17,43,24
India,Chhattisgarh,Bhilai,"Civic Center, Bhilai - Bhilai Steel Plant",09-08-2026 14:00:00,21.185571,81.343175,PM10,4,25,12
India,Chhattisgarh,Bhilai,"Civic Center, Bhilai - Bhilai Steel Plant",09-08-2026 14:00:00,21.185571,81.343175,NH3,1,2,1
India,Chhattisgarh,Bhilai,"32Bungalows, Bhilai - CECB",09-08-2026 14:00:00,21.194815,81.31477,SO2,4,6,5
India,Chhattisgarh,Bhilai,"Hathkhoj, Bhilai - CECB",09-08-2026 14:00:00,21.224231,81.40835,OZONE,13,20,16
India,Chhattisgarh,Bilaspur,"Mangala, Bilaspur - NTPC",09-08-2026 14:00:00,22.08815,82.13737,OZONE,NA,NA,NA
India,Chhattisgarh,Korba,"Urja Nagar, Korba - CECB",09-08-2026 14:00:00,22.348441,82.549611,PM10,4,16,11
India,Chhattisgarh,Korba,"Urja Nagar, Korba - CECB",09-08-2026 14:00:00,22.348441,82.549611,SO2,10,15,12
India,Chhattisgarh,Korba,"Rampur, Korba - CECB",09-08-2026 14:00:00,22.368195,82.746431,PM2.5,NA,NA,NA
India,Chhattisgarh,Kunjemura,"OP Jindal School, Kunjemura - CECB",09-08-2026 14:00:00,22.12665,83.483212,NO2,5,16,11
India,Chhattisgarh,Kunjemura,"OP Jindal School, Kunjemura - CECB",09-08-2026 14:00:00,22.12665,83.483212,NH3,2,2,2
India,Chhattisgarh,Milupara,"Govt. Higher Secondary School, Milupara - CECB",09-08-2026 14:00:00,22.1910172,83.5197009,NH3,1,2,1
India,Chhattisgarh,Milupara,"Govt. Higher Secondary School, Milupara - CECB",09-08-2026 14:00:00,22.1910172,83.5197009,SO2,13,19,15
India,Assam,Guwahati,"Railway Colony, Guwahati - PCBA",09-08-2026 14:00:00,26.181742,91.78063,PM10,8,75,32
India,Assam,Guwahati,"Railway Colony, Guwahati - PCBA",09-08-2026 14:00:00,26.181742,91.78063,NO2,3,4,3
India,Assam,Guwahati,"Railway Colony, Guwahati - PCBA",09-08-2026 14:00:00,26.181742,91.78063,OZONE,4,4,4
India,Assam,Guwahati,"Pan Bazaar, Guwahati - PCBA",09-08-2026 14:00:00,26.1875,91.744194,OZONE,13,20,16
India,Assam,Nalbari,"Bata Chowk, Nalbari - PCBA",09-08-2026 14:00:00,26.446912,91.439057,PM10,NA,NA,NA
India,Assam,Nalbari,"Bata Chowk, Nalbari - PCBA",09-08-2026 14:00:00,26.446912,91.439057,NO2,NA,NA,NA
India,Bihar,Araria,"Kharahiya Basti, Araria - BSPCB",09-08-2026 14:00:00,26.146529,87.454184,PM2.5,3,53,19
India,Bihar,Araria,"Kharahiya Basti, Araria - BSPCB",09-08-2026 14:00:00,26.146529,87.454184,NH3,4,5,4
India,Bihar,Araria,"Kharahiya Basti, Araria - BSPCB",09-08-2026 14:00:00,26.146529,87.454184,OZONE,38,41,40
India,Bihar,Aurangabad,"Gurdeo Nagar, Aurangabad - BSPCB",09-08-2026 14:00:00,24.75746,84.366208,CO,28,28,28
India,Assam,Guwahati,"Railway Colony, Guwahati - PCBA",09-08-2026 14:00:00,26.181742,91.78063,NO2,3,4,3
India,Assam,Guwahati,"Railway Colony, Guwahati - PCBA",09-08-2026 14:00:00,26.181742,91.78063,OZONE,4,4,4
India,Assam,Guwahati,"Pan Bazaar, Guwahati - PCBA",09-08-2026 14:00:00,26.1875,91.744194,OZONE,13,20,16
India,Assam,Nalbari,"Bata Chowk, Nalbari - PCBA",09-08-2026 14:00:00,26.446912,91.439057,PM10,NA,NA,NA
India,Assam,Nalbari,"Bata Chowk, Nalbari - PCBA",09-08-2026 14:00:00,26.446912,91.439057,NO2,NA,NA,NA
India,Bihar,Araria,"Kharahiya Basti, Araria - BSPCB",09-08-2026 14:00:00,26.146529,87.454184,PM2.5,3,53,19
India,Delhi,Delhi,"Burari Crossing, Delhi - IITM",09-08-2026 14:00:00,28.7256504,77.2011573,CO,32,55,41
India,Delhi,Delhi,"IMD Lodhi Road, Delhi - IITM",09-08-2026 14:00:00,28.5918245,77.2273074,NO2,3,25,12
India,Delhi,Delhi,"IMD Lodhi Road, Delhi - IITM",09-08-2026 14:00:00,28.5918245,77.2273074,CO,15,33,20
India,Delhi,Delhi,"Alipur, Delhi - DPCC",09-08-2026 14:00:00,28.815329,77.15301,PM2.5,27,95,52
India,Delhi,Delhi,"North Campus, DU, Delhi - IITM",09-08-2026 14:00:00,28.6573814,77.1585447,NH3,NA,NA,NA
India,Delhi,Delhi,"R K Puram, Delhi - DPCC",09-08-2026 14:00:00,28.563262,77.186937,PM10,NA,NA,NA
India,Delhi,Delhi,"IIT Delhi, Delhi - IITM",09-08-2026 14:00:00,28.54246,77.191651,NH3,NA,NA,NA
India,Delhi,Delhi,"Dr. Karni Singh Shooting Range, Delhi - DPCC",09-08-2026 14:00:00,28.498571,77.26484,CO,29,49,36
India,Delhi,Delhi,"Dwarka-Sector 8, Delhi - DPCC ",09-08-2026 14:00:00,28.5710274,77.0719006,PM10,38,127,80
India,Delhi,Delhi,"Dwarka-Sector 8, Delhi - DPCC ",09-08-2026 14:00:00,28.5710274,77.0719006,CO,27,72,39
India,Delhi,Delhi,"DTU, Delhi - CPCB",09-08-2026 14:00:00,28.7500499,77.1112615,PM10,23,85,57
India,Bihar,Araria,"Kharahiya Basti, Araria - BSPCB",09-08-2026 14:00:00,26.146529,87.454184,NH3,4,5,4
India,Bihar,Araria,"Kharahiya Basti, Araria - BSPCB",09-08-2026 14:00:00,26.146529,87.454184,OZONE,38,41,40
India,Bihar,Aurangabad,"Gurdeo Nagar, Aurangabad - BSPCB",09-08-2026 14:00:00,24.75746,84.366208,CO,28,28,28
India,Bihar,Begusarai,"Lohiyanagar, Begusarai - BSPCB",09-08-2026 14:00:00,25.42742023,86.13886079,PM2.5,17,45,28
India,Bihar,Begusarai,"Lohiyanagar, Begusarai - BSPCB",09-08-2026 14:00:00,25.42742023,86.13886079,NO2,6,11,9
India,Bihar,Begusarai,"Lohiyanagar, Begusarai - BSPCB",09-08-2026 14:00:00,25.42742023,86.13886079,NH3,15,17,16
India,Bihar,Bettiah,"Kamalnath Nagar, Bettiah - BSPCB",09-08-2026 14:00:00,26.80365,84.51954,PM10,15,25,21
India,Bihar,Bettiah,"Kamalnath Nagar, Bettiah - BSPCB",09-08-2026 14:00:00,26.80365,84.51954,SO2,10,19,14
India,Bihar,Bettiah,"Kamalnath Nagar, Bettiah - BSPCB",09-08-2026 14:00:00,26.80365,84.51954,OZONE,22,25,23
India,Bihar,Bhagalpur,"Mayaganj, Bhagalpur - BSPCB",09-08-2026 14:00:00,25.265194,87.012947,NO2,15,18,17
India,Bihar,Bhagalpur,"Mayaganj, Bhagalpur - BSPCB",09-08-2026 14:00:00,25.265194,87.012947,SO2,11,65,28
India,Bihar,Chhapra,"Darshan Nagar, Chhapra - BSPCB",09-08-2026 14:00:00,25.7808257,84.7446768,PM10,NA,NA,NA
India,Andhra Pradesh,Amaravati,"Secretariat, Amaravati - APPCB",09-08-2026 14:00:00,16.5150833,80.5181667,CO,9,13,11
India,Andhra Pradesh,Anantapur,"Gulzarpet, Anantapur - APPCB",09-08-2026 14:00:00,14.675886,77.593027,NH3,3,5,3
India,Andhra Pradesh,Eluru,"District Court, Eluru - APPCB",09-08-2026 14:00:00,16.711754,81.092095,PM10,43,53,49
India,Andhra Pradesh,Eluru,"District Court, Eluru - APPCB",09-08-2026 14:00:00,16.711754,81.092095,SO2,13,18,14
India,Andhra Pradesh,Guntur,"Rajendra Nagar North, Guntur - APPCB",09-08-2026 14:00:00,16.316553,80.413302,PM10,48,56,52
India,Andhra Pradesh,Guntur,"Rajendra Nagar North, Guntur - APPCB",09-08-2026 14:00:00,16.316553,80.413302,SO2,8,12,10
India,Andhra Pradesh,Kadapa,"Yerramukkapalli, Kadapa - APPCB",09-08-2026 14:00:00,14.465052,78.824187,PM10,59,68,66
India,Andhra Pradesh,Kadapa,"Yerramukkapalli, Kadapa - APPCB",09-08-2026 14:00:00,14.465052,78.824187,NH3,7,19,8
India,Andhra Pradesh,Kadapa,"Yerramukkapalli, Kadapa - APPCB",09-08-2026 14:00:00,14.465052,78.824187,OZONE,21,31,22
India,Andhra Pradesh,Machilipatnam,"Srinivas Nagar Colony, Machilipatnam - APPCB",09-08-2026 14:00:00,16.186555,81.13219,NH3,NA,NA,NA
India,Chhattisgarh,Raipur,"AIIMS, Raipur - CECB",09-08-2026 14:00:00,21.258815,81.578979,CO,16,30,24
India,Bihar,Munger,"Town Hall, Munger - BSPCB",09-08-2026 14:00:00,25.376776,86.471523,SO2,41,46,43
India,Andhra Pradesh,Amaravati,"Secretariat, Amaravati - APPCB",09-08-2026 14:00:00,16.5150833,80.5181667,CO,9,13,11
India,Haryana,Gurugram,"NISE Gwal Pahari, Gurugram - IITM",09-08-2026 14:00:00,28.422681,77.148944,CO,68,89,79
India,Haryana,Gurugram,"Sector-51, Gurugram - HSPCB",09-08-2026 14:00:00,28.4227,77.0667,NO2,18,53,31
India,Haryana,Gurugram,"Sector-51, Gurugram - HSPCB",09-08-2026 14:00:00,28.4227,77.0667,OZONE,9,39,22
India,Haryana,Hisar,"Urban Estate-II, Hisar - HSPCB",09-08-2026 14:00:00,29.14056,75.744941,CO,22,26,24
India,Haryana,Jind,"Police Lines, Jind - HSPCB",09-08-2026 14:00:00,29.307814,76.337619,PM10,4,38,23
India,Haryana,Jind,"Police Lines, Jind - HSPCB",09-08-2026 14:00:00,29.307814,76.337619,SO2,27,30,28
India,Haryana,Jind,"Police Lines, Jind - HSPCB",09-08-2026 14:00:00,29.307814,76.337619,OZONE,6,13,10
India,Haryana,Kaithal,"Rishi Nagar, Kaithal - HSPCB",09-08-2026 14:00:00,29.8006,76.4155,NO2,21,24,23
India,Andhra Pradesh,Nellore,"Ambedkar Nagar, Nellore - APPCB ",09-08-2026 14:00:00,14.438164,79.966814,NO2,28,33,32
India,Andhra Pradesh,Rajamahendravaram,"Anand Kala Kshetram, Rajamahendravaram - APPCB",09-08-2026 14:00:00,16.9872867,81.7363176,NH3,2,7,3
India,Andhra Pradesh,Tirumala,"Toll Gate, Tirumala - APPCB",09-08-2026 14:00:00,13.67,79.35,PM2.5,2,28,15
India,Andhra Pradesh,Tirumala,"Toll Gate, Tirumala - APPCB",09-08-2026 14:00:00,13.67,79.35,PM10,14,37,25
India,Andhra Pradesh,Tirumala,"Toll Gate, Tirumala - APPCB",09-08-2026 14:00:00,13.67,79.35,NO2,17,65,41
India,Andhra Pradesh,Tirumala,"Toll Gate, Tirumala - APPCB",09-08-2026 14:00:00,13.67,79.35,NH3,2,2,2
India,Andhra Pradesh,Tirupati,"Vaikuntapuram, Tirupati - APPCB",09-08-2026 14:00:00,13.615387,79.40923,NO2,28,32,30
India,Andhra Pradesh,Vijayawada,"Rajiv Nagar, Vijayawada - APPCB",09-08-2026 14:00:00,16.554731,80.64911,PM2.5,53,74,66
India,Andhra Pradesh,Vijayawada,"Rajiv Nagar, Vijayawada - APPCB",09-08-2026 14:00:00,16.554731,80.64911,NO2,19,19,19
India,Bihar,Kishanganj,"SDM Office_Khagra, Kishanganj - BSPCB",09-08-2026 14:00:00,26.0881305,87.93840336,NH3,3,3,3
India,Bihar,Kishanganj,"SDM Office_Khagra, Kishanganj - BSPCB",09-08-2026 14:00:00,26.0881305,87.93840336,OZONE,32,33,33
India,Bihar,Munger,"Town Hall, Munger - BSPCB",09-08-2026 14:00:00,25.376776,86.471523,SO2,41,46,43
India,Bihar,Muzaffarpur,"Buddha Colony, Muzaffarpur - BSPCB",09-08-2026 14:00:00,26.11442,85.39813,PM2.5,17,53,29
India,Bihar,Muzaffarpur,"Buddha Colony, Muzaffarpur - BSPCB",09-08-2026 14:00:00,26.11442,85.39813,PM10,35,59,43
India,Bihar,Muzaffarpur,"Buddha Colony, Muzaffarpur - BSPCB",09-08-2026 14:00:00,26.11442,85.39813,CO,15,20,19
India,Bihar,Muzaffarpur,"Buddha Colony, Muzaffarpur - BSPCB",09-08-2026 14:00:00,26.11442,85.39813,OZONE,11,24,18
India,Bihar,Patna,"Rajbansi Nagar, Patna - BSPCB",09-08-2026 14:00:00,25.599486,85.113666,OZONE,26,27,27
India,Bihar,Patna,"DRM Office Danapur, Patna - BSPCB",09-08-2026 14:00:00,25.586562,85.043586,NH3,8,9,9
India,Haryana,Faridabad,"New Industrial Town, Faridabad - HSPCB",09-08-2026 14:00:00,28.39072,77.30059,OZONE,13,14,14
India,Haryana,Faridabad,"Sector 11, Faridabad - HSPCB",09-08-2026 14:00:00,28.376058,77.315741,PM2.5,38,382,119
India,Himachal Pradesh,Baddi,"HIMUDA Complex Phase-1, Baddi - HPPCB",09-08-2026 14:00:00,30.943887,76.801991,NO2,2,44,11
India,Himachal Pradesh,Baddi,"HIMUDA Complex Phase-1, Baddi - HPPCB",09-08-2026 14:00:00,30.943887,76.801991,NH3,3,5,4
India,Himachal Pradesh,Baddi,"HIMUDA Complex Phase-1, Baddi - HPPCB",09-08-2026 14:00:00,30.943887,76.801991,CO,104,106,105
India,Jammu and Kashmir,Pampore,"Khrew, Pampore - JKPCC",09-08-2026 14:00:00,34.031606,75.009712,PM2.5,9,27,19
India,Jammu and Kashmir,Srinagar,"Khunmoh, Srinagar - JKPCC",09-08-2026 14:00:00,34.06313,74.96017,CO,NA,NA,NA
India,Jammu and Kashmir,Srinagar,"Rajbagh, Srinagar - JKPCC",09-08-2026 14:00:00,34.066206,74.81982,PM10,24,37,31
India,Haryana,Charkhi Dadri,"Mini Secretariat, Charkhi Dadri - HSPCB",09-08-2026 14:00:00,28.593883,76.270653,NO2,9,24,15
India,Haryana,Charkhi Dadri,"Mini Secretariat, Charkhi Dadri - HSPCB",09-08-2026 14:00:00,28.593883,76.270653,NH3,5,8,6
India,Haryana,Dharuhera,"Municipal Corporation Office, Dharuhera -  HSPCB",09-08-2026 14:00:00,28.2068,76.7997,PM2.5,29,152,77
India,Haryana,Dharuhera,"Municipal Corporation Office, Dharuhera -  HSPCB",09-08-2026 14:00:00,28.2068,76.7997,NO2,11,68,48
India,Haryana,Dharuhera,"Municipal Corporation Office, Dharuhera -  HSPCB",09-08-2026 14:00:00,28.2068,76.7997,OZONE,6,29,19
India,Haryana,Faridabad,"New Industrial Town, Faridabad - HSPCB",09-08-2026 14:00:00,28.39072,77.30059,OZONE,13,14,14
India,Haryana,Faridabad,"Sector 11, Faridabad - HSPCB",09-08-2026 14:00:00,28.376058,77.315741,PM2.5,38,382,119
India,Haryana,Faridabad,"Sector 30, Faridabad - HSPCB",09-08-2026 14:00:00,28.4417,77.3217,PM10,68,91,75
India,Haryana,Fatehabad,"Huda Sector, Fatehabad - HSPCB",09-08-2026 14:00:00,29.503664,75.467934,NO2,18,21,19
India,Haryana,Gurugram,"Teri Gram, Gurugram - HSPCB",09-08-2026 14:00:00,28.4275,77.1465,NO2,31,65,45
India,Haryana,Gurugram,"Teri Gram, Gurugram - HSPCB",09-08-2026 14:00:00,28.4275,77.1465,CO,22,40,32
India,Haryana,Gurugram,"Vikas Sadan, Gurugram - HSPCB",09-08-2026 14:00:00,28.4501238,77.0263051,OZONE,8,17,12
India,Haryana,Gurugram,"NISE Gwal Pahari, Gurugram - IITM",09-08-2026 14:00:00,28.422681,77.148944,PM2.5,31,294,69
India,Haryana,Gurugram,"NISE Gwal Pahari, Gurugram - IITM",09-08-2026 14:00:00,28.422681,77.148944,PM10,23,131,71
India,Gujarat,Ahmedabad,"Raikhad, Ahmedabad - IITM",09-08-2026 14:00:00,23.020509,72.579261,CO,3,24,15
India,Gujarat,Ankleshwar,"GIDC, Ankleshwar - GPCB",09-08-2026 14:00:00,21.613267,73.010555,OZONE,49,50,50
India,Gujarat,Bhavnagar,"Vidhyanagar, Bhavnagar - Nexteng Enviro",09-08-2026 14:00:00,21.755417,72.139056,PM10,50,82,63
India,Gujarat,Bhavnagar,"Vidhyanagar, Bhavnagar - Nexteng Enviro",09-08-2026 14:00:00,21.755417,72.139056,NH3,4,5,5
India,Gujarat,Bhavnagar,"Vidhyanagar, Bhavnagar - Nexteng Enviro",09-08-2026 14:00:00,21.755417,72.139056,SO2,7,7,7
India,Gujarat,Bhavnagar,"Vidhyanagar, Bhavnagar - Nexteng Enviro",09-08-2026 14:00:00,21.755417,72.139056,OZONE,17,28,21
India,Gujarat,Gandhinagar,"Sector-10, Gandhinagar - GPCB",09-08-2026 14:00:00,23.221714,72.654328,PM10,33,226,76
India,Gujarat,Gandhinagar,"Sector-10, Gandhinagar - GPCB",09-08-2026 14:00:00,23.221714,72.654328,NH3,1,1,1
India,Gujarat,Gandhinagar,"IIPHG Lekawada, Gandhinagar - IITM",09-08-2026 14:00:00,23.243639,72.68994,PM2.5,31,95,52
India,Gujarat,Gandhinagar,"IIPHG Lekawada, Gandhinagar - IITM",09-08-2026 14:00:00,23.243639,72.68994,NH3,0,1,1
India,Gujarat,Gandhinagar,"Sector-10, Gandhinagar - GPCB",09-08-2026 14:00:00,23.221714,72.654328,NH3,1,1,1
India,Gujarat,Gandhinagar,"IIPHG Lekawada, Gandhinagar - IITM",09-08-2026 14:00:00,23.243639,72.68994,PM2.5,31,95,52
India,Gujarat,Gandhinagar,"IIPHG Lekawada, Gandhinagar - IITM",09-08-2026 14:00:00,23.243639,72.68994,NH3,0,1,1
India,Gujarat,Gandhinagar,"IIPHG Lekawada, Gandhinagar - IITM",09-08-2026 14:00:00,23.243639,72.68994,SO2,2,3,2
India,Gujarat,Gandhinagar,"IIPHG Lekawada, Gandhinagar - IITM",09-08-2026 14:00:00,23.243639,72.68994,OZONE,3,6,4
India,Gujarat,Gandhinagar,"GIFT City, Gandhinagar - IITM",09-08-2026 14:00:00,23.163798,72.677768,SO2,4,13,8
India,Gujarat,Gandhinagar,"GIFT City, Gandhinagar - IITM",09-08-2026 14:00:00,23.163798,72.677768,OZONE,4,6,5
India,Gujarat,Mehsana,"Sadanand Nagar, Mehsana - Nexteng Enviro",09-08-2026 14:00:00,23.59315,72.372792,SO2,13,14,13
India,Gujarat,Nandesari,"GIDC, Nandesari - Nandesari Ind. Association",09-08-2026 14:00:00,22.410802,73.097923,OZONE,NA,NA,NA
India,Gujarat,Rajkot,"Mavdi, Rajkot - Nexteng Enviro ",09-08-2026 14:00:00,22.248853,70.776774,NO2,14,19,16
India,Gujarat,Rajkot,"Mavdi, Rajkot - Nexteng Enviro ",09-08-2026 14:00:00,22.248853,70.776774,NH3,0,0,0
India,Gujarat,Surat,"Science Center, Surat - SMC",09-08-2026 14:00:00,21.170046,72.795405,PM2.5,15,67,45
India,Gujarat,Surat,"Science Center, Surat - SMC",09-08-2026 14:00:00,21.170046,72.795405,PM10,30,79,53
India,Gujarat,Surat,"Katargam, Surat - Nexteng Enviro",09-08-2026 14:00:00,21.217779,72.834787,NH3,1,1,1
India,Gujarat,Vadodara,"Bapunagar, Vadodara - Nexteng Enviro",09-08-2026 14:00:00,22.320153,73.216285,PM10,54,102,79
India,Gujarat,Vatva,"Phase-4 GIDC, Vatva - GPCB",09-08-2026 14:00:00,22.969611,72.6435,CO,28,39,34
India,Gujarat,Vatva,"Phase-4 GIDC, Vatva - GPCB",09-08-2026 14:00:00,22.969611,72.6435,OZONE,11,11,11
India,Haryana,Bahadurgarh,"Arya Nagar, Bahadurgarh - HSPCB",09-08-2026 14:00:00,28.6701,76.9254,NO2,22,28,26
India,Haryana,Bahadurgarh,"Arya Nagar, Bahadurgarh - HSPCB",09-08-2026 14:00:00,28.6701,76.9254,CO,28,34,32
India,Haryana,Ballabgarh,"Nathu Colony, Ballabgarh - HSPCB",09-08-2026 14:00:00,28.3419248,77.319699,PM2.5,17,110,40
India,Jharkhand,Jorapokhar,"Tata Stadium, Jorapokhar - JSPCB",09-08-2026 14:00:00,23.707909,86.41467,SO2,21,21,21
India,Karnataka,Bagalkot,"Vidayagiri, Bagalkot - KSPCB",09-08-2026 14:00:00,16.172806,75.659694,SO2,NA,NA,NA
India,Karnataka,Belgaum,"Ramteerth Nagar, Belgaum - KSPCB",09-08-2026 14:00:00,15.888653,74.541751,OZONE,19,19,19
India,Karnataka,Bengaluru,"Bapuji Nagar, Bengaluru - KSPCB",09-08-2026 14:00:00,12.951913,77.539784,SO2,29,43,36
India,Karnataka,Bengaluru,"Bapuji Nagar, Bengaluru - KSPCB",09-08-2026 14:00:00,12.951913,77.539784,OZONE,18,30,24
India,Karnataka,Bengaluru,"Sanegurava Halli, Bengaluru - KSPCB",09-08-2026 14:00:00,12.990328,77.5431385,SO2,6,7,6
India,Karnataka,Bengaluru,"Jigani, Bengaluru - KSPCB",09-08-2026 14:00:00,12.7816279,77.6299145,NO2,23,25,24
India,Karnataka,Bengaluru,"Jigani, Bengaluru - KSPCB",09-08-2026 14:00:00,12.7816279,77.6299145,SO2,16,17,16
India,Karnataka,Bengaluru,"Silk Board, Bengaluru - KSPCB",09-08-2026 14:00:00,12.917348,77.622813,NO2,NA,NA,NA
India,Karnataka,Bengaluru,"Silk Board, Bengaluru - KSPCB",09-08-2026 14:00:00,12.917348,77.622813,SO2,5,10,7
India,Karnataka,Bengaluru,"Hebbal, Bengaluru - KSPCB",09-08-2026 14:00:00,13.029152,77.585901,PM10,21,43,29
India,Karnataka,Bengaluru,"Hebbal, Bengaluru - KSPCB",09-08-2026 14:00:00,13.029152,77.585901,NH3,2,2,2
India,Karnataka,Bengaluru,"Jayanagar 5th Block, Bengaluru - KSPCB",09-08-2026 14:00:00,12.920984,77.584908,CO,6,13,9
India,Karnataka,Bengaluru,"Peenya, Bengaluru - CPCB",09-08-2026 14:00:00,13.0270199,77.494094,NO2,12,18,14
India,Karnataka,Bengaluru,"Hombegowda Nagar, Bengaluru - KSPCB",09-08-2026 14:00:00,12.938539,77.5901,PM10,32,76,48
India,Karnataka,Bengaluru,"Hombegowda Nagar, Bengaluru - KSPCB",09-08-2026 14:00:00,12.938539,77.5901,NH3,1,1,1
India,Karnataka,Chamarajanagar,"Urban, Chamarajanagar - KSPCB",09-08-2026 14:00:00,11.55358,76.55521,PM10,44,46,45
India,Karnataka,Chamarajanagar,"Urban, Chamarajanagar - KSPCB",09-08-2026 14:00:00,11.55358,76.55521,SO2,4,4,4
India,Karnataka,Chamarajanagar,"Urban, Chamarajanagar - KSPCB",09-08-2026 14:00:00,11.55358,76.55521,OZONE,26,26,26
India,Karnataka,Chikkaballapur,"Chikkaballapur Rural, Chikkaballapur - KSPCB",09-08-2026 14:00:00,13.428828,77.731418,PM2.5,3,13,7
India,Karnataka,Chikkaballapur,"Chikkaballapur Rural, Chikkaballapur - KSPCB",09-08-2026 14:00:00,13.428828,77.731418,PM10,16,29,23
India,Karnataka,Chikkaballapur,"Chikkaballapur Rural, Chikkaballapur - KSPCB",09-08-2026 14:00:00,13.428828,77.731418,SO2,13,19,17
India,Karnataka,Chikkamagaluru,"Kalyana Nagara, Chikkamagaluru - KSPCB",09-08-2026 14:00:00,13.328028,75.797056,PM2.5,19,25,23
India,Karnataka,Chikkamagaluru,"Kalyana Nagara, Chikkamagaluru - KSPCB",09-08-2026 14:00:00,13.328028,75.797056,PM10,29,39,37
India,Karnataka,Dharwad,"Kalabhavan, Dharwad - KSPCB",09-08-2026 14:00:00,15.459706,75.008381,PM10,58,66,62
India,Karnataka,Dharwad,"Kalabhavan, Dharwad - KSPCB",09-08-2026 14:00:00,15.459706,75.008381,OZONE,29,29,29
India,Karnataka,Hubballi,"Lingaraj Nagar, Hubballi - KSPCB",09-08-2026 14:00:00,15.3714823,75.1160168,PM2.5,37,38,38
India,Karnataka,Hubballi,"Lingaraj Nagar, Hubballi - KSPCB",09-08-2026 14:00:00,15.3714823,75.1160168,CO,12,14,14
India,Karnataka,Kalaburagi,"Mahatma Basaveswar Colony, Kalaburgi - KSPCB",09-08-2026 14:00:00,17.336318,76.847397,PM2.5,17,36,20
India,Karnataka,Kalaburagi,"Mahatma Basaveswar Colony, Kalaburgi - KSPCB",09-08-2026 14:00:00,17.336318,76.847397,CO,30,31,31
India,Karnataka,Karwar,"KHB Colony, Karwar - KSPCB",09-08-2026 14:00:00,14.816666,74.141003,PM10,40,92,58
India,Karnataka,Karwar,"KHB Colony, Karwar - KSPCB",09-08-2026 14:00:00,14.816666,74.141003,NO2,20,32,27
India,Karnataka,Karwar,"KHB Colony, Karwar - KSPCB",09-08-2026 14:00:00,14.816666,74.141003,SO2,21,27,25
India,Karnataka,Karwar,"KHB Colony, Karwar - KSPCB",09-08-2026 14:00:00,14.816666,74.141003,OZONE,17,17,17
India,Karnataka,Madikeri,"Stuart Hill, Madikeri - KSPCB",09-08-2026 14:00:00,12.415911,75.73505,CO,9,25,14
India,Karnataka,Madikeri,"Stuart Hill, Madikeri - KSPCB",09-08-2026 14:00:00,12.415911,75.73505,OZONE,2,11,4
India,Karnataka,Mangalore,"Kadri, Mangalore - KSPCB",09-08-2026 14:00:00,12.88925,74.853,PM2.5,11,48,28
India,Karnataka,Mangalore,"Kadri, Mangalore - KSPCB",09-08-2026 14:00:00,12.88925,74.853,SO2,NA,NA,NA
India,Karnataka,Ramanagara,"Vijay Nagar, Ramanagara - KSPCB",09-08-2026 14:00:00,12.733409,77.298051,NO2,NA,NA,NA
India,Karnataka,Shivamogga,"Vinoba Nagara, Shivamogga - KSPCB",09-08-2026 14:00:00,13.94,75.555917,PM10,44,54,52
India,Delhi,Delhi,"Vivek Vihar, Delhi - DPCC",09-08-2026 14:00:00,28.672342,77.31526,NH3,5,7,6
India,Delhi,Delhi,"Rohini, Delhi - DPCC",09-08-2026 14:00:00,28.732528,77.11992,SO2,4,7,5
India,Delhi,Delhi,"Okhla Phase-2, Delhi - DPCC",09-08-2026 14:00:00,28.530785,77.271255,PM10,18,97,54
India,Delhi,Delhi,"Major Dhyan Chand National Stadium, Delhi - DPCC",09-08-2026 14:00:00,28.611281,77.237738,PM2.5,12,113,46
India,Delhi,Delhi,"Cantonment Area, Delhi - DPCC",09-08-2026 14:00:00,28.594169,77.1251,SO2,1,4,2
India,Gujarat,Ahmedabad,"Rakhial, Ahmedabad - IITM",09-08-2026 14:00:00,23.016834,72.625775,PM10,64,100,81
India,Gujarat,Ahmedabad,"Rakhial, Ahmedabad - IITM",09-08-2026 14:00:00,23.016834,72.625775,CO,42,56,48
India,Gujarat,Ahmedabad,"Maninagar, Ahmedabad - GPCB",09-08-2026 14:00:00,23.002657,72.591912,NH3,NA,NA,NA
India,Karnataka,Bengaluru,"Hombegowda Nagar, Bengaluru - KSPCB",09-08-2026 14:00:00,12.938539,77.5901,PM10,32,76,48
India,Karnataka,Bengaluru,"Hombegowda Nagar, Bengaluru - KSPCB",09-08-2026 14:00:00,12.938539,77.5901,NH3,1,1,1
India,Karnataka,Chamarajanagar,"Urban, Chamarajanagar - KSPCB",09-08-2026 14:00:00,11.55358,76.55521,PM10,44,46,45
India,Karnataka,Chamarajanagar,"Urban, Chamarajanagar - KSPCB",09-08-2026 14:00:00,11.55358,76.55521,SO2,4,4,4
India,Karnataka,Chamarajanagar,"Urban, Chamarajanagar - KSPCB",09-08-2026 14:00:00,11.55358,76.55521,OZONE,26,26,26
India,Karnataka,Chikkaballapur,"Chikkaballapur Rural, Chikkaballapur - KSPCB",09-08-2026 14:00:00,13.428828,77.731418,PM2.5,3,13,7
India,Karnataka,Chikkaballapur,"Chikkaballapur Rural, Chikkaballapur - KSPCB",09-08-2026 14:00:00,13.428828,77.731418,PM10,16,29,23
India,Karnataka,Chikkaballapur,"Chikkaballapur Rural, Chikkaballapur - KSPCB",09-08-2026 14:00:00,13.428828,77.731418,SO2,13,19,17
India,Karnataka,Chikkamagaluru,"Kalyana Nagara, Chikkamagaluru - KSPCB",09-08-2026 14:00:00,13.328028,75.797056,PM2.5,19,25,23
India,Karnataka,Chikkamagaluru,"Kalyana Nagara, Chikkamagaluru - KSPCB",09-08-2026 14:00:00,13.328028,75.797056,PM10,29,39,37
India,Karnataka,Dharwad,"Kalabhavan, Dharwad - KSPCB",09-08-2026 14:00:00,15.459706,75.008381,PM10,58,66,62
India,Karnataka,Dharwad,"Kalabhavan, Dharwad - KSPCB",09-08-2026 14:00:00,15.459706,75.008381,OZONE,29,29,29
India,Gujarat,Surat,"Katargam, Surat - Nexteng Enviro",09-08-2026 14:00:00,21.217779,72.834787,NH3,1,1,1
India,Gujarat,Vadodara,"Bapunagar, Vadodara - Nexteng Enviro",09-08-2026 14:00:00,22.320153,73.216285,PM10,54,102,79
India,Gujarat,Vatva,"Phase-4 GIDC, Vatva - GPCB",09-08-2026 14:00:00,22.969611,72.6435,CO,28,39,34
India,Gujarat,Vatva,"Phase-4 GIDC, Vatva - GPCB",09-08-2026 14:00:00,22.969611,72.6435,OZONE,11,11,11
India,Haryana,Bahadurgarh,"Arya Nagar, Bahadurgarh - HSPCB",09-08-2026 14:00:00,28.6701,76.9254,NO2,22,28,26
India,Haryana,Bahadurgarh,"Arya Nagar, Bahadurgarh - HSPCB",09-08-2026 14:00:00,28.6701,76.9254,CO,28,34,32
India,Haryana,Ballabgarh,"Nathu Colony, Ballabgarh - HSPCB",09-08-2026 14:00:00,28.3419248,77.319699,PM2.5,17,110,40
India,Haryana,Ballabgarh,"Nathu Colony, Ballabgarh - HSPCB",09-08-2026 14:00:00,28.3419248,77.319699,NO2,20,21,20
India,Haryana,Bhiwani,"H.B. Colony, Bhiwani - HSPCB",09-08-2026 14:00:00,28.806223,76.141105,NO2,7,10,9
India,Haryana,Charkhi Dadri,"Mini Secretariat, Charkhi Dadri - HSPCB",09-08-2026 14:00:00,28.593883,76.270653,NO2,9,24,15
India,Madhya Pradesh,Katni,"Gole Bazar, Katni - MPPCB",09-08-2026 14:00:00,23.50016,80.23284,OZONE,26,29,27
India,Madhya Pradesh,Maihar,"Sahilara, Maihar - KJS Cements",09-08-2026 14:00:00,24.2613009,80.7231783,NH3,NA,NA,NA
India,Madhya Pradesh,Maihar,"Sahilara, Maihar - KJS Cements",09-08-2026 14:00:00,24.2613009,80.7231783,CO,28,36,33
India,Madhya Pradesh,Maihar,"Sahilara, Maihar - KJS Cements",09-08-2026 14:00:00,24.2613009,80.7231783,OZONE,NA,NA,NA
India,Madhya Pradesh,Mandideep,"Sector-D Industrial Area, Mandideep - MPPCB",09-08-2026 14:00:00,23.10844,77.511428,PM2.5,58,107,78
India,Madhya Pradesh,Mandideep,"Sector-D Industrial Area, Mandideep - MPPCB",09-08-2026 14:00:00,23.10844,77.511428,NO2,20,37,30
India,Madhya Pradesh,Pithampur,"Sector-2 Industrial Area, Pithampur - MPPCB",09-08-2026 14:00:00,22.624758,75.675238,SO2,26,41,32
India,Madhya Pradesh,Ratlam,"Shasthri Nagar, Ratlam - IPCA Lab",09-08-2026 14:00:00,23.331731,75.045981,PM2.5,21,111,50
India,Madhya Pradesh,Ratlam,"Shasthri Nagar, Ratlam - IPCA Lab",09-08-2026 14:00:00,23.331731,75.045981,PM10,NA,NA,NA
India,Madhya Pradesh,Sagar,"Civil Lines, Sagar - MPPCB",09-08-2026 14:00:00,23.838586,78.759431,SO2,3,5,4
India,Madhya Pradesh,Satna,"Bandhavgar Colony, Satna - Birla Cement",09-08-2026 14:00:00,24.58434363,80.8549414,SO2,18,19,19
India,Madhya Pradesh,Singrauli,"Suryakiran Bhawan NCL, Singrauli - MPPCB",09-08-2026 14:00:00,24.10897,82.64558,NH3,6,17,10
India,Maharashtra,Ahmednagar,"Tarakpur, Ahmednagar - MPCB",09-08-2026 14:00:00,19.10122,74.73339,NO2,1,16,7
India,Maharashtra,Ahmednagar,"Tarakpur, Ahmednagar - MPCB",09-08-2026 14:00:00,19.10122,74.73339,CO,22,37,27
India,Jharkhand,Dhanbad,"Sardar Patel Nagar, Dhanbad - JSPCB",09-08-2026 14:00:00,23.80569,86.44268,PM10,NA,NA,NA
India,Jharkhand,Dhanbad,"Sardar Patel Nagar, Dhanbad - JSPCB",09-08-2026 14:00:00,23.80569,86.44268,CO,3,3,3
India,Jharkhand,Jorapokhar,"Tata Stadium, Jorapokhar - JSPCB",09-08-2026 14:00:00,23.707909,86.41467,PM10,44,424,77
India,Jharkhand,Jorapokhar,"Tata Stadium, Jorapokhar - JSPCB",09-08-2026 14:00:00,23.707909,86.41467,SO2,21,21,21
India,Karnataka,Bagalkot,"Vidayagiri, Bagalkot - KSPCB",09-08-2026 14:00:00,16.172806,75.659694,SO2,NA,NA,NA
India,Karnataka,Belgaum,"Ramteerth Nagar, Belgaum - KSPCB",09-08-2026 14:00:00,15.888653,74.541751,OZONE,19,19,19
India,Delhi,Delhi,"Cantonment Area, Delhi - DPCC",09-08-2026 14:00:00,28.594169,77.1251,SO2,1,4,2
India,Gujarat,Ahmedabad,"Rakhial, Ahmedabad - IITM",09-08-2026 14:00:00,23.016834,72.625775,PM10,64,100,81
India,Gujarat,Ahmedabad,"Rakhial, Ahmedabad - IITM",09-08-2026 14:00:00,23.016834,72.625775,CO,42,56,48
India,Gujarat,Ahmedabad,"Maninagar, Ahmedabad - GPCB",09-08-2026 14:00:00,23.002657,72.591912,NH3,NA,NA,NA
India,Gujarat,Ahmedabad,"Gyaspur, Ahmedabad - IITM",09-08-2026 14:00:00,22.977134,72.553024,NO2,25,34,30
India,Madhya Pradesh,Katni,"Gole Bazar, Katni - MPPCB",09-08-2026 14:00:00,23.50016,80.23284,OZONE,26,29,27
India,Madhya Pradesh,Maihar,"Sahilara, Maihar - KJS Cements",09-08-2026 14:00:00,24.2613009,80.7231783,NH3,NA,NA,NA
India,Madhya Pradesh,Maihar,"Sahilara, Maihar - KJS Cements",09-08-2026 14:00:00,24.2613009,80.7231783,CO,28,36,33
India,Madhya Pradesh,Maihar,"Sahilara, Maihar - KJS Cements",09-08-2026 14:00:00,24.2613009,80.7231783,OZONE,NA,NA,NA
India,Madhya Pradesh,Mandideep,"Sector-D Industrial Area, Mandideep - MPPCB",09-08-2026 14:00:00,23.10844,77.511428,PM2.5,58,107,78
India,Madhya Pradesh,Mandideep,"Sector-D Industrial Area, Mandideep - MPPCB",09-08-2026 14:00:00,23.10844,77.511428,NO2,20,37,30
India,Madhya Pradesh,Pithampur,"Sector-2 Industrial Area, Pithampur - MPPCB",09-08-2026 14:00:00,22.624758,75.675238,SO2,26,41,32
India,Madhya Pradesh,Ratlam,"Shasthri Nagar, Ratlam - IPCA Lab",09-08-2026 14:00:00,23.331731,75.045981,PM2.5,21,111,50
India,Madhya Pradesh,Ratlam,"Shasthri Nagar, Ratlam - IPCA Lab",09-08-2026 14:00:00,23.331731,75.045981,PM10,NA,NA,NA
India,Madhya Pradesh,Sagar,"Civil Lines, Sagar - MPPCB",09-08-2026 14:00:00,23.838586,78.759431,SO2,3,5,4
India,Madhya Pradesh,Satna,"Bandhavgar Colony, Satna - Birla Cement",09-08-2026 14:00:00,24.58434363,80.8549414,SO2,18,19,19
India,Madhya Pradesh,Singrauli,"Suryakiran Bhawan NCL, Singrauli - MPPCB",09-08-2026 14:00:00,24.10897,82.64558,NH3,6,17,10
India,Maharashtra,Ahmednagar,"Tarakpur, Ahmednagar - MPCB",09-08-2026 14:00:00,19.10122,74.73339,NO2,1,16,7
India,Maharashtra,Ahmednagar,"Tarakpur, Ahmednagar - MPCB",09-08-2026 14:00:00,19.10122,74.73339,CO,22,37,27
India,Maharashtra,Akola,"Ramdaspeth, Akola - MPCB",09-08-2026 14:00:00,20.719516,77.000253,PM10,33,57,45
India,Maharashtra,Badlapur,"Katrap, Badlapur - MPCB",09-08-2026 14:00:00,19.16485,73.23409,OZONE,5,7,6
India,Maharashtra,Beed,"Bir, Beed - MPCB",09-08-2026 14:00:00,18.988474,75.753873,NO2,7,24,13
India,Maharashtra,Beed,"Bir, Beed - MPCB",09-08-2026 14:00:00,18.988474,75.753873,NH3,2,3,3
India,Maharashtra,Belapur,"CBD Belapur, Belapur - MPCB",09-08-2026 14:00:00,19.0243902,73.0406721,OZONE,3,13,9
India,Kerala,Thrissur,"Corporation Ground, Thrissur - Kerala PCB",09-08-2026 14:00:00,10.5324,76.2159,CO,10,12,11
India,Madhya Pradesh,Bhopal,"T T Nagar, Bhopal - MPPCB",09-08-2026 14:00:00,23.233584,77.400574,PM2.5,32,61,46
India,Madhya Pradesh,Bhopal,"T T Nagar, Bhopal - MPPCB",09-08-2026 14:00:00,23.233584,77.400574,NO2,11,23,16
India,Madhya Pradesh,Bhopal,"T T Nagar, Bhopal - MPPCB",09-08-2026 14:00:00,23.233584,77.400574,NH3,6,6,6
India,Madhya Pradesh,Bhopal,"T T Nagar, Bhopal - MPPCB",09-08-2026 14:00:00,23.233584,77.400574,CO,19,30,26
India,Madhya Pradesh,Bhopal,"Idgah Hills, Bhopal - MPPCB",09-08-2026 14:00:00,23.264759,77.381568,SO2,5,8,6
India,Maharashtra,Navi Mumbai,"Nerul, Navi Mumbai - MPCB",09-08-2026 14:00:00,19.008751,73.01662,SO2,NA,NA,NA
India,Maharashtra,Navi Mumbai,"Kopripada-Vashi, Navi Mumbai - MPCB",09-08-2026 14:00:00,19.090337,73.014232,NH3,5,8,6
India,Maharashtra,Navi Mumbai,"Kopripada-Vashi, Navi Mumbai - MPCB",09-08-2026 14:00:00,19.090337,73.014232,SO2,2,3,2
India,Maharashtra,Navi Mumbai,"Mahape, Navi Mumbai - MPCB",09-08-2026 14:00:00,19.1135051,73.008978,OZONE,5,11,9
India,Maharashtra,Navi Mumbai,"Tondare-Taloja, Navi Mumbai - MPCB",09-08-2026 14:00:00,19.063,73.1209,SO2,0,6,3
India,Maharashtra,Navi Mumbai,"Tondare-Taloja, Navi Mumbai - MPCB",09-08-2026 14:00:00,19.063,73.1209,CO,9,14,11
India,Maharashtra,Parbhani,"Masoom Colony, Parbhani - MPCB",09-08-2026 14:00:00,19.265594,76.761463,OZONE,20,50,28
India,Maharashtra,Pimpri-Chinchwad,"Transport Nagar-Nigdi, Pune - IITM",09-08-2026 14:00:00,18.664282,73.763966,NH3,NA,NA,NA
India,Maharashtra,Pimpri-Chinchwad,"Transport Nagar-Nigdi, Pune - IITM",09-08-2026 14:00:00,18.664282,73.763966,CO,41,51,48
India,Maharashtra,Pimpri-Chinchwad,"Bhosari, Pune - IITM",09-08-2026 14:00:00,18.640051,73.848956,NH3,NA,NA,NA
India,Maharashtra,Latur,"Sawe Wadi, Latur - MPCB",09-08-2026 14:00:00,18.39963,76.57452,PM10,36,165,72
India,Maharashtra,Latur,"Sawe Wadi, Latur - MPCB",09-08-2026 14:00:00,18.39963,76.57452,NO2,6,14,9
India,Maharashtra,Mahad,"Kamble Tarf Birwadi, Mahad - MPCB",09-08-2026 14:00:00,18.1023399,73.4783687,NO2,4,33,11
India,Maharashtra,Mahad,"Kamble Tarf Birwadi, Mahad - MPCB",09-08-2026 14:00:00,18.1023399,73.4783687,SO2,3,29,9
India,Maharashtra,Mira-Bhayandar,"Bhayandar West, Mira-Bhayandar - MPCB",09-08-2026 14:00:00,19.296481,72.840923,PM10,24,42,34
India,Maharashtra,Mira-Bhayandar,"Bhayandar West, Mira-Bhayandar - MPCB",09-08-2026 14:00:00,19.296481,72.840923,CO,14,16,14
India,Maharashtra,Mumbai,"Kherwadi_Bandra East, Mumbai - MPCB",09-08-2026 14:00:00,19.0632143,72.8456324,PM2.5,20,39,27
India,Maharashtra,Mumbai,"Kherwadi_Bandra East, Mumbai - MPCB",09-08-2026 14:00:00,19.0632143,72.8456324,PM10,34,47,41
India,Maharashtra,Mumbai,"Kherwadi_Bandra East, Mumbai - MPCB",09-08-2026 14:00:00,19.0632143,72.8456324,NH3,5,5,5
India,Maharashtra,Mumbai,"Kherwadi_Bandra East, Mumbai - MPCB",09-08-2026 14:00:00,19.0632143,72.8456324,OZONE,6,8,7
India,Madhya Pradesh,Bhopal,"Paryavaran Parisar, Bhopal - MPPCB",09-08-2026 14:00:00,23.210494,77.425409,PM10,41,101,76
India,Madhya Pradesh,Bhopal,"Paryavaran Parisar, Bhopal - MPPCB",09-08-2026 14:00:00,23.210494,77.425409,CO,12,14,13
India,Madhya Pradesh,Damoh,"Shrivastav Colony, Damoh - MPPCB",09-08-2026 14:00:00,23.81748678,79.446246,SO2,43,58,50
India,Madhya Pradesh,Damoh,"Shrivastav Colony, Damoh - MPPCB",09-08-2026 14:00:00,23.81748678,79.446246,OZONE,NA,NA,NA
India,Madhya Pradesh,Gwalior,"Maharaj Bada, Gwalior - MPPCB",09-08-2026 14:00:00,26.200388,78.147714,PM2.5,18,500,116
India,Madhya Pradesh,Gwalior,"Maharaj Bada, Gwalior - MPPCB",09-08-2026 14:00:00,26.200388,78.147714,PM10,20,500,132
India,Madhya Pradesh,Gwalior,"Maharaj Bada, Gwalior - MPPCB",09-08-2026 14:00:00,26.200388,78.147714,NO2,6,53,24
India,Maharashtra,Mumbai,"Chakala-Andheri East, Mumbai - IITM",09-08-2026 14:00:00,19.11074,72.86084,CO,9,18,16
India,Maharashtra,Mumbai,"Byculla, Mumbai - BMC",09-08-2026 14:00:00,18.9767,72.838,PM2.5,12,30,19
India,Maharashtra,Mumbai,"Byculla, Mumbai - BMC",09-08-2026 14:00:00,18.9767,72.838,CO,5,7,6
India,Kerala,Kannur,"Thavakkara, Kannur - Kerala PCB",09-08-2026 14:00:00,11.875,75.3732,PM2.5,48,56,53
India,Kerala,Kannur,"Thavakkara, Kannur - Kerala PCB",09-08-2026 14:00:00,11.875,75.3732,OZONE,27,30,29
India,Kerala,Thiruvananthapuram,"Kariavattom, Thiruvananthapuram - Kerala PCB",09-08-2026 14:00:00,8.5637,76.8865,NO2,6,7,6
India,Maharashtra,Bhiwandi,"Gokul Nagar, Bhiwandi - MPCB",09-08-2026 14:00:00,19.309073,73.057223,NH3,NA,NA,NA
India,Maharashtra,Bhiwandi,"Gokul Nagar, Bhiwandi - MPCB",09-08-2026 14:00:00,19.309073,73.057223,SO2,0,3,3
India,Maharashtra,Chandrapur,"MIDC Khutala, Chandrapur - MPCB",09-08-2026 14:00:00,19.9775302,79.2337086,OZONE,10,30,21
India,Maharashtra,Chandrapur,"Chauhan Colony, Chandrapur - MPCB",09-08-2026 14:00:00,19.9629,79.298714,CO,25,27,26
India,Maharashtra,Chandrapur,"Chauhan Colony, Chandrapur - MPCB",09-08-2026 14:00:00,19.9629,79.298714,OZONE,0,3,1
India,Maharashtra,Dombivli,"Kalu Nagar, Dombivli - MPCB",09-08-2026 14:00:00,19.2268427,73.0788456,NH3,1,2,2
India,Maharashtra,Hingoli,"Ashta Vinayak Nagar, Hingoli - MPCB",09-08-2026 14:00:00,19.710842,77.151824,OZONE,43,372,292
India,Maharashtra,Mumbai,"Bandra Kurla Complex, Mumbai - IITM",09-08-2026 14:00:00,19.053536,72.84643,CO,2,12,9
India,Maharashtra,Mumbai,"Chhatrapati Shivaji Intl. Airport (T2), Mumbai - MPCB",09-08-2026 14:00:00,19.10078,72.87462,OZONE,NA,NA,NA
India,Maharashtra,Mumbai,"Navy Nagar-Colaba, Mumbai - IITM",09-08-2026 14:00:00,18.897756,72.81332,CO,23,24,24
India,Maharashtra,Mahad,"Kamble Tarf Birwadi, Mahad - MPCB",09-08-2026 14:00:00,18.1023399,73.4783687,NO2,4,33,11
India,Maharashtra,Mahad,"Kamble Tarf Birwadi, Mahad - MPCB",09-08-2026 14:00:00,18.1023399,73.4783687,SO2,3,29,9
India,Maharashtra,Mira-Bhayandar,"Bhayandar West, Mira-Bhayandar - MPCB",09-08-2026 14:00:00,19.296481,72.840923,PM10,24,42,34
India,Maharashtra,Mira-Bhayandar,"Bhayandar West, Mira-Bhayandar - MPCB",09-08-2026 14:00:00,19.296481,72.840923,CO,14,16,14
India,Maharashtra,Mumbai,"Kherwadi_Bandra East, Mumbai - MPCB",09-08-2026 14:00:00,19.0632143,72.8456324,PM2.5,20,39,27
India,Maharashtra,Mumbai,"Kherwadi_Bandra East, Mumbai - MPCB",09-08-2026 14:00:00,19.0632143,72.8456324,PM10,34,47,41
India,Maharashtra,Mumbai,"Kherwadi_Bandra East, Mumbai - MPCB",09-08-2026 14:00:00,19.0632143,72.8456324,NH3,5,5,5
India,Madhya Pradesh,Jabalpur,"Suhagi, Jabalpur - JMC",09-08-2026 14:00:00,23.218135,79.95777,NH3,5,5,5
India,Madhya Pradesh,Jabalpur,"Suhagi, Jabalpur - JMC",09-08-2026 14:00:00,23.218135,79.95777,SO2,16,17,17
India,Madhya Pradesh,Jabalpur,"Govindh Bhavan Colony, Jabalpur - JMC",09-08-2026 14:00:00,23.163174,79.973061,NO2,7,12,10
India,Madhya Pradesh,Jabalpur,"Govindh Bhavan Colony, Jabalpur - JMC",09-08-2026 14:00:00,23.163174,79.973061,OZONE,21,27,23
India,Punjab,Mandi Gobindgarh,"RIMT University, Mandi Gobindgarh - PPCB",09-08-2026 14:00:00,30.649961,76.331442,SO2,7,59,18
India,Punjab,Mandi Gobindgarh,"RIMT University, Mandi Gobindgarh - PPCB",09-08-2026 14:00:00,30.649961,76.331442,OZONE,36,37,36
India,Punjab,Patiala,"Model Town, Patiala - PPCB",09-08-2026 14:00:00,30.349388,76.366642,PM2.5,20,54,28
India,Punjab,Patiala,"Model Town, Patiala - PPCB",09-08-2026 14:00:00,30.349388,76.366642,NH3,6,7,6
India,Punjab,Rupnagar,"Ratanpura, Rupnagar - Ambuja Cements",09-08-2026 14:00:00,31.0325454,76.5623046,PM10,NA,NA,NA
India,Rajasthan,Ajmer,"Civil Lines,  Ajmer - RSPCB",09-08-2026 14:00:00,26.470859,74.646594,NO2,NA,NA,NA
India,Maharashtra,Aurangabad,"Rachnakar Colony, Aurangabad - MPCB",09-08-2026 14:00:00,19.863756,75.321188,NO2,9,23,15
India,Maharashtra,Badlapur,"Katrap, Badlapur - MPCB",09-08-2026 14:00:00,19.16485,73.23409,OZONE,5,7,6
India,Maharashtra,Beed,"Bir, Beed - MPCB",09-08-2026 14:00:00,18.988474,75.753873,NO2,7,24,13
India,Maharashtra,Beed,"Bir, Beed - MPCB",09-08-2026 14:00:00,18.988474,75.753873,NH3,2,3,3
India,Maharashtra,Belapur,"CBD Belapur, Belapur - MPCB",09-08-2026 14:00:00,19.0243902,73.0406721,OZONE,3,13,9
India,Maharashtra,Bhiwandi,"Gokul Nagar, Bhiwandi - MPCB",09-08-2026 14:00:00,19.309073,73.057223,NH3,NA,NA,NA
India,Maharashtra,Bhiwandi,"Gokul Nagar, Bhiwandi - MPCB",09-08-2026 14:00:00,19.309073,73.057223,SO2,0,3,3
India,Maharashtra,Chandrapur,"MIDC Khutala, Chandrapur - MPCB",09-08-2026 14:00:00,19.9775302,79.2337086,OZONE,10,30,21
India,Maharashtra,Chandrapur,"Chauhan Colony, Chandrapur - MPCB",09-08-2026 14:00:00,19.9629,79.298714,CO,25,27,26
India,Maharashtra,Chandrapur,"Chauhan Colony, Chandrapur - MPCB",09-08-2026 14:00:00,19.9629,79.298714,OZONE,0,3,1
India,Maharashtra,Dombivli,"Kalu Nagar, Dombivli - MPCB",09-08-2026 14:00:00,19.2268427,73.0788456,NH3,1,2,2
India,Maharashtra,Hingoli,"Ashta Vinayak Nagar, Hingoli - MPCB",09-08-2026 14:00:00,19.710842,77.151824,OZONE,43,372,292
India,Maharashtra,Jalna,"Old MIDC, Jalna - MPCB",09-08-2026 14:00:00,19.854616,75.905894,NO2,12,26,19
India,Maharashtra,Jalna,"Old MIDC, Jalna - MPCB",09-08-2026 14:00:00,19.854616,75.905894,OZONE,2,33,18
India,Maharashtra,Kalyan,"Pimpleshwar Mandir, Kalyan - MPCB",09-08-2026 14:00:00,19.192056,72.9585188,PM2.5,26,79,50
India,Maharashtra,Kalyan,"Pimpleshwar Mandir, Kalyan - MPCB",09-08-2026 14:00:00,19.192056,72.9585188,PM10,44,57,49
India,Maharashtra,Kolhapur,"Shivaji University, Kolhapur - MPCB",09-08-2026 14:00:00,16.6870449,74.2505872,PM10,23,54,40
India,Maharashtra,Kolhapur,"Sinchan Bhavan, Kolhapur - MPCB",09-08-2026 14:00:00,16.7143745,74.2426398,NH3,0,5,3
India,Maharashtra,Latur,"Sawe Wadi, Latur - MPCB",09-08-2026 14:00:00,18.39963,76.57452,PM10,36,165,72
India,Maharashtra,Latur,"Sawe Wadi, Latur - MPCB",09-08-2026 14:00:00,18.39963,76.57452,NO2,6,14,9
India,Maharashtra,Mumbai,"Sewri, Mumbai - BMC",09-08-2026 14:00:00,19.000084,72.85673,NH3,2,6,3
India,Maharashtra,Mumbai,"Sion, Mumbai - MPCB",09-08-2026 14:00:00,19.047,72.8746,PM2.5,7,16,10
India,Maharashtra,Mumbai,"Kurla, Mumbai - MPCB",09-08-2026 14:00:00,19.0863,72.8888,SO2,29,29,29
India,Maharashtra,Nagpur,"Ram Nagar, Nagpur - MPCB",09-08-2026 14:00:00,21.143383,79.048912,NH3,4,4,4
India,Maharashtra,Nagpur,"Ram Nagar, Nagpur - MPCB",09-08-2026 14:00:00,21.143383,79.048912,SO2,9,12,10
India,Maharashtra,Nagpur,"Ambazari, Nagpur - MPCB",09-08-2026 14:00:00,21.121801,79.04952,PM10,33,79,54
India,Maharashtra,Nagpur,"Ambazari, Nagpur - MPCB",09-08-2026 14:00:00,21.121801,79.04952,SO2,5,9,9
India,Maharashtra,Nagpur,"Mahal, Nagpur - MPCB",09-08-2026 14:00:00,21.14472,79.107595,NH3,NA,NA,NA
India,Maharashtra,Nagpur,"Mahal, Nagpur - MPCB",09-08-2026 14:00:00,21.14472,79.107595,SO2,2,11,6
India,Maharashtra,Nagpur,"Opp GPO Civil Lines, Nagpur - MPCB",09-08-2026 14:00:00,21.152875,79.0517531,PM10,NA,NA,NA
India,Maharashtra,Nanded,"Sneh Nagar, Nanded - MPCB",09-08-2026 14:00:00,19.173852,77.296291,OZONE,15,48,28
India,Maharashtra,Nashik,"Pandav Nagari, Nashik - MPCB",09-08-2026 14:00:00,19.9591346,73.7788008,NH3,0,5,2
India,Madhya Pradesh,Gwalior,"City Center, Gwalior - MPPCB",09-08-2026 14:00:00,26.203442,78.193251,NO2,23,50,36
India,Madhya Pradesh,Gwalior,"City Center, Gwalior - MPPCB",09-08-2026 14:00:00,26.203442,78.193251,CO,23,35,31
India,Madhya Pradesh,Gwalior,"City Center, Gwalior - MPPCB",09-08-2026 14:00:00,26.203442,78.193251,OZONE,6,46,31
India,Madhya Pradesh,Indore,"Chhoti Gwaltoli, Indore - MPPCB",09-08-2026 14:00:00,22.431,75.5213,PM2.5,44,83,62
India,Madhya Pradesh,Indore,"Residency Area, Indore - IMC",09-08-2026 14:00:00,22.7084,75.8815,OZONE,6,7,6
India,Madhya Pradesh,Jabalpur,"Suhagi, Jabalpur - JMC",09-08-2026 14:00:00,23.218135,79.95777,PM2.5,13,33,24
India,Madhya Pradesh,Jabalpur,"Suhagi, Jabalpur - JMC",09-08-2026 14:00:00,23.218135,79.95777,NH3,5,5,5
India,Madhya Pradesh,Jabalpur,"Suhagi, Jabalpur - JMC",09-08-2026 14:00:00,23.218135,79.95777,SO2,16,17,17
India,Punjab,Ludhiana,"Punjab Agricultural University, Ludhiana - PPCB",09-08-2026 14:00:00,30.9028,75.8086,NO2,38,46,41
India,Punjab,Ludhiana,"Punjab Agricultural University, Ludhiana - PPCB",09-08-2026 14:00:00,30.9028,75.8086,OZONE,46,53,50
India,Maharashtra,Mumbai,"Kurla, Mumbai - MPCB",09-08-2026 14:00:00,19.0863,72.8888,SO2,29,29,29
India,Maharashtra,Nagpur,"Ram Nagar, Nagpur - MPCB",09-08-2026 14:00:00,21.143383,79.048912,NH3,4,4,4
India,Maharashtra,Nagpur,"Ram Nagar, Nagpur - MPCB",09-08-2026 14:00:00,21.143383,79.048912,SO2,9,12,10
India,Maharashtra,Nagpur,"Ambazari, Nagpur - MPCB",09-08-2026 14:00:00,21.121801,79.04952,PM10,33,79,54
India,Maharashtra,Nagpur,"Ambazari, Nagpur - MPCB",09-08-2026 14:00:00,21.121801,79.04952,SO2,5,9,9
India,Maharashtra,Nagpur,"Mahal, Nagpur - MPCB",09-08-2026 14:00:00,21.14472,79.107595,NH3,NA,NA,NA
India,Maharashtra,Nagpur,"Mahal, Nagpur - MPCB",09-08-2026 14:00:00,21.14472,79.107595,SO2,2,11,6
India,Maharashtra,Nagpur,"Opp GPO Civil Lines, Nagpur - MPCB",09-08-2026 14:00:00,21.152875,79.0517531,PM10,NA,NA,NA
India,Punjab,Khanna,"Kalal Majra, Khanna - PPCB",09-08-2026 14:00:00,30.736056,76.209694,PM2.5,43,51,46
India,Punjab,Khanna,"Kalal Majra, Khanna - PPCB",09-08-2026 14:00:00,30.736056,76.209694,NO2,25,30,28
India,Punjab,Khanna,"Kalal Majra, Khanna - PPCB",09-08-2026 14:00:00,30.736056,76.209694,SO2,14,15,15
India,Punjab,Khanna,"Kalal Majra, Khanna - PPCB",09-08-2026 14:00:00,30.736056,76.209694,OZONE,20,41,34
India,Punjab,Ludhiana,"Punjab Agricultural University, Ludhiana - PPCB",09-08-2026 14:00:00,30.9028,75.8086,NO2,38,46,41
India,Punjab,Ludhiana,"Punjab Agricultural University, Ludhiana - PPCB",09-08-2026 14:00:00,30.9028,75.8086,OZONE,46,53,50
India,Punjab,Mandi Gobindgarh,"RIMT University, Mandi Gobindgarh - PPCB",09-08-2026 14:00:00,30.649961,76.331442,SO2,7,59,18
India,Punjab,Mandi Gobindgarh,"RIMT University, Mandi Gobindgarh - PPCB",09-08-2026 14:00:00,30.649961,76.331442,OZONE,36,37,36
India,Punjab,Patiala,"Model Town, Patiala - PPCB",09-08-2026 14:00:00,30.349388,76.366642,PM2.5,20,54,28
India,Punjab,Patiala,"Model Town, Patiala - PPCB",09-08-2026 14:00:00,30.349388,76.366642,NH3,6,7,6
India,Maharashtra,Pune,"Panchawati_Pashan, Pune - IITM",09-08-2026 14:00:00,18.536457,73.805454,NH3,NA,NA,NA
India,Maharashtra,Pune,"Revenue Colony-Shivajinagar, Pune - IITM",09-08-2026 14:00:00,18.530085,73.849598,PM2.5,17,52,31
India,Maharashtra,Pune,"Revenue Colony-Shivajinagar, Pune - IITM",09-08-2026 14:00:00,18.530085,73.849598,PM10,50,95,75
India,Maharashtra,Pune,"Revenue Colony-Shivajinagar, Pune - IITM",09-08-2026 14:00:00,18.530085,73.849598,CO,40,73,54
India,Maharashtra,Pune,"Revenue Colony-Shivajinagar, Pune - IITM",09-08-2026 14:00:00,18.530085,73.849598,OZONE,12,20,17
India,Maharashtra,Pune,"Dhankawadi, Pune - IITM",09-08-2026 14:00:00,18.459883,73.852193,SO2,NA,NA,NA
India,Maharashtra,Pune,"Savitribai Phule Pune University, Pune - MPCB",09-08-2026 14:00:00,18.547056,73.826908,PM10,31,50,41
India,Maharashtra,Satara,"Koyana Nagar, Satara - MPCB",09-08-2026 14:00:00,17.696651,74.003387,PM10,30,104,64
India,Maharashtra,Satara,"Koyana Nagar, Satara - MPCB",09-08-2026 14:00:00,17.696651,74.003387,NO2,1,18,7
India,Maharashtra,Satara,"Koyana Nagar, Satara - MPCB",09-08-2026 14:00:00,17.696651,74.003387,NH3,1,2,1
India,Rajasthan,Bharatpur,"Krishna Nagar, Bharatpur - RSPCB",09-08-2026 14:00:00,27.215415,77.50873,SO2,3,5,4
India,Rajasthan,Bhilwara,"Pratap Nagar, Bhilwara - RSPCB",09-08-2026 14:00:00,25.339605,74.618883,NO2,7,19,12
India,Rajasthan,Bhiwadi,"RIICO Ind. Area III, Bhiwadi - RSPCB",09-08-2026 14:00:00,28.194909,76.862296,SO2,1,46,9
India,Rajasthan,Bhiwadi,"RIICO Ind. Area III, Bhiwadi - RSPCB",09-08-2026 14:00:00,28.194909,76.862296,CO,42,109,77
India,Rajasthan,Bhiwadi,"Vasundhara Nagar_UIT, Bhiwadi - RSPCB",09-08-2026 14:00:00,28.207266,76.829265,PM10,3,149,69
India,Rajasthan,Bhiwadi,"Vasundhara Nagar_UIT, Bhiwadi - RSPCB",09-08-2026 14:00:00,28.207266,76.829265,SO2,1,10,6
India,Rajasthan,Chittorgarh,"Shastri Nagar, Chittorgarh - RSPCB",09-08-2026 14:00:00,24.892047,74.623527,NO2,19,51,26
India,Maharashtra,Pimpri-Chinchwad,"Park Street Wakad, Pimpri Chinchwad - MPCB",09-08-2026 14:00:00,18.59051,73.77946,OZONE,8,13,12
India,Maharashtra,Pimpri-Chinchwad,"Thergaon, Pimpri Chinchwad - MPCB",09-08-2026 14:00:00,18.616318,73.765797,PM10,36,55,46
India,Maharashtra,Pimpri-Chinchwad,"Thergaon, Pimpri Chinchwad - MPCB",09-08-2026 14:00:00,18.616318,73.765797,NO2,5,12,9
India,Maharashtra,Pimpri-Chinchwad,"Savta Mali Nagar, Pimpri-Chinchwad - IITM",09-08-2026 14:00:00,18.614767,73.799516,PM2.5,18,57,29
India,Maharashtra,Pune,"Mhada Colony, Pune - IITM",09-08-2026 14:00:00,18.57304,73.927715,NO2,15,42,27
India,Maharashtra,Pune,"Mhada Colony, Pune - IITM",09-08-2026 14:00:00,18.57304,73.927715,SO2,NA,NA,NA
India,Maharashtra,Pune,"Mhada Colony, Pune - IITM",09-08-2026 14:00:00,18.57304,73.927715,OZONE,7,19,14
India,Maharashtra,Pune,"Panchawati_Pashan, Pune - IITM",09-08-2026 14:00:00,18.536457,73.805454,NH3,NA,NA,NA
India,Maharashtra,Pune,"Revenue Colony-Shivajinagar, Pune - IITM",09-08-2026 14:00:00,18.530085,73.849598,PM2.5,17,52,31
India,Maharashtra,Pune,"Revenue Colony-Shivajinagar, Pune - IITM",09-08-2026 14:00:00,18.530085,73.849598,PM10,50,95,75
India,Maharashtra,Pune,"Revenue Colony-Shivajinagar, Pune - IITM",09-08-2026 14:00:00,18.530085,73.849598,CO,40,73,54
India,Maharashtra,Pune,"Revenue Colony-Shivajinagar, Pune - IITM",09-08-2026 14:00:00,18.530085,73.849598,OZONE,12,20,17
India,Maharashtra,Pune,"Dhankawadi, Pune - IITM",09-08-2026 14:00:00,18.459883,73.852193,SO2,NA,NA,NA
India,Odisha,Bhubaneswar,"Patia, Bhubaneswar - OSPCB",09-08-2026 14:00:00,20.34652,85.8163,OZONE,13,48,31
India,Odisha,Byasanagar,"Ferro Chrome Colony, Byasanagar - OSPCB",09-08-2026 14:00:00,20.94185,86.1151,PM10,20,56,39
India,Odisha,Byasanagar,"Ferro Chrome Colony, Byasanagar - OSPCB",09-08-2026 14:00:00,20.94185,86.1151,NO2,6,34,15
India,Odisha,Rairangpur,"Divisional Forest Office, Rairangpur - OSPCB",09-08-2026 14:00:00,22.265816,86.174829,CO,13,24,17
India,Odisha,Rourkela,"Sector-2, Rourkela - OSPCB",09-08-2026 14:00:00,22.245,84.88111111,SO2,NA,NA,NA
India,Odisha,Rourkela,"Sector-2, Rourkela - OSPCB",09-08-2026 14:00:00,22.245,84.88111111,CO,13,13,13
India,Maharashtra,Solapur,"Dnyaneshwar Nagar, Solapur - MPCB",09-08-2026 14:00:00,17.6336264,75.9132495,CO,12,22,15
India,Maharashtra,Solapur,"Dnyaneshwar Nagar, Solapur - MPCB",09-08-2026 14:00:00,17.6336264,75.9132495,OZONE,5,17,10
India,Maharashtra,Thane,"Upvan Fort, Thane - MPCB",09-08-2026 14:00:00,19.222279,72.957979,NH3,5,6,5
India,Maharashtra,Thane,"Upvan Fort, Thane - MPCB",09-08-2026 14:00:00,19.222279,72.957979,CO,7,26,13
India,Rajasthan,Pali,"Indira Colony Vistar, Pali - RSPCB",09-08-2026 14:00:00,25.771061,73.340227,PM10,111,186,150
India,Rajasthan,Pali,"Indira Colony Vistar, Pali - RSPCB",09-08-2026 14:00:00,25.771061,73.340227,NH3,4,15,9
India,Rajasthan,Pratapgarh,"Pragati Nagar, Pratapgarh - RSPCB",09-08-2026 14:00:00,24.041198,74.780702,NH3,3,4,3
India,Rajasthan,Rajsamand,"Dhoinda, Rajsamand - RSPCB",09-08-2026 14:00:00,25.03636,73.883502,PM2.5,40,98,57
India,Rajasthan,Rajsamand,"Dhoinda, Rajsamand - RSPCB",09-08-2026 14:00:00,25.03636,73.883502,NO2,9,15,12
India,Rajasthan,Sri Ganganagar,"Old City, Sri Ganganagar - RSPCB",09-08-2026 14:00:00,29.931624,73.864511,SO2,0,3,1
India,Rajasthan,Sri Ganganagar,"Old City, Sri Ganganagar - RSPCB",09-08-2026 14:00:00,29.931624,73.864511,CO,28,40,33
India,Rajasthan,Tonk,"Shastri Nagar, Tonk - RSPCB",09-08-2026 14:00:00,26.159933,75.780517,PM10,56,135,89
India,Rajasthan,Tonk,"Shastri Nagar, Tonk - RSPCB",09-08-2026 14:00:00,26.159933,75.780517,NH3,4,6,5
India,Rajasthan,Tonk,"Shastri Nagar, Tonk - RSPCB",09-08-2026 14:00:00,26.159933,75.780517,SO2,0,5,1
India,Rajasthan,Udaipur,"Ashok Nagar, Udaipur - RSPCB",09-08-2026 14:00:00,24.5886166,73.6321397,PM10,54,135,104
India,Rajasthan,Churu,"Subash Chowk, Churu - RSPCB",09-08-2026 14:00:00,28.296139,74.961696,PM2.5,2,36,17
India,Rajasthan,Churu,"Subash Chowk, Churu - RSPCB",09-08-2026 14:00:00,28.296139,74.961696,OZONE,39,66,52
India,Rajasthan,Dausa,"Khatikan Mohalla, Dausa - RSPCB",09-08-2026 14:00:00,26.895552,76.334753,SO2,2,7,4
India,Rajasthan,Dholpur,"Raja Ganj, Dholpur - RSPCB",09-08-2026 14:00:00,26.699557,77.898881,CO,24,32,28
India,Rajasthan,Dungarpur,"Bhoiwada, Dungarpur - RSPCB",09-08-2026 14:00:00,23.837789,73.714926,PM10,51,134,89
India,Rajasthan,Dungarpur,"Bhoiwada, Dungarpur - RSPCB",09-08-2026 14:00:00,23.837789,73.714926,OZONE,12,24,19
India,Rajasthan,Hanumangarh,"Housing Board, Hanumangarh - RSPCB",09-08-2026 14:00:00,29.61075,74.283608,PM2.5,28,71,43
India,Rajasthan,Hanumangarh,"Housing Board, Hanumangarh - RSPCB",09-08-2026 14:00:00,29.61075,74.283608,PM10,39,103,53
India,Rajasthan,Hanumangarh,"Housing Board, Hanumangarh - RSPCB",09-08-2026 14:00:00,29.61075,74.283608,CO,35,42,38
India,Rajasthan,Jaipur,"RIICO Sitapura, Jaipur - RSPCB",09-08-2026 14:00:00,26.786682,75.827928,PM10,15,69,39
India,Rajasthan,Jaipur,"RIICO Sitapura, Jaipur - RSPCB",09-08-2026 14:00:00,26.786682,75.827928,SO2,3,5,4
India,Rajasthan,Jaipur,"RIICO Sitapura, Jaipur - RSPCB",09-08-2026 14:00:00,26.786682,75.827928,CO,30,47,36
India,Rajasthan,Jaipur,"Sector-2 Murlipura, Jaipur - RSPCB",09-08-2026 14:00:00,26.960669,75.771817,PM2.5,14,104,38
India,Rajasthan,Jaipur,"Shastri Nagar, Jaipur - RSPCB",09-08-2026 14:00:00,26.9502929,75.730943,NO2,16,42,28
India,Rajasthan,Jaipur,"Police Commissionerate, Jaipur - RSPCB",09-08-2026 14:00:00,26.9164092,75.7994901,CO,19,66,37
India,Rajasthan,Jaipur,"Adarsh Nagar, Jaipur - RSPCB",09-08-2026 14:00:00,26.902909,75.836858,PM10,23,67,45
India,Rajasthan,Jaipur,"Adarsh Nagar, Jaipur - RSPCB",09-08-2026 14:00:00,26.902909,75.836858,NO2,12,23,16
India,Rajasthan,Jaipur,"Adarsh Nagar, Jaipur - RSPCB",09-08-2026 14:00:00,26.902909,75.836858,CO,40,59,48
India,Rajasthan,Jaisalmer,"Sadar Bazar, Jaisalmer - RSPCB",09-08-2026 14:00:00,26.912329,70.909168,PM2.5,10,82,40
India,Rajasthan,Jaisalmer,"Sadar Bazar, Jaisalmer - RSPCB",09-08-2026 14:00:00,26.912329,70.909168,SO2,3,7,4
India,Rajasthan,Jhalawar,"Rajlaxmi Nagar, Jhalawar - RSPCB",09-08-2026 14:00:00,24.588397,76.172782,PM10,55,109,73
India,Rajasthan,Jhalawar,"Rajlaxmi Nagar, Jhalawar - RSPCB",09-08-2026 14:00:00,24.588397,76.172782,SO2,7,9,8
India,Rajasthan,Jhalawar,"Rajlaxmi Nagar, Jhalawar - RSPCB",09-08-2026 14:00:00,24.588397,76.172782,OZONE,20,34,25
India,Rajasthan,Jhunjhunu,"Indra Nagar, Jhunjhunu - RSPCB",09-08-2026 14:00:00,28.108988,75.386577,OZONE,35,144,77
India,Rajasthan,Jodhpur,"Digari Kalan, Jodhpur - RSPCB",09-08-2026 14:00:00,26.29581,73.082283,PM2.5,17,40,27
India,Rajasthan,Jodhpur,"Digari Kalan, Jodhpur - RSPCB",09-08-2026 14:00:00,26.29581,73.082283,PM10,58,121,78
India,Rajasthan,Jodhpur,"Digari Kalan, Jodhpur - RSPCB",09-08-2026 14:00:00,26.29581,73.082283,CO,11,16,13
India,Rajasthan,Jodhpur,"Jhalamand, Jodhpur - RSPCB",09-08-2026 14:00:00,26.215415,73.070156,NO2,2,13,6
India,Rajasthan,Jodhpur,"Jhalamand, Jodhpur - RSPCB",09-08-2026 14:00:00,26.215415,73.070156,SO2,3,4,4
India,Rajasthan,Jaipur,"Shastri Nagar, Jaipur - RSPCB",09-08-2026 14:00:00,26.9502929,75.730943,NO2,16,42,28
India,Rajasthan,Jaipur,"Police Commissionerate, Jaipur - RSPCB",09-08-2026 14:00:00,26.9164092,75.7994901,CO,19,66,37
India,Rajasthan,Jaipur,"Adarsh Nagar, Jaipur - RSPCB",09-08-2026 14:00:00,26.902909,75.836858,PM10,23,67,45
India,Rajasthan,Jaipur,"Adarsh Nagar, Jaipur - RSPCB",09-08-2026 14:00:00,26.902909,75.836858,NO2,12,23,16
India,Rajasthan,Jaipur,"Adarsh Nagar, Jaipur - RSPCB",09-08-2026 14:00:00,26.902909,75.836858,CO,40,59,48
India,Rajasthan,Jaisalmer,"Sadar Bazar, Jaisalmer - RSPCB",09-08-2026 14:00:00,26.912329,70.909168,PM2.5,10,82,40
India,Rajasthan,Jaisalmer,"Sadar Bazar, Jaisalmer - RSPCB",09-08-2026 14:00:00,26.912329,70.909168,SO2,3,7,4
India,Rajasthan,Jhalawar,"Rajlaxmi Nagar, Jhalawar - RSPCB",09-08-2026 14:00:00,24.588397,76.172782,PM10,55,109,73
India,Rajasthan,Jhalawar,"Rajlaxmi Nagar, Jhalawar - RSPCB",09-08-2026 14:00:00,24.588397,76.172782,SO2,7,9,8
India,Rajasthan,Jhalawar,"Rajlaxmi Nagar, Jhalawar - RSPCB",09-08-2026 14:00:00,24.588397,76.172782,OZONE,20,34,25
India,Tamil Nadu,Chennai,"Arumbakkam, Chennai - TNPCB",09-08-2026 14:00:00,13.0664,80.2112,NO2,12,27,17
India,Tamil Nadu,Chennai,"Arumbakkam, Chennai - TNPCB",09-08-2026 14:00:00,13.0664,80.2112,NH3,3,4,3
India,Tamil Nadu,Chennai,"Kodungaiyur, Chennai - TNPCB",09-08-2026 14:00:00,13.1278,80.2642,NH3,3,5,4
India,Tamil Nadu,Chennai,"Kodungaiyur, Chennai - TNPCB",09-08-2026 14:00:00,13.1278,80.2642,CO,27,34,31
India,Tamil Nadu,Cuddalore,"Semmandalam, Cuddalore - TNPCB",09-08-2026 14:00:00,11.7637683,79.7499835,PM2.5,NA,NA,NA
India,Tamil Nadu,Cuddalore,"Semmandalam, Cuddalore - TNPCB",09-08-2026 14:00:00,11.7637683,79.7499835,NH3,NA,NA,NA
India,Tamil Nadu,Cuddalore,"Kudikadu, Cuddalore - TNPCB",09-08-2026 14:00:00,11.6829898,79.7532099,PM2.5,10,31,17
India,Tamil Nadu,Cuddalore,"Kudikadu, Cuddalore - TNPCB",09-08-2026 14:00:00,11.6829898,79.7532099,NO2,NA,NA,NA
India,Odisha,Barbil,"Forest Office, Barbil - OSPCB",09-08-2026 14:00:00,22.1166054,85.3945546,NO2,3,12,6
India,Odisha,Barbil,"Forest Office, Barbil - OSPCB",09-08-2026 14:00:00,22.1166054,85.3945546,NH3,2,2,2
India,Odisha,Barbil,"Forest Office, Barbil - OSPCB",09-08-2026 14:00:00,22.1166054,85.3945546,SO2,5,9,7
India,Odisha,Bhubaneswar,"Patia, Bhubaneswar - OSPCB",09-08-2026 14:00:00,20.34652,85.8163,PM2.5,5,22,13
India,Odisha,Bhubaneswar,"Patia, Bhubaneswar - OSPCB",09-08-2026 14:00:00,20.34652,85.8163,NO2,4,17,9
India,Odisha,Bhubaneswar,"Patia, Bhubaneswar - OSPCB",09-08-2026 14:00:00,20.34652,85.8163,OZONE,13,48,31
India,Odisha,Byasanagar,"Ferro Chrome Colony, Byasanagar - OSPCB",09-08-2026 14:00:00,20.94185,86.1151,PM10,20,56,39
India,Odisha,Byasanagar,"Ferro Chrome Colony, Byasanagar - OSPCB",09-08-2026 14:00:00,20.94185,86.1151,NO2,6,34,15
India,Odisha,Rairangpur,"Divisional Forest Office, Rairangpur - OSPCB",09-08-2026 14:00:00,22.265816,86.174829,CO,13,24,17
India,Odisha,Rourkela,"Sector-2, Rourkela - OSPCB",09-08-2026 14:00:00,22.245,84.88111111,SO2,NA,NA,NA
India,Odisha,Rourkela,"Sector-2, Rourkela - OSPCB",09-08-2026 14:00:00,22.245,84.88111111,CO,13,13,13
India,Odisha,Rourkela,"Fertilizer Township, Rourkela - OSPCB",09-08-2026 14:00:00,22.18972222,84.86277778,PM2.5,26,71,43
India,Odisha,Rourkela,"Fertilizer Township, Rourkela - OSPCB",09-08-2026 14:00:00,22.18972222,84.86277778,OZONE,NA,NA,NA
India,Odisha,Rourkela,"Raghunathpali, Rourkela - OSPCB",09-08-2026 14:00:00,22.220833,84.809444,PM2.5,4,34,14
India,Maharashtra,Solapur,"Dnyaneshwar Nagar, Solapur - MPCB",09-08-2026 14:00:00,17.6336264,75.9132495,CO,12,22,15
India,Maharashtra,Solapur,"Dnyaneshwar Nagar, Solapur - MPCB",09-08-2026 14:00:00,17.6336264,75.9132495,OZONE,5,17,10
India,Maharashtra,Thane,"Upvan Fort, Thane - MPCB",09-08-2026 14:00:00,19.222279,72.957979,NH3,5,6,5
India,Maharashtra,Thane,"Upvan Fort, Thane - MPCB",09-08-2026 14:00:00,19.222279,72.957979,CO,7,26,13
India,Maharashtra,Ulhasnagar,"Vithalwadi, Ulhasnagar - MPCB",09-08-2026 14:00:00,19.2307571,73.155192,NO2,4,5,4
India,Maharashtra,Virar,"Bolinj, Virar - MPCB",09-08-2026 14:00:00,19.445821,72.7988231,NO2,NA,NA,NA
India,Meghalaya,Shillong,"JN Stadium, Shillong - Meghalaya PCB",09-08-2026 14:00:00,25.5803419,91.8942571,OZONE,32,39,36
India,Mizoram,Aizawl,"Sikulpuikawn, Aizawl - Mizoram PCB",09-08-2026 14:00:00,23.7176342,92.7192841,CO,3,3,3
India,Nagaland,Kohima,"PWD Junction, Kohima - NPCB",09-08-2026 14:00:00,25.6635413,94.0989878,PM2.5,7,40,16
India,Nagaland,Kohima,"PWD Junction, Kohima - NPCB",09-08-2026 14:00:00,25.6635413,94.0989878,CO,3,3,3
India,Odisha,Angul,"Hakimapada, Angul - OSPCB",09-08-2026 14:00:00,20.832874,85.104082,NO2,3,4,4
India,Odisha,Angul,"Hakimapada, Angul - OSPCB",09-08-2026 14:00:00,20.832874,85.104082,NH3,2,2,2
India,Uttar Pradesh,Bareilly,"Civil Lines, Bareilly - UPPCB",09-08-2026 14:00:00,28.359581,79.414455,NO2,8,9,8
India,Uttar Pradesh,Bulandshahr,"Yamunapuram, Bulandshahr - UPPCB",09-08-2026 14:00:00,28.406963,77.849831,PM2.5,17,95,45
India,Uttar Pradesh,Bulandshahr,"Yamunapuram, Bulandshahr - UPPCB",09-08-2026 14:00:00,28.406963,77.849831,NO2,9,53,21
India,Uttar Pradesh,Bulandshahr,"Yamunapuram, Bulandshahr - UPPCB",09-08-2026 14:00:00,28.406963,77.849831,NH3,5,16,9
India,Uttar Pradesh,Bulandshahr,"Yamunapuram, Bulandshahr - UPPCB",09-08-2026 14:00:00,28.406963,77.849831,SO2,6,14,9
India,Uttar Pradesh,Fatehpur Sikri,"Dadupura, Fatehpur Sikri - UPPCB",09-08-2026 14:00:00,27.097694,77.671335,PM2.5,23,26,24
India,Rajasthan,Dungarpur,"Bhoiwada, Dungarpur - RSPCB",09-08-2026 14:00:00,23.837789,73.714926,PM10,51,134,89
India,Rajasthan,Dungarpur,"Bhoiwada, Dungarpur - RSPCB",09-08-2026 14:00:00,23.837789,73.714926,OZONE,12,24,19
India,Rajasthan,Hanumangarh,"Housing Board, Hanumangarh - RSPCB",09-08-2026 14:00:00,29.61075,74.283608,PM2.5,28,71,43
India,Rajasthan,Hanumangarh,"Housing Board, Hanumangarh - RSPCB",09-08-2026 14:00:00,29.61075,74.283608,PM10,39,103,53
India,Rajasthan,Jodhpur,"Digari Kalan, Jodhpur - RSPCB",09-08-2026 14:00:00,26.29581,73.082283,PM2.5,17,40,27
India,Rajasthan,Jodhpur,"Digari Kalan, Jodhpur - RSPCB",09-08-2026 14:00:00,26.29581,73.082283,PM10,58,121,78
India,Rajasthan,Jodhpur,"Digari Kalan, Jodhpur - RSPCB",09-08-2026 14:00:00,26.29581,73.082283,CO,11,16,13
India,Rajasthan,Jodhpur,"Jhalamand, Jodhpur - RSPCB",09-08-2026 14:00:00,26.215415,73.070156,NO2,2,13,6
India,Rajasthan,Jodhpur,"Jhalamand, Jodhpur - RSPCB",09-08-2026 14:00:00,26.215415,73.070156,SO2,3,4,4
India,Rajasthan,Karauli,"Satyawati Vihar, Karauli - RSPCB",09-08-2026 14:00:00,26.506177,77.025989,NO2,17,45,35
India,Uttar Pradesh,Ghaziabad,"Ved Vihar-Loni, Ghaziabad - UPPCB",09-08-2026 14:00:00,28.739153,77.273668,PM10,47,116,72
India,Uttar Pradesh,Ghaziabad,"Sanjay Nagar, Ghaziabad - UPPCB",09-08-2026 14:00:00,28.685382,77.453839,PM2.5,20,88,50
India,Uttar Pradesh,Ghaziabad,"Vasundhara, Ghaziabad - UPPCB",09-08-2026 14:00:00,28.6603346,77.3572563,NO2,16,92,45
India,Uttar Pradesh,Ghaziabad,"Wave City, Ghaziabad - UPPCB",09-08-2026 14:00:00,28.646675,77.489049,PM2.5,NA,NA,NA
India,West Bengal,Asansol,"Asansol Court Area, Asansol - WBPCB",09-08-2026 14:00:00,23.685297,86.945968,PM2.5,15,42,30
India,West Bengal,Asansol,"Asansol Court Area, Asansol - WBPCB",09-08-2026 14:00:00,23.685297,86.945968,CO,25,46,37
India,West Bengal,Asansol,"Trivenidevi Bhalotia College, Asansol - WBPCB",09-08-2026 14:00:00,23.616515,87.119133,PM10,12,53,22
India,West Bengal,Barrackpore,"SVSPA Campus, Barrackpore - WBPCB",09-08-2026 14:00:00,22.7605581,88.3617589,PM10,25,70,39
India,West Bengal,Barrackpore,"SVSPA Campus, Barrackpore - WBPCB",09-08-2026 14:00:00,22.7605581,88.3617589,NO2,5,15,10
India,West Bengal,Barrackpore,"SVSPA Campus, Barrackpore - WBPCB",09-08-2026 14:00:00,22.7605581,88.3617589,CO,39,41,40
India,West Bengal,Durgapur,"Mahishkapur Road_B-Zone, Durgapur - WBPCB",09-08-2026 14:00:00,23.567923,87.306843,NH3,1,1,1
India,West Bengal,Durgapur,"Mahishkapur Road_B-Zone, Durgapur - WBPCB",09-08-2026 14:00:00,23.567923,87.306843,CO,17,78,43
India,West Bengal,Durgapur,"Mahishkapur Road_B-Zone, Durgapur - WBPCB",09-08-2026 14:00:00,23.567923,87.306843,OZONE,17,38,29
India,West Bengal,Durgapur,"Womens College_City Center, Durgapur - WBPCB",09-08-2026 14:00:00,23.549395,87.300496,NH3,5,6,6
India,West Bengal,Durgapur,"Womens College_City Center, Durgapur - WBPCB",09-08-2026 14:00:00,23.549395,87.300496,SO2,12,12,12
India,West Bengal,Haldia,"Priyambada Housing Estate, Haldia - WBPCB",09-08-2026 14:00:00,22.06047,88.109737,PM2.5,15,16,15
India,West Bengal,Haldia,"Priyambada Housing Estate, Haldia - WBPCB",09-08-2026 14:00:00,22.06047,88.109737,NH3,4,6,5
India,West Bengal,Haldia,"Priyambada Housing Estate, Haldia - WBPCB",09-08-2026 14:00:00,22.06047,88.109737,CO,20,26,23
India,West Bengal,Haldia,"Priyambada Housing Estate, Haldia - WBPCB",09-08-2026 14:00:00,22.06047,88.109737,OZONE,17,28,25
India,West Bengal,Howrah,"Padmapukur, Howrah - WBPCB",09-08-2026 14:00:00,22.5687319,88.2797276,PM2.5,12,22,16
India,Uttar Pradesh,Agra,"Rohta, Agra - UPPCB",09-08-2026 14:00:00,27.106972,78.000111,OZONE,16,21,19
India,Uttar Pradesh,Bareilly,"Rajendra Nagar, Bareilly - UPPCB",09-08-2026 14:00:00,28.38910936,79.42963708,PM2.5,31,59,39
India,Uttar Pradesh,Ghaziabad,"Govindpuram, Ghaziabad - UPPCB",09-08-2026 14:00:00,28.694528,77.494705,PM10,6,83,54
India,Uttar Pradesh,Greater Noida,"Knowledge Park - V, Greater Noida - UPPCB",09-08-2026 14:00:00,28.557054,77.453663,NO2,7,70,29
India,Uttar Pradesh,Greater Noida,"Knowledge Park - V, Greater Noida - UPPCB",09-08-2026 14:00:00,28.557054,77.453663,NH3,6,21,9
India,Uttar Pradesh,Greater Noida,"Knowledge Park - V, Greater Noida - UPPCB",09-08-2026 14:00:00,28.557054,77.453663,OZONE,62,117,76
India,Uttar Pradesh,Jhansi,"Shivaji Nagar, Jhansi - UPPCB",09-08-2026 14:00:00,25.4547,78.6039,CO,8,14,11
India,Uttar Pradesh,Kanpur,"FTI Kidwai Nagar, Kanpur - UPPCB",09-08-2026 14:00:00,26.428282,80.327067,CO,32,33,33
India,Uttar Pradesh,Kanpur,"NSI Kalyanpur, Kanpur - UPPCB",09-08-2026 14:00:00,26.509954,80.249612,PM2.5,37,77,57
India,Uttar Pradesh,Kanpur,"NSI Kalyanpur, Kanpur - UPPCB",09-08-2026 14:00:00,26.509954,80.249612,CO,20,24,22
India,Uttar Pradesh,Lucknow,"B R Ambedkar University, Lucknow - UPPCB",09-08-2026 14:00:00,26.766433,80.927299,NO2,11,12,12
India,Uttar Pradesh,Lucknow,"Talkatora District Industries Center, Lucknow - CPCB",09-08-2026 14:00:00,26.83399722,80.8917361,SO2,1,39,7
India,Uttar Pradesh,Mathura,"Pali Dungra, Mathura - UPPCB",09-08-2026 14:00:00,27.410954,77.550619,PM2.5,35,76,61
India,Uttar Pradesh,Mathura,"Pali Dungra, Mathura - UPPCB",09-08-2026 14:00:00,27.410954,77.550619,SO2,3,5,4
India,Uttar Pradesh,Meerut,"Pallavpuram Phase 2, Meerut - UPPCB",09-08-2026 14:00:00,29.06351,77.709723,NO2,16,37,23
India,Uttar Pradesh,Meerut,"Ganga Nagar, Meerut - UPPCB",09-08-2026 14:00:00,28.999264,77.7590354,OZONE,26,51,41
India,Uttar Pradesh,Modinagar,"SRM University, Modinagar - UPPCB",09-08-2026 14:00:00,28.798171,77.540243,PM10,14,32,19
India,Uttar Pradesh,Modinagar,"SRM University, Modinagar - UPPCB",09-08-2026 14:00:00,28.798171,77.540243,OZONE,6,21,15
India,Uttar Pradesh,Moradabad,"Kashiram Nagar, Moradabad - UPPCB",09-08-2026 14:00:00,28.849399,78.742362,PM2.5,25,93,45
India,Uttar Pradesh,Moradabad,"Buddhi Vihar, Moradabad - UPPCB",09-08-2026 14:00:00,28.83526,78.7446,PM2.5,6,43,16
India,Tamil Nadu,Chennai,"Kodungaiyur, Chennai - TNPCB",09-08-2026 14:00:00,13.1278,80.2642,CO,27,34,31
India,Tamil Nadu,Cuddalore,"Semmandalam, Cuddalore - TNPCB",09-08-2026 14:00:00,11.7637683,79.7499835,PM2.5,NA,NA,NA
India,Tamil Nadu,Cuddalore,"Semmandalam, Cuddalore - TNPCB",09-08-2026 14:00:00,11.7637683,79.7499835,NH3,NA,NA,NA
India,Tamil Nadu,Cuddalore,"Kudikadu, Cuddalore - TNPCB",09-08-2026 14:00:00,11.6829898,79.7532099,PM2.5,10,31,17
India,Tamil Nadu,Cuddalore,"Kudikadu, Cuddalore - TNPCB",09-08-2026 14:00:00,11.6829898,79.7532099,NO2,NA,NA,NA
India,Tamil Nadu,Gummidipoondi,"Anthoni Pillai Nagar, Gummidipoondi - TNPCB",09-08-2026 14:00:00,13.4127,80.1081,SO2,10,66,24
India,Uttar Pradesh,Lucknow,"Lalbagh, Lucknow - CPCB",09-08-2026 14:00:00,26.8458805,80.9365541,OZONE,14,90,40
India,Uttar Pradesh,Lucknow,"Kendriya Vidyalaya, Lucknow - CPCB",09-08-2026 14:00:00,26.906111,80.948222,PM10,36,67,51
India,Uttar Pradesh,Lucknow,"Kendriya Vidyalaya, Lucknow - CPCB",09-08-2026 14:00:00,26.906111,80.948222,NH3,9,17,13
India,Uttar Pradesh,Lucknow,"Kendriya Vidyalaya, Lucknow - CPCB",09-08-2026 14:00:00,26.906111,80.948222,CO,21,31,27
India,Uttar Pradesh,Lucknow,"Gomti Nagar, Lucknow - UPPCB",09-08-2026 14:00:00,26.86812,81.005119,NH3,NA,NA,NA
India,Uttar Pradesh,Lucknow,"Gomti Nagar, Lucknow - UPPCB",09-08-2026 14:00:00,26.86812,81.005119,OZONE,40,45,43
India,Uttar Pradesh,Lucknow,"Kukrail Picnic Spot-1, Lucknow - UPPCB",09-08-2026 14:00:00,26.90723,80.98579,PM10,43,61,52
India,Uttar Pradesh,Lucknow,"Kukrail Picnic Spot-1, Lucknow - UPPCB",09-08-2026 14:00:00,26.90723,80.98579,NO2,31,32,32
India,Uttar Pradesh,Lucknow,"Kukrail Picnic Spot-1, Lucknow - UPPCB",09-08-2026 14:00:00,26.90723,80.98579,NH3,6,6,6
India,Uttar Pradesh,Lucknow,"Kukrail Picnic Spot-1, Lucknow - UPPCB",09-08-2026 14:00:00,26.90723,80.98579,OZONE,9,9,9
India,Uttar Pradesh,Lucknow,"B R Ambedkar University, Lucknow - UPPCB",09-08-2026 14:00:00,26.766433,80.927299,NO2,11,12,12
India,Uttar Pradesh,Lucknow,"Talkatora District Industries Center, Lucknow - CPCB",09-08-2026 14:00:00,26.83399722,80.8917361,SO2,1,39,7
India,Uttar Pradesh,Mathura,"Pali Dungra, Mathura - UPPCB",09-08-2026 14:00:00,27.410954,77.550619,PM2.5,35,76,61
India,Uttar Pradesh,Mathura,"Pali Dungra, Mathura - UPPCB",09-08-2026 14:00:00,27.410954,77.550619,SO2,3,5,4
India,Uttar Pradesh,Meerut,"Pallavpuram Phase 2, Meerut - UPPCB",09-08-2026 14:00:00,29.06351,77.709723,NO2,16,37,23
India,Uttar Pradesh,Meerut,"Ganga Nagar, Meerut - UPPCB",09-08-2026 14:00:00,28.999264,77.7590354,OZONE,26,51,41
India,Uttar Pradesh,Modinagar,"SRM University, Modinagar - UPPCB",09-08-2026 14:00:00,28.798171,77.540243,PM10,14,32,19
India,Uttar Pradesh,Modinagar,"SRM University, Modinagar - UPPCB",09-08-2026 14:00:00,28.798171,77.540243,OZONE,6,21,15
India,Uttar Pradesh,Moradabad,"Kashiram Nagar, Moradabad - UPPCB",09-08-2026 14:00:00,28.849399,78.742362,PM2.5,25,93,45
India,Uttar Pradesh,Moradabad,"Buddhi Vihar, Moradabad - UPPCB",09-08-2026 14:00:00,28.83526,78.7446,PM2.5,6,43,16
India,Uttar Pradesh,Moradabad,"Buddhi Vihar, Moradabad - UPPCB",09-08-2026 14:00:00,28.83526,78.7446,PM10,29,67,42
India,Uttar Pradesh,Moradabad,"Employment Office, Moradabad - UPPCB",09-08-2026 14:00:00,28.88528,78.7388,PM10,31,63,44
India,Uttar Pradesh,Moradabad,"Eco Herbal Park, Moradabad - UPPCB",09-08-2026 14:00:00,28.840739,78.697531,SO2,10,18,14
India,Uttar Pradesh,Moradabad,"Jigar Colony, Moradabad - UPPCB",09-08-2026 14:00:00,28.856664,78.772638,PM2.5,22,48,30
India,Uttar Pradesh,Muzaffarnagar,"New Mandi, Muzaffarnagar - UPPCB",09-08-2026 14:00:00,29.4723508,77.7194031,NH3,1,3,2
India,Uttar Pradesh,Muzaffarnagar,"New Mandi, Muzaffarnagar - UPPCB",09-08-2026 14:00:00,29.4723508,77.7194031,OZONE,14,32,25
India,Uttar Pradesh,Noida,"Sector-116, Noida - UPPCB",09-08-2026 14:00:00,28.56923,77.393848,PM2.5,29,198,91
India,Uttar Pradesh,Noida,"Sector-116, Noida - UPPCB",09-08-2026 14:00:00,28.56923,77.393848,NO2,7,78,34
India,Uttar Pradesh,Noida,"Sector-116, Noida - UPPCB",09-08-2026 14:00:00,28.56923,77.393848,NH3,9,12,10
India,Uttar Pradesh,Noida,"Sector-1, Noida - UPPCB",09-08-2026 14:00:00,28.5898,77.3101,PM2.5,12,264,84
India,Uttar Pradesh,Noida,"Sector-1, Noida - UPPCB",09-08-2026 14:00:00,28.5898,77.3101,CO,17,42,29
India,Uttar Pradesh,Noida,"Sector - 62, Noida - IITM",09-08-2026 14:00:00,28.6245479,77.3577104,PM2.5,18,104,59
India,Uttar Pradesh,Prayagraj,"Nagar Nigam, Prayagraj - UPPCB",09-08-2026 14:00:00,25.44919916,81.82735986,CO,12,13,12
India,Uttar Pradesh,Prayagraj,"Jhunsi, Prayagraj - UPPCB",09-08-2026 14:00:00,25.425602,81.917152,PM2.5,32,86,53
India,Uttar Pradesh,Varanasi,"Ardhali Bazar, Varanasi - UPPCB",09-08-2026 14:00:00,25.3505986,82.9083074,NH3,NA,NA,NA
India,Uttar Pradesh,Varanasi,"Ardhali Bazar, Varanasi - UPPCB",09-08-2026 14:00:00,25.3505986,82.9083074,CO,17,17,17
India,Uttar Pradesh,Varanasi,"Bhelupur, Varanasi - UPPCB",09-08-2026 14:00:00,25.301778,82.996789,PM2.5,17,69,43
India,Uttar Pradesh,Varanasi,"Bhelupur, Varanasi - UPPCB",09-08-2026 14:00:00,25.301778,82.996789,CO,4,8,7
India,Uttar Pradesh,Vrindavan,"Omex Eternity, Vrindavan - UPPCB",09-08-2026 14:00:00,27.571409,77.655757,PM10,15,103,49
India,Uttar Pradesh,Vrindavan,"Omex Eternity, Vrindavan - UPPCB",09-08-2026 14:00:00,27.571409,77.655757,OZONE,15,16,16
India,Uttarakhand,Dehradun,"Doon University, Dehradun - UKPCB",09-08-2026 14:00:00,30.269444,78.044167,PM10,NA,NA,NA
India,Uttarakhand,Kashipur,"Govt. Girls Inter College, Kashipur - UKPCB",09-08-2026 14:00:00,29.2124114,78.9611753,PM2.5,NA,NA,NA
India,Uttarakhand,Kashipur,"Govt. Girls Inter College, Kashipur - UKPCB",09-08-2026 14:00:00,29.2124114,78.9611753,OZONE,NA,NA,NA
India,West Bengal,Asansol,"Evelyn Lodge, Asansol - WBPCB",09-08-2026 14:00:00,23.697936,86.944395,NH3,7,8,8
India,Uttar Pradesh,Varanasi,"Ardhali Bazar, Varanasi - UPPCB",09-08-2026 14:00:00,25.3505986,82.9083074,CO,17,17,17
India,Uttar Pradesh,Varanasi,"Bhelupur, Varanasi - UPPCB",09-08-2026 14:00:00,25.301778,82.996789,PM2.5,17,69,43
India,Uttar Pradesh,Varanasi,"Bhelupur, Varanasi - UPPCB",09-08-2026 14:00:00,25.301778,82.996789,CO,4,8,7
India,Uttar Pradesh,Vrindavan,"Omex Eternity, Vrindavan - UPPCB",09-08-2026 14:00:00,27.571409,77.655757,PM10,15,103,49
India,Uttar Pradesh,Vrindavan,"Omex Eternity, Vrindavan - UPPCB",09-08-2026 14:00:00,27.571409,77.655757,OZONE,15,16,16
India,Uttarakhand,Dehradun,"Doon University, Dehradun - UKPCB",09-08-2026 14:00:00,30.269444,78.044167,PM10,NA,NA,NA
India,Uttarakhand,Kashipur,"Govt. Girls Inter College, Kashipur - UKPCB",09-08-2026 14:00:00,29.2124114,78.9611753,PM2.5,NA,NA,NA
India,Uttarakhand,Kashipur,"Govt. Girls Inter College, Kashipur - UKPCB",09-08-2026 14:00:00,29.2124114,78.9611753,OZONE,NA,NA,NA
India,West Bengal,Asansol,"Evelyn Lodge, Asansol - WBPCB",09-08-2026 14:00:00,23.697936,86.944395,NH3,7,8,8
India,West Bengal,Asansol,"Asansol Court Area, Asansol - WBPCB",09-08-2026 14:00:00,23.685297,86.945968,PM2.5,15,42,30
India,West Bengal,Asansol,"Asansol Court Area, Asansol - WBPCB",09-08-2026 14:00:00,23.685297,86.945968,CO,25,46,37
India,West Bengal,Asansol,"Trivenidevi Bhalotia College, Asansol - WBPCB",09-08-2026 14:00:00,23.616515,87.119133,PM10,12,53,22
India,West Bengal,Barrackpore,"SVSPA Campus, Barrackpore - WBPCB",09-08-2026 14:00:00,22.7605581,88.3617589,PM10,25,70,39
India,West Bengal,Barrackpore,"SVSPA Campus, Barrackpore - WBPCB",09-08-2026 14:00:00,22.7605581,88.3617589,NO2,5,15,10
India,West Bengal,Barrackpore,"SVSPA Campus, Barrackpore - WBPCB",09-08-2026 14:00:00,22.7605581,88.3617589,CO,39,41,40
India,West Bengal,Durgapur,"Mahishkapur Road_B-Zone, Durgapur - WBPCB",09-08-2026 14:00:00,23.567923,87.306843,NH3,1,1,1
India,West Bengal,Durgapur,"Mahishkapur Road_B-Zone, Durgapur - WBPCB",09-08-2026 14:00:00,23.567923,87.306843,CO,17,78,43
India,West Bengal,Durgapur,"Mahishkapur Road_B-Zone, Durgapur - WBPCB",09-08-2026 14:00:00,23.567923,87.306843,OZONE,17,38,29
India,West Bengal,Durgapur,"Womens College_City Center, Durgapur - WBPCB",09-08-2026 14:00:00,23.549395,87.300496,NH3,5,6,6
India,West Bengal,Durgapur,"Womens College_City Center, Durgapur - WBPCB",09-08-2026 14:00:00,23.549395,87.300496,SO2,12,12,12
India,Telangana,Hyderabad,"Ramachandrapuram, Hyderabad - TSPCB",09-08-2026 14:00:00,17.528544,78.286195,OZONE,20,21,21
India,Telangana,Hyderabad,"ICRISAT Patancheru, Hyderabad - TSPCB",09-08-2026 14:00:00,17.5184,78.278777,CO,11,14,12
India,Telangana,Hyderabad,"Sanathnagar, Hyderabad - TSPCB",09-08-2026 14:00:00,17.4559458,78.4332152,NO2,NA,NA,NA
India,Telangana,Hyderabad,"Sanathnagar, Hyderabad - TSPCB",09-08-2026 14:00:00,17.4559458,78.4332152,NH3,NA,NA,NA
India,Telangana,Hyderabad,"Zoo Park, Hyderabad - TSPCB",09-08-2026 14:00:00,17.349694,78.451437,NH3,2,2,2
India,Telangana,Hyderabad,"Zoo Park, Hyderabad - TSPCB",09-08-2026 14:00:00,17.349694,78.451437,OZONE,4,4,4
India,Telangana,Hyderabad,"New Malakpet, Hyderabad - TSPCB",09-08-2026 14:00:00,17.37206,78.50864,PM10,NA,NA,NA
India,Telangana,Hyderabad,"Central University, Hyderabad - TSPCB",09-08-2026 14:00:00,17.460103,78.334361,NH3,0,4,2
India,Telangana,Hyderabad,"Central University, Hyderabad - TSPCB",09-08-2026 14:00:00,17.460103,78.334361,OZONE,10,12,11
India,West Bengal,Howrah,"Belur Math, Howrah - WBPCB",09-08-2026 14:00:00,22.629801,88.352017,PM10,24,49,35
India,West Bengal,Howrah,"Botanical Garden, Howrah - WBPCB",09-08-2026 14:00:00,22.554954,88.292568,PM2.5,5,52,27
India,West Bengal,Howrah,"Botanical Garden, Howrah - WBPCB",09-08-2026 14:00:00,22.554954,88.292568,PM10,10,59,33
India,West Bengal,Kolkata,"Fort William, Kolkata - WBPCB",09-08-2026 14:00:00,22.55664,88.342674,NH3,9,9,9
India,West Bengal,Kolkata,"Fort William, Kolkata - WBPCB",09-08-2026 14:00:00,22.55664,88.342674,OZONE,7,10,8
India,West Bengal,Kolkata,"Ballygunge, Kolkata - WBPCB",09-08-2026 14:00:00,22.5367507,88.3638022,PM2.5,16,26,19
India,West Bengal,Kolkata,"Ballygunge, Kolkata - WBPCB",09-08-2026 14:00:00,22.5367507,88.3638022,NO2,17,47,25
India,West Bengal,Kolkata,"Rabindra Sarobar, Kolkata - WBPCB",09-08-2026 14:00:00,22.51106,88.35142,PM10,21,28,22
India,West Bengal,Kolkata,"Jadavpur, Kolkata - WBPCB",09-08-2026 14:00:00,22.49929,88.36917,PM10,28,60,38
India,West Bengal,Kolkata,"Jadavpur, Kolkata - WBPCB",09-08-2026 14:00:00,22.49929,88.36917,NH3,14,18,16
India,West Bengal,Kolkata,"Victoria, Kolkata - WBPCB",09-08-2026 14:00:00,22.5448082,88.3403691,NO2,21,24,23
India,West Bengal,Kolkata,"Victoria, Kolkata - WBPCB",09-08-2026 14:00:00,22.5448082,88.3403691,CO,30,42,35
India,West Bengal,Siliguri,"Ward-32 Bapupara, Siliguri - WBPCB",09-08-2026 14:00:00,26.6879226,88.4152495,SO2,14,15,15
India,Bihar,Bhagalpur,"DM Office_Kachari Chowk, Bhagalpur - BSPCB",09-08-2026 14:00:00,25.251013,86.989001,PM2.5,10,117,36
India,Bihar,Bhagalpur,"DM Office_Kachari Chowk, Bhagalpur - BSPCB",09-08-2026 14:00:00,25.251013,86.989001,PM10,24,500,100
India,Bihar,Bhagalpur,"DM Office_Kachari Chowk, Bhagalpur - BSPCB",09-08-2026 14:00:00,25.251013,86.989001,CO,28,32,29
India,Bihar,Bhagalpur,"DM Office_Kachari Chowk, Bhagalpur - BSPCB",09-08-2026 14:00:00,25.251013,86.989001,OZONE,18,20,19
India,Bihar,Chhapra,"Darshan Nagar, Chhapra - BSPCB",09-08-2026 14:00:00,25.7808257,84.7446768,CO,100,101,101
India,Bihar,Gaya,"SFTI Kusdihra, Gaya - BSPCB",09-08-2026 14:00:00,24.762518,84.982348,PM2.5,9,27,19
India,Bihar,Gaya,"SFTI Kusdihra, Gaya - BSPCB",09-08-2026 14:00:00,24.762518,84.982348,PM10,12,32,23
India,Bihar,Gaya,"SFTI Kusdihra, Gaya - BSPCB",09-08-2026 14:00:00,24.762518,84.982348,CO,24,38,29
India,Bihar,Gaya,"SFTI Kusdihra, Gaya - BSPCB",09-08-2026 14:00:00,24.762518,84.982348,OZONE,7,28,18
India,Bihar,Gaya,"Kareemganj, Gaya - BSPCB",09-08-2026 14:00:00,24.792403,84.992416,PM10,5,131,51
India,Bihar,Gaya,"Kareemganj, Gaya - BSPCB",09-08-2026 14:00:00,24.792403,84.992416,NO2,9,13,12
India,Bihar,Hajipur,"Industrial Area, Hajipur - BSPCB",09-08-2026 14:00:00,25.697189,85.2459,PM2.5,19,51,33
India,Bihar,Hajipur,"Industrial Area, Hajipur - BSPCB",09-08-2026 14:00:00,25.697189,85.2459,PM10,37,49,42
India,Bihar,Manguraha,"Forest Rest House, Manguraha - BSPCB",09-08-2026 14:00:00,27.308328,84.531742,PM10,59,82,70
India,Bihar,Manguraha,"Forest Rest House, Manguraha - BSPCB",09-08-2026 14:00:00,27.308328,84.531742,SO2,13,19,16
India,Bihar,Manguraha,"Forest Rest House, Manguraha - BSPCB",09-08-2026 14:00:00,27.308328,84.531742,CO,14,35,29
India,Bihar,Munger,"Town Hall, Munger - BSPCB",09-08-2026 14:00:00,25.376776,86.471523,PM10,NA,NA,NA
India,Bihar,Munger,"Town Hall, Munger - BSPCB",09-08-2026 14:00:00,25.376776,86.471523,NO2,7,7,7
India,Bihar,Arrah,"New DM Office, Arrah - BSPCB",09-08-2026 14:00:00,25.5626095,84.663264,PM2.5,NA,NA,NA
India,Bihar,Arrah,"New DM Office, Arrah - BSPCB",09-08-2026 14:00:00,25.5626095,84.663264,PM10,8,13,10
India,Bihar,Arrah,"New DM Office, Arrah - BSPCB",09-08-2026 14:00:00,25.5626095,84.663264,SO2,5,6,5
India,Bihar,Aurangabad,"Gurdeo Nagar, Aurangabad - BSPCB",09-08-2026 14:00:00,24.75746,84.366208,NH3,1,2,2
India,Bihar,Aurangabad,"Gurdeo Nagar, Aurangabad - BSPCB",09-08-2026 14:00:00,24.75746,84.366208,OZONE,6,14,9
India,Bihar,Bhagalpur,"DM Office_Kachari Chowk, Bhagalpur - BSPCB",09-08-2026 14:00:00,25.251013,86.989001,PM2.5,10,117,36
India,Bihar,Bhagalpur,"DM Office_Kachari Chowk, Bhagalpur - BSPCB",09-08-2026 14:00:00,25.251013,86.989001,PM10,24,500,100
India,Bihar,Bhagalpur,"DM Office_Kachari Chowk, Bhagalpur - BSPCB",09-08-2026 14:00:00,25.251013,86.989001,CO,28,32,29
India,Bihar,Bhagalpur,"DM Office_Kachari Chowk, Bhagalpur - BSPCB",09-08-2026 14:00:00,25.251013,86.989001,OZONE,18,20,19
India,Bihar,Chhapra,"Darshan Nagar, Chhapra - BSPCB",09-08-2026 14:00:00,25.7808257,84.7446768,CO,100,101,101
India,Assam,Guwahati,"IITG, Guwahati - PCBA",09-08-2026 14:00:00,26.2028636,91.70046436,PM2.5,NA,NA,NA
India,Assam,Guwahati,"IITG, Guwahati - PCBA",09-08-2026 14:00:00,26.2028636,91.70046436,NO2,0,3,1
India,Assam,Guwahati,"LGBI Airport, Guwahati - PCBA",09-08-2026 14:00:00,26.10887,91.589544,PM10,13,64,43
India,Assam,Guwahati,"LGBI Airport, Guwahati - PCBA",09-08-2026 14:00:00,26.10887,91.589544,OZONE,28,37,32
India,Assam,Guwahati,"Railway Colony, Guwahati - PCBA",09-08-2026 14:00:00,26.181742,91.78063,PM2.5,2,88,37
India,Assam,Guwahati,"Pan Bazaar, Guwahati - PCBA",09-08-2026 14:00:00,26.1875,91.744194,NH3,1,1,1
India,Assam,Guwahati,"Pan Bazaar, Guwahati - PCBA",09-08-2026 14:00:00,26.1875,91.744194,SO2,23,26,25
India,Assam,Guwahati,"Pan Bazaar, Guwahati - PCBA",09-08-2026 14:00:00,26.1875,91.744194,CO,6,12,9
India,Chhattisgarh,Bilaspur,"Mangala, Bilaspur - NTPC",09-08-2026 14:00:00,22.08815,82.13737,PM10,3,53,23
India,Chhattisgarh,Bilaspur,"Mangala, Bilaspur - NTPC",09-08-2026 14:00:00,22.08815,82.13737,CO,13,30,23
India,Chhattisgarh,Korba,"Urja Nagar, Korba - CECB",09-08-2026 14:00:00,22.348441,82.549611,PM2.5,6,22,13
India,Chhattisgarh,Korba,"Urja Nagar, Korba - CECB",09-08-2026 14:00:00,22.348441,82.549611,NO2,4,7,5
India,Chhattisgarh,Korba,"Urja Nagar, Korba - CECB",09-08-2026 14:00:00,22.348441,82.549611,CO,29,34,32
India,Chhattisgarh,Korba,"Rampur, Korba - CECB",09-08-2026 14:00:00,22.368195,82.746431,PM10,NA,NA,NA
India,Chhattisgarh,Korba,"Rampur, Korba - CECB",09-08-2026 14:00:00,22.368195,82.746431,NH3,NA,NA,NA
India,Chhattisgarh,Korba,"Rampur, Korba - CECB",09-08-2026 14:00:00,22.368195,82.746431,OZONE,9,9,9
India,Chhattisgarh,Kunjemura,"OP Jindal School, Kunjemura - CECB",09-08-2026 14:00:00,22.12665,83.483212,PM10,7,19,13
India,Chhattisgarh,Kunjemura,"OP Jindal School, Kunjemura - CECB",09-08-2026 14:00:00,22.12665,83.483212,CO,15,27,22
India,Chhattisgarh,Milupara,"Govt. Higher Secondary School, Milupara - CECB",09-08-2026 14:00:00,22.1910172,83.5197009,PM2.5,4,27,12
India,Chhattisgarh,Milupara,"Govt. Higher Secondary School, Milupara - CECB",09-08-2026 14:00:00,22.1910172,83.5197009,PM10,8,26,15
India,Delhi,Delhi,"Sirifort, Delhi - CPCB",09-08-2026 14:00:00,28.5504249,77.2159377,CO,22,60,39
India,Delhi,Delhi,"Chandni Chowk, Delhi - IITM",09-08-2026 14:00:00,28.656756,77.227234,NH3,4,12,6
India,Delhi,Delhi,"Chandni Chowk, Delhi - IITM",09-08-2026 14:00:00,28.656756,77.227234,SO2,6,12,10
India,Delhi,Delhi,"Pusa, Delhi - IITM",09-08-2026 14:00:00,28.63611,77.173332,NH3,NA,NA,NA
India,Delhi,Delhi,"IGI Airport (T3), Delhi - IITM",09-08-2026 14:00:00,28.5627763,77.1180053,SO2,NA,NA,NA
India,Delhi,Delhi,"IGNOU_Maidan Garhi, Delhi - DPCC",09-08-2026 14:00:00,28.493624,77.201159,PM10,26,65,44
India,Delhi,Delhi,"IGNOU_Maidan Garhi, Delhi - DPCC",09-08-2026 14:00:00,28.493624,77.201159,OZONE,6,10,8
India,Delhi,Delhi,"Commonwealth Sports Complex, Delhi - DPCC",09-08-2026 14:00:00,28.615828,77.271992,NO2,12,58,29
India,Delhi,Delhi,"Talkatora Garden, Delhi - DPCC",09-08-2026 14:00:00,28.62181,77.1944633,NO2,8,63,29
India,Delhi,Delhi,"NSIT Dwarka, Delhi - CPCB",09-08-2026 14:00:00,28.60909,77.0325413,NO2,NA,NA,NA
India,Bihar,Patna,"Muradpur, Patna - BSPCB",09-08-2026 14:00:00,25.619651,85.147382,NH3,4,5,5
India,Bihar,Patna,"Govt. High School Shikarpur, Patna - BSPCB",09-08-2026 14:00:00,25.592539,85.227158,NH3,6,6,6
India,Bihar,Patna,"Govt. High School Shikarpur, Patna - BSPCB",09-08-2026 14:00:00,25.592539,85.227158,OZONE,37,85,58
India,Bihar,Patna,"Samanpura, Patna - BSPCB",09-08-2026 14:00:00,25.596727,85.085624,PM10,62,109,86
India,Bihar,Patna,"Samanpura, Patna - BSPCB",09-08-2026 14:00:00,25.596727,85.085624,CO,21,23,22
India,Bihar,Purnia,"Mariam Nagar, Purnia - BSPCB",09-08-2026 14:00:00,25.366336,87.117468,PM2.5,10,33,23
India,Chhattisgarh,Raipur,"AIIMS, Raipur - CECB",09-08-2026 14:00:00,21.258815,81.578979,OZONE,14,20,17
India,Chhattisgarh,Raipur,"Krishak Nagar, Raipur - CECB",09-08-2026 14:00:00,21.237755,81.705301,PM2.5,9,38,20
India,Chhattisgarh,Raipur,"Krishak Nagar, Raipur - CECB",09-08-2026 14:00:00,21.237755,81.705301,OZONE,1,2,2
India,Delhi,Delhi,"ITO, Delhi - CPCB",09-08-2026 14:00:00,28.628624,77.24106,CO,31,53,42
India,Bihar,Munger,"Town Hall, Munger - BSPCB",09-08-2026 14:00:00,25.376776,86.471523,NO2,7,7,7
India,Bihar,Munger,"Town Hall, Munger - BSPCB",09-08-2026 14:00:00,25.376776,86.471523,OZONE,11,17,14
India,Bihar,Muzaffarpur,"Buddha Colony, Muzaffarpur - BSPCB",09-08-2026 14:00:00,26.11442,85.39813,NO2,18,31,23
India,Bihar,Muzaffarpur,"Buddha Colony, Muzaffarpur - BSPCB",09-08-2026 14:00:00,26.11442,85.39813,NH3,6,9,8
India,Bihar,Muzaffarpur,"Buddha Colony, Muzaffarpur - BSPCB",09-08-2026 14:00:00,26.11442,85.39813,SO2,0,22,9
India,Bihar,Patna,"Rajbansi Nagar, Patna - BSPCB",09-08-2026 14:00:00,25.599486,85.113666,PM2.5,NA,NA,NA
India,Bihar,Patna,"Rajbansi Nagar, Patna - BSPCB",09-08-2026 14:00:00,25.599486,85.113666,PM10,NA,NA,NA
India,Bihar,Patna,"Muradpur, Patna - BSPCB",09-08-2026 14:00:00,25.619651,85.147382,NH3,4,5,5
India,Bihar,Patna,"Govt. High School Shikarpur, Patna - BSPCB",09-08-2026 14:00:00,25.592539,85.227158,NH3,6,6,6
India,Bihar,Patna,"Govt. High School Shikarpur, Patna - BSPCB",09-08-2026 14:00:00,25.592539,85.227158,OZONE,37,85,58
India,Bihar,Patna,"Samanpura, Patna - BSPCB",09-08-2026 14:00:00,25.596727,85.085624,PM10,62,109,86
India,Bihar,Patna,"Samanpura, Patna - BSPCB",09-08-2026 14:00:00,25.596727,85.085624,CO,21,23,22
India,Bihar,Purnia,"Mariam Nagar, Purnia - BSPCB",09-08-2026 14:00:00,25.366336,87.117468,PM2.5,10,33,23
India,Bihar,Samastipur,"DM Office_Kasipur, Samastipur - BSPCB",09-08-2026 14:00:00,25.859655,85.77944,SO2,11,13,12
India,Bihar,Siwan,"Chitragupta Nagar, Siwan - BSPCB",09-08-2026 14:00:00,26.2271665,84.3570427,OZONE,7,8,7
India,Chandigarh,Chandigarh,"Sector-53, Chandigarh - CPCC",09-08-2026 14:00:00,30.719859,76.738637,PM2.5,5,35,17
India,Chandigarh,Chandigarh,"Sector-53, Chandigarh - CPCC",09-08-2026 14:00:00,30.719859,76.738637,NH3,24,27,25
India,Chandigarh,Chandigarh,"Sector-25, Chandigarh - CPCC",09-08-2026 14:00:00,30.751462,76.762879,PM2.5,18,59,36
India,Chhattisgarh,Raipur,"Siltara Phase-II, Raipur - CECB",09-08-2026 14:00:00,21.371751,81.664929,NO2,NA,NA,NA
India,Chhattisgarh,Raipur,"Siltara Phase-II, Raipur - CECB",09-08-2026 14:00:00,21.371751,81.664929,CO,17,17,17
India,Chhattisgarh,Raipur,"Siltara Phase-II, Raipur - CECB",09-08-2026 14:00:00,21.371751,81.664929,OZONE,5,8,7
India,Chhattisgarh,Raipur,"AIIMS, Raipur - CECB",09-08-2026 14:00:00,21.258815,81.578979,OZONE,14,20,17
India,Chhattisgarh,Raipur,"Krishak Nagar, Raipur - CECB",09-08-2026 14:00:00,21.237755,81.705301,PM2.5,9,38,20
India,Chhattisgarh,Raipur,"Krishak Nagar, Raipur - CECB",09-08-2026 14:00:00,21.237755,81.705301,OZONE,1,2,2
India,Delhi,Delhi,"ITO, Delhi - CPCB",09-08-2026 14:00:00,28.628624,77.24106,CO,31,53,42
India,Delhi,Delhi,"Punjabi Bagh, Delhi - DPCC",09-08-2026 14:00:00,28.674045,77.131023,SO2,29,54,43
India,Delhi,Delhi,"Shadipur, Delhi - CPCB",09-08-2026 14:00:00,28.6514781,77.1473105,NO2,21,95,42
India,Delhi,Delhi,"Mandir Marg, Delhi - DPCC",09-08-2026 14:00:00,28.636429,77.201067,PM2.5,NA,NA,NA
India,Delhi,Delhi,"Mandir Marg, Delhi - DPCC",09-08-2026 14:00:00,28.636429,77.201067,CO,71,101,81
India,Delhi,Delhi,"Mandir Marg, Delhi - DPCC",09-08-2026 14:00:00,28.636429,77.201067,OZONE,3,23,14
India,Andhra Pradesh,Tirupati,"Vaikuntapuram, Tirupati - APPCB",09-08-2026 14:00:00,13.615387,79.40923,OZONE,29,30,29
India,Andhra Pradesh,Vijayawada,"HB Colony, Vijayawada - APPCB",09-08-2026 14:00:00,16.536107,80.594233,PM2.5,50,176,71
India,Andhra Pradesh,Vijayawada,"HB Colony, Vijayawada - APPCB",09-08-2026 14:00:00,16.536107,80.594233,PM10,54,125,70
India,Andhra Pradesh,Amaravati,"Secretariat, Amaravati - APPCB",09-08-2026 14:00:00,16.5150833,80.5181667,PM2.5,20,41,28
India,Andhra Pradesh,Amaravati,"Secretariat, Amaravati - APPCB",09-08-2026 14:00:00,16.5150833,80.5181667,PM10,28,141,76
India,Andhra Pradesh,Amaravati,"Secretariat, Amaravati - APPCB",09-08-2026 14:00:00,16.5150833,80.5181667,NH3,4,5,4
India,Haryana,Panipat,"Sector-18, Panipat - HSPCB",09-08-2026 14:00:00,29.432304,76.972765,PM10,51,129,99
India,Haryana,Rohtak,"MD University, Rohtak - HSPCB",09-08-2026 14:00:00,28.52123,76.37138,PM2.5,27,78,42
India,Haryana,Rohtak,"MD University, Rohtak - HSPCB",09-08-2026 14:00:00,28.52123,76.37138,NO2,8,11,9
India,Haryana,Rohtak,"MD University, Rohtak - HSPCB",09-08-2026 14:00:00,28.52123,76.37138,CO,19,39,30
India,Haryana,Sirsa,"F-Block, Sirsa - HSPCB",09-08-2026 14:00:00,29.5364,75.0158,PM10,14,53,33
India,Haryana,Sirsa,"F-Block, Sirsa - HSPCB",09-08-2026 14:00:00,29.5364,75.0158,CO,79,97,88
India,Haryana,Sirsa,"F-Block, Sirsa - HSPCB",09-08-2026 14:00:00,29.5364,75.0158,OZONE,14,53,39
India,Haryana,Sonipat,"Murthal, Sonipat - HSPCB",09-08-2026 14:00:00,29.0272,77.0621,PM2.5,11,219,75
India,Haryana,Sonipat,"Murthal, Sonipat - HSPCB",09-08-2026 14:00:00,29.0272,77.0621,PM10,12,149,92
India,Haryana,Sonipat,"Murthal, Sonipat - HSPCB",09-08-2026 14:00:00,29.0272,77.0621,CO,8,16,14
India,Haryana,Yamuna Nagar,"Gobind Pura, Yamuna Nagar - HSPCB",09-08-2026 14:00:00,30.1480566,77.2893471,CO,32,52,48
India,Haryana,Yamuna Nagar,"Gobind Pura, Yamuna Nagar - HSPCB",09-08-2026 14:00:00,30.1480566,77.2893471,OZONE,62,64,63
India,Himachal Pradesh,Baddi,"HIMUDA Complex Phase-1, Baddi - HPPCB",09-08-2026 14:00:00,30.943887,76.801991,PM2.5,13,92,35
India,Himachal Pradesh,Baddi,"HIMUDA Complex Phase-1, Baddi - HPPCB",09-08-2026 14:00:00,30.943887,76.801991,OZONE,12,34,23
India,Himachal Pradesh,Baddi,"HIMUDA Complex Phase-1, Baddi - HPPCB",09-08-2026 14:00:00,30.943887,76.801991,PM2.5,13,92,35
India,Himachal Pradesh,Baddi,"HIMUDA Complex Phase-1, Baddi - HPPCB",09-08-2026 14:00:00,30.943887,76.801991,OZONE,12,34,23
India,Jammu and Kashmir,Pampore,"Khrew, Pampore - JKPCC",09-08-2026 14:00:00,34.031606,75.009712,PM10,12,38,26
India,Jammu and Kashmir,Pampore,"Khrew, Pampore - JKPCC",09-08-2026 14:00:00,34.031606,75.009712,SO2,NA,NA,NA
India,Jammu and Kashmir,Srinagar,"Khunmoh, Srinagar - JKPCC",09-08-2026 14:00:00,34.06313,74.96017,NO2,8,29,15
India,Jammu and Kashmir,Srinagar,"Khunmoh, Srinagar - JKPCC",09-08-2026 14:00:00,34.06313,74.96017,NH3,NA,NA,NA
India,Jammu and Kashmir,Srinagar,"Rajbagh, Srinagar - JKPCC",09-08-2026 14:00:00,34.066206,74.81982,CO,11,17,15
India,Jharkhand,Dhanbad,"Sardar Patel Nagar, Dhanbad - JSPCB",09-08-2026 14:00:00,23.80569,86.44268,NH3,NA,NA,NA
India,Jharkhand,Jorapokhar,"Tata Stadium, Jorapokhar - JSPCB",09-08-2026 14:00:00,23.707909,86.41467,PM2.5,57,78,61
India,Jharkhand,Jorapokhar,"Tata Stadium, Jorapokhar - JSPCB",09-08-2026 14:00:00,23.707909,86.41467,OZONE,6,9,7
India,Karnataka,Bagalkot,"Vidayagiri, Bagalkot - KSPCB",09-08-2026 14:00:00,16.172806,75.659694,PM10,NA,NA,NA
India,Karnataka,Bagalkot,"Vidayagiri, Bagalkot - KSPCB",09-08-2026 14:00:00,16.172806,75.659694,NO2,NA,NA,NA
India,Karnataka,Bagalkot,"Vidayagiri, Bagalkot - KSPCB",09-08-2026 14:00:00,16.172806,75.659694,CO,18,36,26
India,Karnataka,Belgaum,"Ramteerth Nagar, Belgaum - KSPCB",09-08-2026 14:00:00,15.888653,74.541751,PM10,8,70,23
India,Karnataka,Belgaum,"Ramteerth Nagar, Belgaum - KSPCB",09-08-2026 14:00:00,15.888653,74.541751,CO,1,1,1
India,Karnataka,Bengaluru,"Bapuji Nagar, Bengaluru - KSPCB",09-08-2026 14:00:00,12.951913,77.539784,PM10,27,53,40
India,Karnataka,Bengaluru,"Sanegurava Halli, Bengaluru - KSPCB",09-08-2026 14:00:00,12.990328,77.5431385,NO2,16,20,19
India,Karnataka,Bengaluru,"Sanegurava Halli, Bengaluru - KSPCB",09-08-2026 14:00:00,12.990328,77.5431385,CO,13,106,51
India,Karnataka,Bengaluru,"Silk Board, Bengaluru - KSPCB",09-08-2026 14:00:00,12.917348,77.622813,PM2.5,23,49,34
India,Gujarat,Ahmedabad,"SAC ISRO Satellite, Ahmedabad - IITM",09-08-2026 14:00:00,23.023389,72.515201,NO2,6,14,7
India,Haryana,Palwal,"Shyam Nagar, Palwal - HSPCB",09-08-2026 14:00:00,28.1485564,77.3320667,NO2,24,24,24
India,Gujarat,Nandesari,"GIDC, Nandesari - Nandesari Ind. Association",09-08-2026 14:00:00,22.410802,73.097923,NH3,NA,NA,NA
India,Gujarat,Nandesari,"GIDC, Nandesari - Nandesari Ind. Association",09-08-2026 14:00:00,22.410802,73.097923,SO2,3,4,3
India,Gujarat,Rajkot,"Mavdi, Rajkot - Nexteng Enviro ",09-08-2026 14:00:00,22.248853,70.776774,PM2.5,24,87,56
India,Gujarat,Rajkot,"Mavdi, Rajkot - Nexteng Enviro ",09-08-2026 14:00:00,22.248853,70.776774,PM10,55,108,74
India,Gujarat,Surat,"Science Center, Surat - SMC",09-08-2026 14:00:00,21.170046,72.795405,SO2,15,17,16
India,Gujarat,Surat,"Science Center, Surat - SMC",09-08-2026 14:00:00,21.170046,72.795405,OZONE,NA,NA,NA
India,Gujarat,Vadodara,"Bapunagar, Vadodara - Nexteng Enviro",09-08-2026 14:00:00,22.320153,73.216285,PM2.5,29,65,44
India,Gujarat,Vadodara,"Bapunagar, Vadodara - Nexteng Enviro",09-08-2026 14:00:00,22.320153,73.216285,CO,68,71,70
India,Gujarat,Vadodara,"Bapunagar, Vadodara - Nexteng Enviro",09-08-2026 14:00:00,22.320153,73.216285,OZONE,3,5,4
India,Gujarat,Mehsana,"Sadanand Nagar, Mehsana - Nexteng Enviro",09-08-2026 14:00:00,23.59315,72.372792,NO2,3,6,4
India,Gujarat,Nandesari,"GIDC, Nandesari - Nandesari Ind. Association",09-08-2026 14:00:00,22.410802,73.097923,NH3,NA,NA,NA
India,Gujarat,Nandesari,"GIDC, Nandesari - Nandesari Ind. Association",09-08-2026 14:00:00,22.410802,73.097923,SO2,3,4,3
India,Gujarat,Rajkot,"Mavdi, Rajkot - Nexteng Enviro ",09-08-2026 14:00:00,22.248853,70.776774,PM2.5,24,87,56
India,Gujarat,Rajkot,"Mavdi, Rajkot - Nexteng Enviro ",09-08-2026 14:00:00,22.248853,70.776774,PM10,55,108,74
India,Gujarat,Surat,"Science Center, Surat - SMC",09-08-2026 14:00:00,21.170046,72.795405,SO2,15,17,16
India,Gujarat,Surat,"Science Center, Surat - SMC",09-08-2026 14:00:00,21.170046,72.795405,OZONE,NA,NA,NA
India,Haryana,Karnal,"Sector-12, Karnal - HSPCB",09-08-2026 14:00:00,29.6953,77.0027,CO,42,58,50
India,Haryana,Kurukshetra,"Sector-7, Kurukshetra - HSPCB",09-08-2026 14:00:00,29.966942,76.875879,PM10,37,60,46
India,Haryana,Mandikhera,"General Hospital, Mandikhera(Nuh) - HSPCB",09-08-2026 14:00:00,27.9002,76.9938,PM10,95,104,98
India,Gujarat,Ahmedabad,"Gyaspur, Ahmedabad - IITM",09-08-2026 14:00:00,22.977134,72.553024,PM10,75,159,103
India,Gujarat,Ahmedabad,"SAC ISRO Satellite, Ahmedabad - IITM",09-08-2026 14:00:00,23.023389,72.515201,NO2,6,14,7
India,Gujarat,Ahmedabad,"SAC ISRO Satellite, Ahmedabad - IITM",09-08-2026 14:00:00,23.023389,72.515201,OZONE,1,2,1
India,Gujarat,Ankleshwar,"GIDC, Ankleshwar - GPCB",09-08-2026 14:00:00,21.613267,73.010555,PM2.5,24,71,39
India,Gujarat,Ankleshwar,"GIDC, Ankleshwar - GPCB",09-08-2026 14:00:00,21.613267,73.010555,NO2,22,23,23
India,Gujarat,Ankleshwar,"GIDC, Ankleshwar - GPCB",09-08-2026 14:00:00,21.613267,73.010555,CO,NA,NA,NA
India,Gujarat,Bhavnagar,"Vidhyanagar, Bhavnagar - Nexteng Enviro",09-08-2026 14:00:00,21.755417,72.139056,NO2,37,43,39
India,Gujarat,Gandhinagar,"Sector-10, Gandhinagar - GPCB",09-08-2026 14:00:00,23.221714,72.654328,NO2,5,7,6
India,Gujarat,Gandhinagar,"IIPHG Lekawada, Gandhinagar - IITM",09-08-2026 14:00:00,23.243639,72.68994,PM10,87,137,110
India,Gujarat,Gandhinagar,"GIFT City, Gandhinagar - IITM",09-08-2026 14:00:00,23.163798,72.677768,PM10,87,140,108
India,Gujarat,Gandhinagar,"GIFT City, Gandhinagar - IITM",09-08-2026 14:00:00,23.163798,72.677768,CO,20,29,24
India,Gujarat,Mehsana,"Sadanand Nagar, Mehsana - Nexteng Enviro",09-08-2026 14:00:00,23.59315,72.372792,PM10,52,123,75
India,Gujarat,Mehsana,"Sadanand Nagar, Mehsana - Nexteng Enviro",09-08-2026 14:00:00,23.59315,72.372792,NO2,3,6,4
India,Delhi,Delhi,"Mundka, Delhi - DPCC",09-08-2026 14:00:00,28.684678,77.076574,NH3,8,10,9
India,Delhi,Delhi,"Wazirpur, Delhi - DPCC",09-08-2026 14:00:00,28.699793,77.165453,NH3,2,11,5
India,Delhi,Delhi,"Wazirpur, Delhi - DPCC",09-08-2026 14:00:00,28.699793,77.165453,OZONE,15,18,17
India,Delhi,Delhi,"Najafgarh, Delhi - DPCC",09-08-2026 14:00:00,28.570173,76.933762,NH3,4,11,7
India,Delhi,Delhi,"Jawaharlal Nehru Stadium, Delhi - DPCC",09-08-2026 14:00:00,28.58028,77.233829,PM2.5,22,123,68
India,Delhi,Delhi,"Jawaharlal Nehru Stadium, Delhi - DPCC",09-08-2026 14:00:00,28.58028,77.233829,PM10,27,96,60
India,Delhi,Delhi,"Jawaharlal Nehru Stadium, Delhi - DPCC",09-08-2026 14:00:00,28.58028,77.233829,OZONE,31,32,31
India,Delhi,Delhi,"Patparganj, Delhi - DPCC",09-08-2026 14:00:00,28.623763,77.287209,PM2.5,NA,NA,NA
India,Delhi,Delhi,"Nehru Nagar, Delhi - DPCC",09-08-2026 14:00:00,28.56789,77.250515,PM10,54,126,88
India,Delhi,Delhi,"Nehru Nagar, Delhi - DPCC",09-08-2026 14:00:00,28.56789,77.250515,NH3,5,8,7
India,Delhi,Delhi,"Nehru Nagar, Delhi - DPCC",09-08-2026 14:00:00,28.56789,77.250515,CO,13,57,35
India,Delhi,Delhi,"IHBAS, Dilshad Garden, Delhi - CPCB",09-08-2026 14:00:00,28.6811736,77.3025234,PM2.5,32,51,43
India,Delhi,Delhi,"IHBAS, Dilshad Garden, Delhi - CPCB",09-08-2026 14:00:00,28.6811736,77.3025234,SO2,9,27,16
India,Delhi,Delhi,"Jahangirpuri, Delhi - DPCC",09-08-2026 14:00:00,28.73282,77.170633,NO2,11,56,27
India,Delhi,Delhi,"Jahangirpuri, Delhi - DPCC",09-08-2026 14:00:00,28.73282,77.170633,OZONE,4,12,8
India,Delhi,Delhi,"Vivek Vihar, Delhi - DPCC",09-08-2026 14:00:00,28.672342,77.31526,OZONE,4,36,14
India,Delhi,Delhi,"Rohini, Delhi - DPCC",09-08-2026 14:00:00,28.732528,77.11992,OZONE,11,16,13
India,Delhi,Delhi,"Vivek Vihar, Delhi - DPCC",09-08-2026 14:00:00,28.672342,77.31526,OZONE,4,36,14
India,Delhi,Delhi,"Rohini, Delhi - DPCC",09-08-2026 14:00:00,28.732528,77.11992,OZONE,11,16,13
India,Delhi,Delhi,"Okhla Phase-2, Delhi - DPCC",09-08-2026 14:00:00,28.530785,77.271255,PM2.5,15,95,57
India,Gujarat,Vadodara,"Bapunagar, Vadodara - Nexteng Enviro",09-08-2026 14:00:00,22.320153,73.216285,PM2.5,29,65,44
India,Gujarat,Vadodara,"Bapunagar, Vadodara - Nexteng Enviro",09-08-2026 14:00:00,22.320153,73.216285,CO,68,71,70
India,Gujarat,Vadodara,"Bapunagar, Vadodara - Nexteng Enviro",09-08-2026 14:00:00,22.320153,73.216285,OZONE,3,5,4
India,Gujarat,Vapi,"Phase-1 GIDC, Vapi - GPCB",09-08-2026 14:00:00,20.362421,72.918013,PM2.5,27,66,40
India,Gujarat,Vapi,"Phase-1 GIDC, Vapi - GPCB",09-08-2026 14:00:00,20.362421,72.918013,NH3,4,4,4
India,Gujarat,Vapi,"Phase-1 GIDC, Vapi - GPCB",09-08-2026 14:00:00,20.362421,72.918013,SO2,14,17,16
India,Gujarat,Vapi,"Phase-1 GIDC, Vapi - GPCB",09-08-2026 14:00:00,20.362421,72.918013,CO,NA,NA,NA
India,Gujarat,Vatva,"Phase-4 GIDC, Vatva - GPCB",09-08-2026 14:00:00,22.969611,72.6435,PM2.5,48,163,84
India,Gujarat,Vatva,"Phase-4 GIDC, Vatva - GPCB",09-08-2026 14:00:00,22.969611,72.6435,PM10,93,136,114
India,Gujarat,Vatva,"Phase-4 GIDC, Vatva - GPCB",09-08-2026 14:00:00,22.969611,72.6435,SO2,9,41,22
India,Haryana,Ballabgarh,"Nathu Colony, Ballabgarh - HSPCB",09-08-2026 14:00:00,28.3419248,77.319699,NH3,4,5,5
India,Haryana,Ballabgarh,"Nathu Colony, Ballabgarh - HSPCB",09-08-2026 14:00:00,28.3419248,77.319699,OZONE,2,25,12
India,Haryana,Bhiwani,"H.B. Colony, Bhiwani - HSPCB",09-08-2026 14:00:00,28.806223,76.141105,PM10,11,63,36
India,Haryana,Bhiwani,"H.B. Colony, Bhiwani - HSPCB",09-08-2026 14:00:00,28.806223,76.141105,NH3,2,3,2
India,Haryana,Bhiwani,"H.B. Colony, Bhiwani - HSPCB",09-08-2026 14:00:00,28.806223,76.141105,SO2,12,13,12
India,Haryana,Bhiwani,"H.B. Colony, Bhiwani - HSPCB",09-08-2026 14:00:00,28.806223,76.141105,CO,14,23,20
India,Haryana,Faridabad,"New Industrial Town, Faridabad - HSPCB",09-08-2026 14:00:00,28.39072,77.30059,PM2.5,40,86,53
India,Delhi,Delhi,"Okhla Phase-2, Delhi - DPCC",09-08-2026 14:00:00,28.530785,77.271255,SO2,7,12,10
India,Delhi,Delhi,"Sonia Vihar, Delhi - DPCC",09-08-2026 14:00:00,28.710508,77.249485,PM10,31,200,89
India,Delhi,Delhi,"Major Dhyan Chand National Stadium, Delhi - DPCC",09-08-2026 14:00:00,28.611281,77.237738,CO,19,72,34
India,Delhi,Delhi,"Cantonment Area, Delhi - DPCC",09-08-2026 14:00:00,28.594169,77.1251,PM2.5,3,35,18
India,Delhi,Delhi,"Cantonment Area, Delhi - DPCC",09-08-2026 14:00:00,28.594169,77.1251,CO,64,108,89
India,Delhi,Delhi,"Narela, Delhi - DPCC",09-08-2026 14:00:00,28.822836,77.101981,NO2,22,35,27
India,Gujarat,Ahmedabad,"SVPI Airport Hansol, Ahmedabad - IITM",09-08-2026 14:00:00,23.076793,72.627874,SO2,3,55,11
India,Gujarat,Ahmedabad,"SVPI Airport Hansol, Ahmedabad - IITM",09-08-2026 14:00:00,23.076793,72.627874,OZONE,5,11,7
India,Gujarat,Ahmedabad,"Rakhial, Ahmedabad - IITM",09-08-2026 14:00:00,23.016834,72.625775,SO2,17,22,19
India,Gujarat,Ahmedabad,"Chandkheda, Ahmedabad - IITM",09-08-2026 14:00:00,23.107969,72.574648,NH3,10,13,11
India,Delhi,Delhi,"IGI Airport (T3), Delhi - IITM",09-08-2026 14:00:00,28.5627763,77.1180053,SO2,NA,NA,NA
India,Delhi,Delhi,"IGNOU_Maidan Garhi, Delhi - DPCC",09-08-2026 14:00:00,28.493624,77.201159,PM10,26,65,44
India,Delhi,Delhi,"IGNOU_Maidan Garhi, Delhi - DPCC",09-08-2026 14:00:00,28.493624,77.201159,OZONE,6,10,8
India,Delhi,Delhi,"Commonwealth Sports Complex, Delhi - DPCC",09-08-2026 14:00:00,28.615828,77.271992,NO2,12,58,29
India,Delhi,Delhi,"Talkatora Garden, Delhi - DPCC",09-08-2026 14:00:00,28.62181,77.1944633,NO2,8,63,29
India,Delhi,Delhi,"NSIT Dwarka, Delhi - CPCB",09-08-2026 14:00:00,28.60909,77.0325413,NO2,NA,NA,NA
India,Delhi,Delhi,"Aya Nagar, Delhi - IITM",09-08-2026 14:00:00,28.4706914,77.1099364,NO2,7,42,21
India,Delhi,Delhi,"Burari Crossing, Delhi - IITM",09-08-2026 14:00:00,28.7256504,77.2011573,NO2,5,30,14
India,Delhi,Delhi,"Burari Crossing, Delhi - IITM",09-08-2026 14:00:00,28.7256504,77.2011573,NH3,NA,NA,NA
India,Haryana,Bhiwani,"H.B. Colony, Bhiwani - HSPCB",09-08-2026 14:00:00,28.806223,76.141105,PM10,11,63,36
India,Haryana,Bhiwani,"H.B. Colony, Bhiwani - HSPCB",09-08-2026 14:00:00,28.806223,76.141105,NH3,2,3,2
India,Haryana,Bhiwani,"H.B. Colony, Bhiwani - HSPCB",09-08-2026 14:00:00,28.806223,76.141105,SO2,12,13,12
India,Haryana,Bhiwani,"H.B. Colony, Bhiwani - HSPCB",09-08-2026 14:00:00,28.806223,76.141105,CO,14,23,20
India,Haryana,Faridabad,"New Industrial Town, Faridabad - HSPCB",09-08-2026 14:00:00,28.39072,77.30059,PM2.5,40,86,53
India,Haryana,Fatehabad,"Huda Sector, Fatehabad - HSPCB",09-08-2026 14:00:00,29.503664,75.467934,PM10,31,56,41
India,Haryana,Gurugram,"Teri Gram, Gurugram - HSPCB",09-08-2026 14:00:00,28.4275,77.1465,OZONE,7,42,20
India,Haryana,Gurugram,"Vikas Sadan, Gurugram - HSPCB",09-08-2026 14:00:00,28.4501238,77.0263051,CO,8,23,15
India,Jammu and Kashmir,Srinagar,"Rajbagh, Srinagar - JKPCC",09-08-2026 14:00:00,34.066206,74.81982,CO,11,17,15
India,Jharkhand,Dhanbad,"Sardar Patel Nagar, Dhanbad - JSPCB",09-08-2026 14:00:00,23.80569,86.44268,NH3,NA,NA,NA
India,Jharkhand,Jorapokhar,"Tata Stadium, Jorapokhar - JSPCB",09-08-2026 14:00:00,23.707909,86.41467,PM2.5,57,78,61
India,Delhi,Delhi,"JNU, Delhi - DPCC",09-08-2026 14:00:00,28.540721,77.168544,PM2.5,19,98,50
India,Delhi,Delhi,"JNU, Delhi - DPCC",09-08-2026 14:00:00,28.540721,77.168544,NH3,0,4,2
India,Delhi,Delhi,"JNU, Delhi - DPCC",09-08-2026 14:00:00,28.540721,77.168544,SO2,0,7,3
India,Delhi,Delhi,"JNU, Delhi - DPCC",09-08-2026 14:00:00,28.540721,77.168544,OZONE,NA,NA,NA
India,Delhi,Delhi,"Alipur, Delhi - DPCC",09-08-2026 14:00:00,28.815329,77.15301,CO,21,32,27
India,Delhi,Delhi,"R K Puram, Delhi - DPCC",09-08-2026 14:00:00,28.563262,77.186937,NH3,NA,NA,NA
India,Delhi,Delhi,"IIT Delhi, Delhi - IITM",09-08-2026 14:00:00,28.54246,77.191651,CO,40,75,49
India,Delhi,Delhi,"Dr. Karni Singh Shooting Range, Delhi - DPCC",09-08-2026 14:00:00,28.498571,77.26484,PM2.5,3,88,44
India,Delhi,Delhi,"Dr. Karni Singh Shooting Range, Delhi - DPCC",09-08-2026 14:00:00,28.498571,77.26484,PM10,18,80,49
India,Delhi,Delhi,"Dr. Karni Singh Shooting Range, Delhi - DPCC",09-08-2026 14:00:00,28.498571,77.26484,SO2,4,8,6
India,Karnataka,Bengaluru,"Hebbal, Bengaluru - KSPCB",09-08-2026 14:00:00,13.029152,77.585901,PM2.5,2,24,10
India,Karnataka,Bengaluru,"Hebbal, Bengaluru - KSPCB",09-08-2026 14:00:00,13.029152,77.585901,SO2,5,20,13
India,Karnataka,Bengaluru,"Jayanagar 5th Block, Bengaluru - KSPCB",09-08-2026 14:00:00,12.920984,77.584908,NO2,4,12,8
India,Karnataka,Bengaluru,"Peenya, Bengaluru - CPCB",09-08-2026 14:00:00,13.0270199,77.494094,PM10,48,49,48
India,Karnataka,Bengaluru,"Peenya, Bengaluru - CPCB",09-08-2026 14:00:00,13.0270199,77.494094,SO2,6,15,10
India,Madhya Pradesh,Gwalior,"Maharaj Bada, Gwalior - MPPCB",09-08-2026 14:00:00,26.200388,78.147714,OZONE,25,63,45
India,Madhya Pradesh,Gwalior,"City Center, Gwalior - MPPCB",09-08-2026 14:00:00,26.203442,78.193251,PM2.5,30,66,46
India,Madhya Pradesh,Gwalior,"City Center, Gwalior - MPPCB",09-08-2026 14:00:00,26.203442,78.193251,SO2,9,26,18
India,Madhya Pradesh,Indore,"Airport Area, Indore - IMC",09-08-2026 14:00:00,22.7289,75.8076,NO2,15,334,47
India,Madhya Pradesh,Indore,"Maguda Nagar, Indore - IMC",09-08-2026 14:00:00,22.7524,75.8872,PM10,25,45,35
India,Madhya Pradesh,Indore,"Maguda Nagar, Indore - IMC",09-08-2026 14:00:00,22.7524,75.8872,CO,33,34,34
India,Madhya Pradesh,Indore,"Chhoti Gwaltoli, Indore - MPPCB",09-08-2026 14:00:00,22.431,75.5213,NO2,35,61,44
India,Madhya Pradesh,Indore,"Chhoti Gwaltoli, Indore - MPPCB",09-08-2026 14:00:00,22.431,75.5213,NH3,5,7,6
India,Madhya Pradesh,Indore,"Chhoti Gwaltoli, Indore - MPPCB",09-08-2026 14:00:00,22.431,75.5213,SO2,14,17,15
India,Madhya Pradesh,Indore,"Chhoti Gwaltoli, Indore - MPPCB",09-08-2026 14:00:00,22.431,75.5213,OZONE,14,26,20
India,Madhya Pradesh,Indore,"Residency Area, Indore - IMC",09-08-2026 14:00:00,22.7084,75.8815,CO,1,1,1
India,Madhya Pradesh,Jabalpur,"Marhatal, Jabalpur - MPPCB",09-08-2026 14:00:00,23.168606,79.932247,PM2.5,7,39,21
India,Madhya Pradesh,Jabalpur,"Marhatal, Jabalpur - MPPCB",09-08-2026 14:00:00,23.168606,79.932247,PM10,8,32,19
India,Madhya Pradesh,Jabalpur,"Suhagi, Jabalpur - JMC",09-08-2026 14:00:00,23.218135,79.95777,PM10,34,63,49
India,Madhya Pradesh,Jabalpur,"Suhagi, Jabalpur - JMC",09-08-2026 14:00:00,23.218135,79.95777,NO2,37,50,41
India,Madhya Pradesh,Indore,"Chhoti Gwaltoli, Indore - MPPCB",09-08-2026 14:00:00,22.431,75.5213,NH3,5,7,6
India,Madhya Pradesh,Indore,"Chhoti Gwaltoli, Indore - MPPCB",09-08-2026 14:00:00,22.431,75.5213,SO2,14,17,15
India,Madhya Pradesh,Indore,"Chhoti Gwaltoli, Indore - MPPCB",09-08-2026 14:00:00,22.431,75.5213,OZONE,14,26,20
India,Madhya Pradesh,Indore,"Residency Area, Indore - IMC",09-08-2026 14:00:00,22.7084,75.8815,CO,1,1,1
India,Madhya Pradesh,Jabalpur,"Marhatal, Jabalpur - MPPCB",09-08-2026 14:00:00,23.168606,79.932247,PM2.5,7,39,21
India,Madhya Pradesh,Jabalpur,"Marhatal, Jabalpur - MPPCB",09-08-2026 14:00:00,23.168606,79.932247,PM10,8,32,19
India,Madhya Pradesh,Jabalpur,"Suhagi, Jabalpur - JMC",09-08-2026 14:00:00,23.218135,79.95777,PM10,34,63,49
India,Madhya Pradesh,Jabalpur,"Suhagi, Jabalpur - JMC",09-08-2026 14:00:00,23.218135,79.95777,NO2,37,50,41
India,Madhya Pradesh,Jabalpur,"Suhagi, Jabalpur - JMC",09-08-2026 14:00:00,23.218135,79.95777,CO,24,27,25
India,Madhya Pradesh,Jabalpur,"Govindh Bhavan Colony, Jabalpur - JMC",09-08-2026 14:00:00,23.163174,79.973061,SO2,6,9,8
India,Madhya Pradesh,Pithampur,"Sector-2 Industrial Area, Pithampur - MPPCB",09-08-2026 14:00:00,22.624758,75.675238,OZONE,18,49,30
India,Madhya Pradesh,Ratlam,"Shasthri Nagar, Ratlam - IPCA Lab",09-08-2026 14:00:00,23.331731,75.045981,SO2,6,10,8
India,Madhya Pradesh,Ratlam,"Shasthri Nagar, Ratlam - IPCA Lab",09-08-2026 14:00:00,23.331731,75.045981,CO,NA,NA,NA
India,Madhya Pradesh,Ratlam,"Shasthri Nagar, Ratlam - IPCA Lab",09-08-2026 14:00:00,23.331731,75.045981,OZONE,NA,NA,NA
India,Madhya Pradesh,Satna,"Bandhavgar Colony, Satna - Birla Cement",09-08-2026 14:00:00,24.58434363,80.8549414,NH3,NA,NA,NA
India,Madhya Pradesh,Satna,"Bandhavgar Colony, Satna - Birla Cement",09-08-2026 14:00:00,24.58434363,80.8549414,OZONE,15,60,25
India,Madhya Pradesh,Singrauli,"Suryakiran Bhawan NCL, Singrauli - MPPCB",09-08-2026 14:00:00,24.10897,82.64558,PM2.5,2,98,41
India,Madhya Pradesh,Singrauli,"Suryakiran Bhawan NCL, Singrauli - MPPCB",09-08-2026 14:00:00,24.10897,82.64558,NO2,40,55,48
India,Madhya Pradesh,Singrauli,"Suryakiran Bhawan NCL, Singrauli - MPPCB",09-08-2026 14:00:00,24.10897,82.64558,CO,28,39,33
India,Madhya Pradesh,Ujjain,"Mahashweta Nagar, Ujjain - MPPCB",09-08-2026 14:00:00,23.1633321,75.800225,NO2,6,16,9
India,Karnataka,Mysuru,"Hebbal 1st Stage, Mysuru - KSPCB",09-08-2026 14:00:00,12.21041,76.37376,NH3,3,6,5
India,Karnataka,Ramanagara,"Vijay Nagar, Ramanagara - KSPCB",09-08-2026 14:00:00,12.733409,77.298051,NH3,NA,NA,NA
India,Karnataka,Ramanagara,"Vijay Nagar, Ramanagara - KSPCB",09-08-2026 14:00:00,12.733409,77.298051,SO2,15,21,18
India,Karnataka,Ramanagara,"Vijay Nagar, Ramanagara - KSPCB",09-08-2026 14:00:00,12.733409,77.298051,CO,24,38,32
India,Karnataka,Shivamogga,"Vinoba Nagara, Shivamogga - KSPCB",09-08-2026 14:00:00,13.94,75.555917,NO2,26,27,26
India,Karnataka,Shivamogga,"Vinoba Nagara, Shivamogga - KSPCB",09-08-2026 14:00:00,13.94,75.555917,NH3,2,3,3
India,Karnataka,Shivamogga,"Vinoba Nagara, Shivamogga - KSPCB",09-08-2026 14:00:00,13.94,75.555917,SO2,3,6,3
India,Karnataka,Shivamogga,"Vinoba Nagara, Shivamogga - KSPCB",09-08-2026 14:00:00,13.94,75.555917,OZONE,11,17,14
India,Karnataka,Yadgir,"Collector Office, Yadgir - KSPCB",09-08-2026 14:00:00,16.7602,77.1428,PM2.5,10,27,17
India,Karnataka,Yadgir,"Collector Office, Yadgir - KSPCB",09-08-2026 14:00:00,16.7602,77.1428,NH3,1,1,1
India,Karnataka,Yadgir,"Collector Office, Yadgir - KSPCB",09-08-2026 14:00:00,16.7602,77.1428,CO,25,28,27
India,Kerala,Eloor,"Udyogamandal, Eloor - Kerala PCB",09-08-2026 14:00:00,10.073232,76.302765,NH3,NA,NA,NA
India,Kerala,Eloor,"Udyogamandal, Eloor - Kerala PCB",09-08-2026 14:00:00,10.073232,76.302765,OZONE,11,11,11
India,Kerala,Kannur,"Thavakkara, Kannur - Kerala PCB",09-08-2026 14:00:00,11.875,75.3732,SO2,0,0,0
India,Maharashtra,Amravati,"Shri Shivaji Science College, Amravati - MPCB",09-08-2026 14:00:00,20.939198,77.765701,SO2,6,8,7
India,Maharashtra,Amravati,"Shri Shivaji Science College, Amravati - MPCB",09-08-2026 14:00:00,20.939198,77.765701,CO,19,21,20
India,Maharashtra,Amravati,"Shri Shivaji Science College, Amravati - MPCB",09-08-2026 14:00:00,20.939198,77.765701,OZONE,9,21,15
India,Maharashtra,Amravati,"Shivneri Colony, Amravati - MPCB",09-08-2026 14:00:00,20.9402359,77.7895248,SO2,8,11,9
India,Maharashtra,Aurangabad,"MIDC Chilkalthana, Aurangabad - MPCB",09-08-2026 14:00:00,19.87562,75.38731,PM10,31,40,35
India,Maharashtra,Aurangabad,"Rachnakar Colony, Aurangabad - MPCB",09-08-2026 14:00:00,19.863756,75.321188,SO2,4,6,5
India,Maharashtra,Badlapur,"Katrap, Badlapur - MPCB",09-08-2026 14:00:00,19.16485,73.23409,PM10,7,27,14
India,Maharashtra,Beed,"Bir, Beed - MPCB",09-08-2026 14:00:00,18.988474,75.753873,PM2.5,23,47,31
India,Maharashtra,Belapur,"CBD Belapur, Belapur - MPCB",09-08-2026 14:00:00,19.0243902,73.0406721,PM2.5,2,14,6
India,Maharashtra,Belapur,"CBD Belapur, Belapur - MPCB",09-08-2026 14:00:00,19.0243902,73.0406721,NH3,0,6,3
India,Maharashtra,Bhiwandi,"Gokul Nagar, Bhiwandi - MPCB",09-08-2026 14:00:00,19.309073,73.057223,CO,16,21,18
India,Maharashtra,Boisar,"Khaira, Boisar - MPCB",09-08-2026 14:00:00,19.786089,72.757971,PM10,36,77,54
India,Maharashtra,Boisar,"Khaira, Boisar - MPCB",09-08-2026 14:00:00,19.786089,72.757971,NH3,1,4,2
India,Maharashtra,Boisar,"Khaira, Boisar - MPCB",09-08-2026 14:00:00,19.786089,72.757971,CO,18,39,29
India,Maharashtra,Chandrapur,"Chauhan Colony, Chandrapur - MPCB",09-08-2026 14:00:00,19.9629,79.298714,PM10,31,87,54
India,Maharashtra,Chandrapur,"Chauhan Colony, Chandrapur - MPCB",09-08-2026 14:00:00,19.9629,79.298714,NH3,0,1,0
India,Madhya Pradesh,Maihar,"Sahilara, Maihar - KJS Cements",09-08-2026 14:00:00,24.2613009,80.7231783,SO2,11,11,11
India,Madhya Pradesh,Pithampur,"Sector-2 Industrial Area, Pithampur - MPPCB",09-08-2026 14:00:00,22.624758,75.675238,PM10,108,175,133
India,Madhya Pradesh,Pithampur,"Sector-2 Industrial Area, Pithampur - MPPCB",09-08-2026 14:00:00,22.624758,75.675238,NO2,10,34,18
India,Madhya Pradesh,Pithampur,"Sector-2 Industrial Area, Pithampur - MPPCB",09-08-2026 14:00:00,22.624758,75.675238,CO,13,109,31
India,Madhya Pradesh,Pithampur,"Sector-2 Industrial Area, Pithampur - MPPCB",09-08-2026 14:00:00,22.624758,75.675238,OZONE,18,49,30
India,Madhya Pradesh,Ratlam,"Shasthri Nagar, Ratlam - IPCA Lab",09-08-2026 14:00:00,23.331731,75.045981,SO2,6,10,8
India,Madhya Pradesh,Ratlam,"Shasthri Nagar, Ratlam - IPCA Lab",09-08-2026 14:00:00,23.331731,75.045981,CO,NA,NA,NA
India,Madhya Pradesh,Ratlam,"Shasthri Nagar, Ratlam - IPCA Lab",09-08-2026 14:00:00,23.331731,75.045981,OZONE,NA,NA,NA
India,Madhya Pradesh,Satna,"Bandhavgar Colony, Satna - Birla Cement",09-08-2026 14:00:00,24.58434363,80.8549414,NH3,NA,NA,NA
India,Madhya Pradesh,Satna,"Bandhavgar Colony, Satna - Birla Cement",09-08-2026 14:00:00,24.58434363,80.8549414,OZONE,15,60,25
India,Madhya Pradesh,Singrauli,"Suryakiran Bhawan NCL, Singrauli - MPPCB",09-08-2026 14:00:00,24.10897,82.64558,PM2.5,2,98,41
India,Madhya Pradesh,Singrauli,"Suryakiran Bhawan NCL, Singrauli - MPPCB",09-08-2026 14:00:00,24.10897,82.64558,NO2,40,55,48
India,Madhya Pradesh,Singrauli,"Suryakiran Bhawan NCL, Singrauli - MPPCB",09-08-2026 14:00:00,24.10897,82.64558,CO,28,39,33
India,Madhya Pradesh,Ujjain,"Mahashweta Nagar, Ujjain - MPPCB",09-08-2026 14:00:00,23.1633321,75.800225,NO2,6,16,9
India,Madhya Pradesh,Ujjain,"Mahashweta Nagar, Ujjain - MPPCB",09-08-2026 14:00:00,23.1633321,75.800225,CO,21,24,23
India,Maharashtra,Ambernath,"Chinchpada, Ambernath - MPCB",09-08-2026 14:00:00,19.215784,73.199781,CO,6,10,8
India,Kerala,Thiruvananthapuram,"Kariavattom, Thiruvananthapuram - Kerala PCB",09-08-2026 14:00:00,8.5637,76.8865,OZONE,30,31,30
India,Kerala,Thrissur,"Corporation Ground, Thrissur - Kerala PCB",09-08-2026 14:00:00,10.5324,76.2159,NH3,0,0,0
India,Madhya Pradesh,Bhopal,"Idgah Hills, Bhopal - MPPCB",09-08-2026 14:00:00,23.264759,77.381568,PM10,54,113,94
India,Madhya Pradesh,Bhopal,"Idgah Hills, Bhopal - MPPCB",09-08-2026 14:00:00,23.264759,77.381568,NH3,2,3,2
India,Madhya Pradesh,Bhopal,"Idgah Hills, Bhopal - MPPCB",09-08-2026 14:00:00,23.264759,77.381568,OZONE,12,22,16
India,Madhya Pradesh,Damoh,"Shrivastav Colony, Damoh - MPPCB",09-08-2026 14:00:00,23.81748678,79.446246,CO,19,21,20
India,Madhya Pradesh,Dewas,"Bhopal Chauraha, Dewas - MPPCB",09-08-2026 14:00:00,22.9682591,76.064118,PM2.5,18,173,49
India,Madhya Pradesh,Gwalior,"Deen Dayal Nagar, Gwalior - MPPCB",09-08-2026 14:00:00,26.259242,78.216432,PM2.5,23,100,47
India,Madhya Pradesh,Gwalior,"Deen Dayal Nagar, Gwalior - MPPCB",09-08-2026 14:00:00,26.259242,78.216432,NH3,4,7,6
India,Madhya Pradesh,Gwalior,"Deen Dayal Nagar, Gwalior - MPPCB",09-08-2026 14:00:00,26.259242,78.216432,OZONE,38,77,59
India,Madhya Pradesh,Gwalior,"Maharaj Bada, Gwalior - MPPCB",09-08-2026 14:00:00,26.200388,78.147714,OZONE,25,63,45
India,Madhya Pradesh,Gwalior,"City Center, Gwalior - MPPCB",09-08-2026 14:00:00,26.203442,78.193251,PM2.5,30,66,46
India,Maharashtra,Mumbai,"Sion, Mumbai - MPCB",09-08-2026 14:00:00,19.047,72.8746,NO2,NA,NA,NA
India,Maharashtra,Mumbai,"Deonar, Mumbai - IITM",09-08-2026 14:00:00,19.04946,72.923,NO2,3,13,7
India,Madhya Pradesh,Damoh,"Shrivastav Colony, Damoh - MPPCB",09-08-2026 14:00:00,23.81748678,79.446246,CO,19,21,20
India,Madhya Pradesh,Dewas,"Bhopal Chauraha, Dewas - MPPCB",09-08-2026 14:00:00,22.9682591,76.064118,PM2.5,18,173,49
India,Madhya Pradesh,Gwalior,"Deen Dayal Nagar, Gwalior - MPPCB",09-08-2026 14:00:00,26.259242,78.216432,PM2.5,23,100,47
India,Madhya Pradesh,Gwalior,"Deen Dayal Nagar, Gwalior - MPPCB",09-08-2026 14:00:00,26.259242,78.216432,NH3,4,7,6
India,Madhya Pradesh,Gwalior,"Deen Dayal Nagar, Gwalior - MPPCB",09-08-2026 14:00:00,26.259242,78.216432,OZONE,38,77,59
India,Maharashtra,Kalyan,"Pimpleshwar Mandir, Kalyan - MPCB",09-08-2026 14:00:00,19.192056,72.9585188,SO2,10,14,12
India,Maharashtra,Kalyan,"Pimpleshwar Mandir, Kalyan - MPCB",09-08-2026 14:00:00,19.192056,72.9585188,OZONE,12,15,13
India,Maharashtra,Kalyan,"Khadakpada, Kalyan - MPCB",09-08-2026 14:00:00,19.25292,73.142019,NH3,NA,NA,NA
India,Maharashtra,Kolhapur,"Shivaji University, Kolhapur - MPCB",09-08-2026 14:00:00,16.6870449,74.2505872,SO2,1,2,2
India,Maharashtra,Kolhapur,"Shivaji University, Kolhapur - MPCB",09-08-2026 14:00:00,16.6870449,74.2505872,OZONE,15,17,16
India,Maharashtra,Nashik,"Pandav Nagari, Nashik - MPCB",09-08-2026 14:00:00,19.9591346,73.7788008,PM10,11,43,30
India,Maharashtra,Nashik,"Pandav Nagari, Nashik - MPCB",09-08-2026 14:00:00,19.9591346,73.7788008,SO2,2,5,4
India,Maharashtra,Nashik,"Pandav Nagari, Nashik - MPCB",09-08-2026 14:00:00,19.9591346,73.7788008,OZONE,20,28,24
India,Maharashtra,Mumbai,"Khindipada-Bhandup West, Mumbai - IITM",09-08-2026 14:00:00,19.1653323,72.922099,CO,25,30,27
India,Maharashtra,Mumbai,"Mindspace-Malad West, Mumbai - MPCB",09-08-2026 14:00:00,19.1878657,72.8304069,SO2,6,7,7
India,Maharashtra,Mumbai,"Borivali East, Mumbai - MPCB",09-08-2026 14:00:00,19.2243333,72.8658113,PM10,16,44,33
India,Maharashtra,Mumbai,"Borivali East, Mumbai - MPCB",09-08-2026 14:00:00,19.2243333,72.8658113,OZONE,NA,NA,NA
India,Maharashtra,Mumbai,"Borivali East, Mumbai - IITM",09-08-2026 14:00:00,19.23241,72.86895,NH3,2,4,3
India,Maharashtra,Mumbai,"Worli, Mumbai - MPCB",09-08-2026 14:00:00,18.9936162,72.8128113,NH3,2,2,2
India,Maharashtra,Mumbai,"Chhatrapati Shivaji Intl. Airport (T2), Mumbai - MPCB",09-08-2026 14:00:00,19.10078,72.87462,NO2,25,26,26
India,Maharashtra,Mumbai,"Chhatrapati Shivaji Intl. Airport (T2), Mumbai - MPCB",09-08-2026 14:00:00,19.10078,72.87462,SO2,7,8,8
India,Maharashtra,Mumbai,"Chhatrapati Shivaji Intl. Airport (T2), Mumbai - MPCB",09-08-2026 14:00:00,19.10078,72.87462,CO,NA,NA,NA
India,Maharashtra,Mumbai,"Navy Nagar-Colaba, Mumbai - IITM",09-08-2026 14:00:00,18.897756,72.81332,PM10,49,74,65
India,Maharashtra,Mumbai,"Navy Nagar-Colaba, Mumbai - IITM",09-08-2026 14:00:00,18.897756,72.81332,NO2,18,29,23
India,Maharashtra,Mumbai,"Mulund West, Mumbai - MPCB",09-08-2026 14:00:00,19.175,72.9419,NH3,4,5,5
India,Maharashtra,Mumbai,"Mulund West, Mumbai - MPCB",09-08-2026 14:00:00,19.175,72.9419,SO2,NA,NA,NA
India,Maharashtra,Dhule,"Deopur, Dhule - MPCB",09-08-2026 14:00:00,20.918946,74.776388,PM10,30,164,61
India,Maharashtra,Dhule,"Deopur, Dhule - MPCB",09-08-2026 14:00:00,20.918946,74.776388,NH3,1,2,1
India,Maharashtra,Dhule,"Deopur, Dhule - MPCB",09-08-2026 14:00:00,20.918946,74.776388,CO,1,8,4
India,Maharashtra,Hingoli,"Ashta Vinayak Nagar, Hingoli - MPCB",09-08-2026 14:00:00,19.710842,77.151824,NO2,4,17,9
India,Meghalaya,Shillong,"JN Stadium, Shillong - Meghalaya PCB",09-08-2026 14:00:00,25.5803419,91.8942571,NO2,2,10,5
India,Mizoram,Aizawl,"Sikulpuikawn, Aizawl - Mizoram PCB",09-08-2026 14:00:00,23.7176342,92.7192841,SO2,14,15,14
India,Nagaland,Kohima,"PWD Junction, Kohima - NPCB",09-08-2026 14:00:00,25.6635413,94.0989878,NO2,3,4,3
India,Nagaland,Kohima,"PWD Junction, Kohima - NPCB",09-08-2026 14:00:00,25.6635413,94.0989878,NH3,0,1,1
India,Punjab,Mandi Gobindgarh,"RIMT University, Mandi Gobindgarh - PPCB",09-08-2026 14:00:00,30.649961,76.331442,PM2.5,54,192,117
India,Punjab,Patiala,"Model Town, Patiala - PPCB",09-08-2026 14:00:00,30.349388,76.366642,NO2,15,19,17
India,Punjab,Patiala,"Model Town, Patiala - PPCB",09-08-2026 14:00:00,30.349388,76.366642,CO,21,39,30
India,Punjab,Rupnagar,"Ratanpura, Rupnagar - Ambuja Cements",09-08-2026 14:00:00,31.0325454,76.5623046,SO2,9,14,12
India,Rajasthan,Ajmer,"Civil Lines,  Ajmer - RSPCB",09-08-2026 14:00:00,26.470859,74.646594,PM2.5,NA,NA,NA
India,Rajasthan,Ajmer,"Civil Lines,  Ajmer - RSPCB",09-08-2026 14:00:00,26.470859,74.646594,SO2,NA,NA,NA
India,Maharashtra,Malegaon,"Mahesh Nagar, Malegaon - MPCB",09-08-2026 14:00:00,20.555712,74.529236,CO,11,14,12
India,Maharashtra,Malegaon,"Mahesh Nagar, Malegaon - MPCB",09-08-2026 14:00:00,20.555712,74.529236,OZONE,5,6,5
India,Maharashtra,Mumbai,"Malad West, Mumbai - IITM",09-08-2026 14:00:00,19.19709,72.82204,PM2.5,4,25,13
India,Maharashtra,Mumbai,"Shivaji Nagar, Mumbai - BMC",09-08-2026 14:00:00,19.060498,72.923356,NH3,NA,NA,NA
India,Maharashtra,Mumbai,"Chembur, Mumbai - MPCB",09-08-2026 14:00:00,19.0364585,72.8954371,NO2,6,48,14
India,Maharashtra,Mumbai,"Chembur, Mumbai - MPCB",09-08-2026 14:00:00,19.0364585,72.8954371,OZONE,20,20,20
India,Maharashtra,Mumbai,"Kandivali West, Mumbai - BMC",09-08-2026 14:00:00,19.215859,72.831718,PM10,12,40,24
India,Maharashtra,Mumbai,"Chakala-Andheri East, Mumbai - IITM",09-08-2026 14:00:00,19.11074,72.86084,PM10,28,56,42
India,Maharashtra,Thane,"Upvan Fort, Thane - MPCB",09-08-2026 14:00:00,19.222279,72.957979,PM2.5,5,34,19
India,Maharashtra,Thane,"Upvan Fort, Thane - MPCB",09-08-2026 14:00:00,19.222279,72.957979,NO2,19,20,20
India,Maharashtra,Thane,"Upvan Fort, Thane - MPCB",09-08-2026 14:00:00,19.222279,72.957979,OZONE,12,24,18
India,Maharashtra,Thane,"Kasarvadavali, Thane - MPCB",09-08-2026 14:00:00,19.26777,72.97182,SO2,3,4,4
India,Maharashtra,Ulhasnagar,"Sidhi Vinayak Nagar, Ulhasnagar - MPCB",09-08-2026 14:00:00,19.235581,73.159121,SO2,5,16,8
India,Maharashtra,Ulhasnagar,"Sidhi Vinayak Nagar, Ulhasnagar - MPCB",09-08-2026 14:00:00,19.235581,73.159121,CO,NA,NA,NA
India,Maharashtra,Virar,"Bolinj, Virar - MPCB",09-08-2026 14:00:00,19.445821,72.7988231,PM2.5,NA,NA,NA
India,Maharashtra,Virar,"Bolinj, Virar - MPCB",09-08-2026 14:00:00,19.445821,72.7988231,NH3,4,4,4
India,Maharashtra,Virar,"Bolinj, Virar - MPCB",09-08-2026 14:00:00,19.445821,72.7988231,SO2,3,12,5
India,Maharashtra,Virar,"Bolinj, Virar - MPCB",09-08-2026 14:00:00,19.445821,72.7988231,CO,6,12,9
India,Meghalaya,Byrnihat,"15th Mile-Nongthymmai, Byrnihat -Meghalaya PCB",09-08-2026 14:00:00,26.079047,91.875185,NH3,0,1,0
India,Meghalaya,Byrnihat,"15th Mile-Nongthymmai, Byrnihat -Meghalaya PCB",09-08-2026 14:00:00,26.079047,91.875185,SO2,NA,NA,NA
India,Meghalaya,Shillong,"Lumpyngngad, Shillong - Meghalaya PCB",09-08-2026 14:00:00,25.5586,91.8985,NO2,0,1,0
India,Meghalaya,Shillong,"Lumpyngngad, Shillong - Meghalaya PCB",09-08-2026 14:00:00,25.5586,91.8985,NH3,0,0,0
India,Meghalaya,Shillong,"Lumpyngngad, Shillong - Meghalaya PCB",09-08-2026 14:00:00,25.5586,91.8985,SO2,10,11,10
India,Meghalaya,Shillong,"JN Stadium, Shillong - Meghalaya PCB",09-08-2026 14:00:00,25.5803419,91.8942571,NO2,2,10,5
India,Mizoram,Aizawl,"Sikulpuikawn, Aizawl - Mizoram PCB",09-08-2026 14:00:00,23.7176342,92.7192841,SO2,14,15,14
India,Nagaland,Kohima,"PWD Junction, Kohima - NPCB",09-08-2026 14:00:00,25.6635413,94.0989878,NO2,3,4,3
India,Nagaland,Kohima,"PWD Junction, Kohima - NPCB",09-08-2026 14:00:00,25.6635413,94.0989878,NH3,0,1,1
India,Odisha,Angul,"Hakimapada, Angul - OSPCB",09-08-2026 14:00:00,20.832874,85.104082,PM2.5,2,29,10
India,Odisha,Angul,"Hakimapada, Angul - OSPCB",09-08-2026 14:00:00,20.832874,85.104082,OZONE,43,85,67
India,Odisha,Balasore,"Kalidaspur, Balasore - OSPCB",09-08-2026 14:00:00,21.51161,86.89088,PM10,12,42,26
India,Odisha,Balasore,"Kalidaspur, Balasore - OSPCB",09-08-2026 14:00:00,21.51161,86.89088,NH3,3,4,3
India,Rajasthan,Ajmer,"Civil Lines,  Ajmer - RSPCB",09-08-2026 14:00:00,26.470859,74.646594,SO2,NA,NA,NA
India,Rajasthan,Alwar,"Moti Doongri, Alwar - RSPCB",09-08-2026 14:00:00,27.554793,76.611536,PM2.5,40,145,67
India,Rajasthan,Alwar,"Moti Doongri, Alwar - RSPCB",09-08-2026 14:00:00,27.554793,76.611536,OZONE,20,39,29
India,Rajasthan,Alwar,"Vigyan Nagar, Alwar - RSPCB",09-08-2026 14:00:00,27.598796,76.63861,PM2.5,24,81,54
India,Rajasthan,Banswara,"Rati Talai, Banswara - RSPCB",09-08-2026 14:00:00,23.55519,74.44001,NO2,24,53,28
India,Rajasthan,Banswara,"Rati Talai, Banswara - RSPCB",09-08-2026 14:00:00,23.55519,74.44001,NH3,2,4,3
India,Rajasthan,Banswara,"Rati Talai, Banswara - RSPCB",09-08-2026 14:00:00,23.55519,74.44001,CO,15,25,19
India,Rajasthan,Baran,"Bamboliya, Baran - RSPCB",09-08-2026 14:00:00,25.106006,76.469948,PM2.5,10,33,21
India,Rajasthan,Barmer,"Railway Colony, Barmer - RSPCB",09-08-2026 14:00:00,25.747299,71.393989,OZONE,14,31,23
India,Punjab,Ludhiana,"Punjab Agricultural University, Ludhiana - PPCB",09-08-2026 14:00:00,30.9028,75.8086,PM10,58,109,76
India,Maharashtra,Navi Mumbai,"Sector-2E Kalamboli, Navi Mumbai - MPCB",09-08-2026 14:00:00,19.02579,73.10297,CO,12,16,15
India,Maharashtra,Navi Mumbai,"Nerul, Navi Mumbai - MPCB",09-08-2026 14:00:00,19.008751,73.01662,PM10,13,39,25
India,Maharashtra,Navi Mumbai,"Nerul, Navi Mumbai - MPCB",09-08-2026 14:00:00,19.008751,73.01662,NH3,1,1,1
India,Maharashtra,Navi Mumbai,"Nerul, Navi Mumbai - MPCB",09-08-2026 14:00:00,19.008751,73.01662,OZONE,NA,NA,NA
India,Maharashtra,Navi Mumbai,"Tondare-Taloja, Navi Mumbai - MPCB",09-08-2026 14:00:00,19.063,73.1209,PM2.5,23,59,37
India,Maharashtra,Navi Mumbai,"Tondare-Taloja, Navi Mumbai - MPCB",09-08-2026 14:00:00,19.063,73.1209,NO2,8,12,10
India,Maharashtra,Navi Mumbai,"Tondare-Taloja, Navi Mumbai - MPCB",09-08-2026 14:00:00,19.063,73.1209,NH3,1,6,4
India,Maharashtra,Parbhani,"Masoom Colony, Parbhani - MPCB",09-08-2026 14:00:00,19.265594,76.761463,PM10,13,104,32
India,Maharashtra,Pimpri-Chinchwad,"Transport Nagar-Nigdi, Pune - IITM",09-08-2026 14:00:00,18.664282,73.763966,PM10,44,76,60
India,Rajasthan,Chittorgarh,"Shastri Nagar, Chittorgarh - RSPCB",09-08-2026 14:00:00,24.892047,74.623527,SO2,2,8,5
India,Rajasthan,Chittorgarh,"Shastri Nagar, Chittorgarh - RSPCB",09-08-2026 14:00:00,24.892047,74.623527,OZONE,14,43,28
India,Odisha,Talcher,"Talcher Coalfields,Talcher - OSPCB",09-08-2026 14:00:00,20.9360711,85.1707021,OZONE,16,16,16
India,Odisha,Tensa,"Barsua Iron Ore Mines, Tensa - OSPCB",09-08-2026 14:00:00,21.869985,85.167016,PM2.5,10,10,10
India,Odisha,Tensa,"Barsua Iron Ore Mines, Tensa - OSPCB",09-08-2026 14:00:00,21.869985,85.167016,CO,15,31,24
India,Puducherry,Puducherry,"Jawahar Nagar, Puducherry - PPCC",09-08-2026 14:00:00,11.9309,79.8027,SO2,3,13,7
India,Punjab,Amritsar,"Golden Temple, Amritsar - PPCB",09-08-2026 14:00:00,31.62,74.876512,NO2,13,17,15
India,Punjab,Amritsar,"Golden Temple, Amritsar - PPCB",09-08-2026 14:00:00,31.62,74.876512,SO2,10,12,11
India,Punjab,Bathinda,"Hardev Nagar, Bathinda - PPCB",09-08-2026 14:00:00,30.233011,74.907758,PM2.5,1,37,13
India,Punjab,Bathinda,"Hardev Nagar, Bathinda - PPCB",09-08-2026 14:00:00,30.233011,74.907758,NH3,NA,NA,NA
India,Punjab,Bathinda,"Hardev Nagar, Bathinda - PPCB",09-08-2026 14:00:00,30.233011,74.907758,CO,14,26,23
India,Punjab,Bathinda,"Hardev Nagar, Bathinda - PPCB",09-08-2026 14:00:00,30.233011,74.907758,OZONE,NA,NA,NA
India,Punjab,Jalandhar,"Civil Line, Jalandhar - PPCB",09-08-2026 14:00:00,31.321907,75.578914,CO,40,42,41
India,Punjab,Khanna,"Kalal Majra, Khanna - PPCB",09-08-2026 14:00:00,30.736056,76.209694,PM10,62,71,66
India,Punjab,Ludhiana,"Punjab Agricultural University, Ludhiana - PPCB",09-08-2026 14:00:00,30.9028,75.8086,PM10,58,109,76
India,Punjab,Mandi Gobindgarh,"RIMT University, Mandi Gobindgarh - PPCB",09-08-2026 14:00:00,30.649961,76.331442,PM2.5,54,192,117
India,Punjab,Patiala,"Model Town, Patiala - PPCB",09-08-2026 14:00:00,30.349388,76.366642,NO2,15,19,17
India,Punjab,Patiala,"Model Town, Patiala - PPCB",09-08-2026 14:00:00,30.349388,76.366642,CO,21,39,30
India,Punjab,Rupnagar,"Ratanpura, Rupnagar - Ambuja Cements",09-08-2026 14:00:00,31.0325454,76.5623046,SO2,9,14,12
India,Rajasthan,Ajmer,"Civil Lines,  Ajmer - RSPCB",09-08-2026 14:00:00,26.470859,74.646594,PM2.5,NA,NA,NA
India,Odisha,Cuttack,"CDA Area, Cuttack - OSPCB",09-08-2026 14:00:00,20.48891,85.84768,CO,36,43,40
India,Maharashtra,Pimpri-Chinchwad,"Thergaon, Pimpri Chinchwad - MPCB",09-08-2026 14:00:00,18.616318,73.765797,OZONE,10,15,12
India,Maharashtra,Pimpri-Chinchwad,"Savta Mali Nagar, Pimpri-Chinchwad - IITM",09-08-2026 14:00:00,18.614767,73.799516,CO,26,32,28
India,Maharashtra,Pimpri-Chinchwad,"Savta Mali Nagar, Pimpri-Chinchwad - IITM",09-08-2026 14:00:00,18.614767,73.799516,OZONE,10,16,14
India,Maharashtra,Pune,"Panchawati_Pashan, Pune - IITM",09-08-2026 14:00:00,18.536457,73.805454,OZONE,3,8,6
India,Maharashtra,Pune,"Savitribai Phule Pune University, Pune - MPCB",09-08-2026 14:00:00,18.547056,73.826908,NO2,5,11,7
India,Maharashtra,Pune,"Savitribai Phule Pune University, Pune - MPCB",09-08-2026 14:00:00,18.547056,73.826908,SO2,3,5,4
India,Maharashtra,Pune,"Savitribai Phule Pune University, Pune - MPCB",09-08-2026 14:00:00,18.547056,73.826908,CO,26,28,27
India,Maharashtra,Sangli,"Vijay Nagar, Sangli - MPCB",09-08-2026 14:00:00,16.5038,74.3623,PM10,39,62,52
India,Maharashtra,Sangli,"Vijay Nagar, Sangli - MPCB",09-08-2026 14:00:00,16.5038,74.3623,OZONE,12,27,21
India,Rajasthan,Sikar,"Radhakishan Pura, Sikar - RSPCB",09-08-2026 14:00:00,27.608912,75.153302,PM2.5,13,53,26
India,Rajasthan,Sikar,"Radhakishan Pura, Sikar - RSPCB",09-08-2026 14:00:00,27.608912,75.153302,CO,25,31,28
India,Rajasthan,Sikar,"Radhakishan Pura, Sikar - RSPCB",09-08-2026 14:00:00,27.608912,75.153302,OZONE,17,39,28
India,Rajasthan,Sirohi,"Vedhaynath Colony, Sirohi - RSPCB",09-08-2026 14:00:00,24.885261,72.857549,NO2,5,28,10
India,Rajasthan,Sirohi,"Vedhaynath Colony, Sirohi - RSPCB",09-08-2026 14:00:00,24.885261,72.857549,CO,9,14,11
India,Rajasthan,Sri Ganganagar,"Old City, Sri Ganganagar - RSPCB",09-08-2026 14:00:00,29.931624,73.864511,PM2.5,15,48,26
India,Rajasthan,Sri Ganganagar,"Old City, Sri Ganganagar - RSPCB",09-08-2026 14:00:00,29.931624,73.864511,NO2,71,105,85
India,Rajasthan,Tonk,"Shastri Nagar, Tonk - RSPCB",09-08-2026 14:00:00,26.159933,75.780517,CO,3,41,28
India,Rajasthan,Udaipur,"Ashok Nagar, Udaipur - RSPCB",09-08-2026 14:00:00,24.5886166,73.6321397,PM2.5,20,132,71
India,Maharashtra,Nashik,"Gangapur Road, Nashik - MPCB",09-08-2026 14:00:00,20.0073285,73.7762427,NH3,3,3,3
India,Maharashtra,Nashik,"Hirawadi, Nashik - MPCB",09-08-2026 14:00:00,20.021503,73.813844,PM2.5,10,28,17
India,Maharashtra,Nashik,"Hirawadi, Nashik - MPCB",09-08-2026 14:00:00,20.021503,73.813844,PM10,6,25,13
India,Maharashtra,Nashik,"Hirawadi, Nashik - MPCB",09-08-2026 14:00:00,20.021503,73.813844,NH3,3,4,4
India,Maharashtra,Navi Mumbai,"Sanpada, Navi Mumbai - MPCB",09-08-2026 14:00:00,19.0575752,73.0151367,PM10,35,57,44
India,Maharashtra,Navi Mumbai,"Sector-2E Kalamboli, Navi Mumbai - MPCB",09-08-2026 14:00:00,19.02579,73.10297,CO,12,16,15
India,Maharashtra,Navi Mumbai,"Nerul, Navi Mumbai - MPCB",09-08-2026 14:00:00,19.008751,73.01662,PM10,13,39,25
India,Maharashtra,Navi Mumbai,"Nerul, Navi Mumbai - MPCB",09-08-2026 14:00:00,19.008751,73.01662,NH3,1,1,1
India,Maharashtra,Navi Mumbai,"Nerul, Navi Mumbai - MPCB",09-08-2026 14:00:00,19.008751,73.01662,OZONE,NA,NA,NA
India,Maharashtra,Navi Mumbai,"Tondare-Taloja, Navi Mumbai - MPCB",09-08-2026 14:00:00,19.063,73.1209,PM2.5,23,59,37
India,Maharashtra,Navi Mumbai,"Tondare-Taloja, Navi Mumbai - MPCB",09-08-2026 14:00:00,19.063,73.1209,NO2,8,12,10
India,Maharashtra,Mumbai,"Khindipada-Bhandup West, Mumbai - IITM",09-08-2026 14:00:00,19.1653323,72.922099,CO,25,30,27
India,Maharashtra,Mumbai,"Mindspace-Malad West, Mumbai - MPCB",09-08-2026 14:00:00,19.1878657,72.8304069,SO2,6,7,7
India,Maharashtra,Mumbai,"Borivali East, Mumbai - MPCB",09-08-2026 14:00:00,19.2243333,72.8658113,PM10,16,44,33
India,Rajasthan,Pali,"Indira Colony Vistar, Pali - RSPCB",09-08-2026 14:00:00,25.771061,73.340227,CO,22,70,49
India,Rajasthan,Pratapgarh,"Pragati Nagar, Pratapgarh - RSPCB",09-08-2026 14:00:00,24.041198,74.780702,PM2.5,20,67,46
India,Rajasthan,Pratapgarh,"Pragati Nagar, Pratapgarh - RSPCB",09-08-2026 14:00:00,24.041198,74.780702,PM10,51,115,93
India,Rajasthan,Pratapgarh,"Pragati Nagar, Pratapgarh - RSPCB",09-08-2026 14:00:00,24.041198,74.780702,SO2,1,4,2
India,Rajasthan,Rajsamand,"Dhoinda, Rajsamand - RSPCB",09-08-2026 14:00:00,25.03636,73.883502,CO,5,12,9
India,Rajasthan,Sawai Madhopur,"Sahu Nagar, Sawai Madhopur - RSPCB",09-08-2026 14:00:00,26.031443,76.359327,PM10,36,90,58
India,Rajasthan,Sikar,"Radhakishan Pura, Sikar - RSPCB",09-08-2026 14:00:00,27.608912,75.153302,PM2.5,13,53,26
India,Rajasthan,Jalore,"Mudtra Sili, Jalore - RSPCB",09-08-2026 14:00:00,25.344694,72.626208,SO2,2,4,3
India,Rajasthan,Jalore,"Mudtra Sili, Jalore - RSPCB",09-08-2026 14:00:00,25.344694,72.626208,OZONE,19,37,28
India,Rajasthan,Jhunjhunu,"Indra Nagar, Jhunjhunu - RSPCB",09-08-2026 14:00:00,28.108988,75.386577,PM2.5,8,37,21
India,Rajasthan,Jhunjhunu,"Indra Nagar, Jhunjhunu - RSPCB",09-08-2026 14:00:00,28.108988,75.386577,CO,13,37,27
India,Rajasthan,Jodhpur,"Mandor, Jodhpur - RSPCB",09-08-2026 14:00:00,26.358805,73.047444,NO2,4,10,5
India,Rajasthan,Jodhpur,"Digari Kalan, Jodhpur - RSPCB",09-08-2026 14:00:00,26.29581,73.082283,NH3,5,8,6
India,Rajasthan,Jodhpur,"Samrat Ashok Udhyan, Jodhpur - RSPCB",09-08-2026 14:00:00,26.253384,72.976571,NH3,2,2,2
India,Rajasthan,Jodhpur,"Samrat Ashok Udhyan, Jodhpur - RSPCB",09-08-2026 14:00:00,26.253384,72.976571,CO,11,13,12
India,Rajasthan,Jodhpur,"Collectorate, Jodhpur - RSPCB",09-08-2026 14:00:00,26.268249,73.0193853,NH3,2,8,5
India,Rajasthan,Jodhpur,"Collectorate, Jodhpur - RSPCB",09-08-2026 14:00:00,26.268249,73.0193853,SO2,2,14,7
India,Sikkim,Gangtok,"Zero Point GICI, Gangtok - SSPCB",09-08-2026 14:00:00,27.33853,88.614099,CO,1,2,2
India,Sikkim,Gangtok,"Zero Point GICI, Gangtok - SSPCB",09-08-2026 14:00:00,27.33853,88.614099,OZONE,1,2,2
India,Tamil Nadu,Chennai,"Royapuram, Chennai - TNPCB",09-08-2026 14:00:00,13.1036,80.2909,NH3,4,5,4
India,Tamil Nadu,Chennai,"Royapuram, Chennai - TNPCB",09-08-2026 14:00:00,13.1036,80.2909,OZONE,16,21,18
India,Rajasthan,Jodhpur,"Mandor, Jodhpur - RSPCB",09-08-2026 14:00:00,26.358805,73.047444,NO2,4,10,5
India,Rajasthan,Jodhpur,"Digari Kalan, Jodhpur - RSPCB",09-08-2026 14:00:00,26.29581,73.082283,NH3,5,8,6
India,Rajasthan,Jodhpur,"Samrat Ashok Udhyan, Jodhpur - RSPCB",09-08-2026 14:00:00,26.253384,72.976571,NH3,2,2,2
India,Rajasthan,Jodhpur,"Samrat Ashok Udhyan, Jodhpur - RSPCB",09-08-2026 14:00:00,26.253384,72.976571,CO,11,13,12
India,Rajasthan,Jodhpur,"Collectorate, Jodhpur - RSPCB",09-08-2026 14:00:00,26.268249,73.0193853,NH3,2,8,5
India,Rajasthan,Jodhpur,"Collectorate, Jodhpur - RSPCB",09-08-2026 14:00:00,26.268249,73.0193853,SO2,2,14,7
India,Rajasthan,Dausa,"Khatikan Mohalla, Dausa - RSPCB",09-08-2026 14:00:00,26.895552,76.334753,PM2.5,8,89,39
India,Rajasthan,Dausa,"Khatikan Mohalla, Dausa - RSPCB",09-08-2026 14:00:00,26.895552,76.334753,CO,40,87,48
India,Rajasthan,Dholpur,"Raja Ganj, Dholpur - RSPCB",09-08-2026 14:00:00,26.699557,77.898881,PM10,13,21,18
India,Rajasthan,Dungarpur,"Bhoiwada, Dungarpur - RSPCB",09-08-2026 14:00:00,23.837789,73.714926,NO2,11,16,13
India,Rajasthan,Hanumangarh,"Housing Board, Hanumangarh - RSPCB",09-08-2026 14:00:00,29.61075,74.283608,NO2,3,9,6
India,Rajasthan,Jaipur,"RIICO Sitapura, Jaipur - RSPCB",09-08-2026 14:00:00,26.786682,75.827928,NH3,3,3,3
India,Rajasthan,Jaipur,"Sector-2 Murlipura, Jaipur - RSPCB",09-08-2026 14:00:00,26.960669,75.771817,SO2,3,12,4
India,Rajasthan,Jaipur,"Shastri Nagar, Jaipur - RSPCB",09-08-2026 14:00:00,26.9502929,75.730943,PM2.5,44,95,63
India,Rajasthan,Jaipur,"Shastri Nagar, Jaipur - RSPCB",09-08-2026 14:00:00,26.9502929,75.730943,PM10,43,75,58
India,Rajasthan,Jaipur,"Shastri Nagar, Jaipur - RSPCB",09-08-2026 14:00:00,26.9502929,75.730943,NH3,6,12,9
India,Rajasthan,Kota,"Nayapura, Kota - RSPCB",09-08-2026 14:00:00,25.196024,75.855668,NO2,8,19,13
India,Rajasthan,Kota,"Nayapura, Kota - RSPCB",09-08-2026 14:00:00,25.196024,75.855668,OZONE,16,19,18
India,Rajasthan,Bhiwadi,"RIICO Ind. Area III, Bhiwadi - RSPCB",09-08-2026 14:00:00,28.194909,76.862296,PM10,33,151,92
India,Rajasthan,Bhiwadi,"RIICO Ind. Area III, Bhiwadi - RSPCB",09-08-2026 14:00:00,28.194909,76.862296,NH3,4,17,9
India,Rajasthan,Bhiwadi,"RIICO Ind. Area III, Bhiwadi - RSPCB",09-08-2026 14:00:00,28.194909,76.862296,OZONE,8,47,23
India,Rajasthan,Bhiwadi,"Vasundhara Nagar_UIT, Bhiwadi - RSPCB",09-08-2026 14:00:00,28.207266,76.829265,NO2,11,40,22
India,Rajasthan,Bikaner,"MM Ground, Bikaner - RSPCB",09-08-2026 14:00:00,28.018792,73.292658,PM2.5,12,77,31
India,Rajasthan,Bikaner,"MM Ground, Bikaner - RSPCB",09-08-2026 14:00:00,28.018792,73.292658,PM10,20,123,71
India,Rajasthan,Bundi,"New Colony, Bundi - RSPCB",09-08-2026 14:00:00,25.435774,75.644272,PM10,24,86,61
India,Rajasthan,Bundi,"New Colony, Bundi - RSPCB",09-08-2026 14:00:00,25.435774,75.644272,NO2,33,54,42
India,Maharashtra,Pune,"Savitribai Phule Pune University, Pune - MPCB",09-08-2026 14:00:00,18.547056,73.826908,CO,26,28,27
India,Maharashtra,Sangli,"Vijay Nagar, Sangli - MPCB",09-08-2026 14:00:00,16.5038,74.3623,PM10,39,62,52
India,Maharashtra,Sangli,"Vijay Nagar, Sangli - MPCB",09-08-2026 14:00:00,16.5038,74.3623,OZONE,12,27,21
India,Maharashtra,Satara,"Koyana Nagar, Satara - MPCB",09-08-2026 14:00:00,17.696651,74.003387,SO2,4,6,5
India,Maharashtra,Solapur,"Ratandeep Housing Society, Solapur - MPCB",09-08-2026 14:00:00,17.65439,75.90649,NO2,8,19,14
India,Maharashtra,Solapur,"Dnyaneshwar Nagar, Solapur - MPCB",09-08-2026 14:00:00,17.6336264,75.9132495,NO2,NA,NA,NA
India,Odisha,Balasore,"Kalidaspur, Balasore - OSPCB",09-08-2026 14:00:00,21.51161,86.89088,SO2,3,4,3
India,Odisha,Barbil,"Forest Office, Barbil - OSPCB",09-08-2026 14:00:00,22.1166054,85.3945546,PM10,24,65,36
India,Odisha,Bhubaneswar,"Lingraj Mandir, Bhubaneswar - OSPCB",09-08-2026 14:00:00,20.24079,85.836784,PM2.5,17,55,34
India,Odisha,Bhubaneswar,"Lingraj Mandir, Bhubaneswar - OSPCB",09-08-2026 14:00:00,20.24079,85.836784,PM10,21,48,33
India,Odisha,Bhubaneswar,"Patia, Bhubaneswar - OSPCB",09-08-2026 14:00:00,20.34652,85.8163,NH3,2,13,4
India,Odisha,Bhubaneswar,"Patia, Bhubaneswar - OSPCB",09-08-2026 14:00:00,20.34652,85.8163,CO,19,30,26
India,Odisha,Brajrajnagar,"GM Office, Brajrajnagar - OSPCB",09-08-2026 14:00:00,21.8004996,83.8396977,SO2,16,18,17
India,Odisha,Byasanagar,"Ferro Chrome Colony, Byasanagar - OSPCB",09-08-2026 14:00:00,20.94185,86.1151,SO2,4,19,9
India,Odisha,Cuttack,"CDA Area, Cuttack - OSPCB",09-08-2026 14:00:00,20.48891,85.84768,PM2.5,13,38,25
India,Odisha,Cuttack,"CDA Area, Cuttack - OSPCB",09-08-2026 14:00:00,20.48891,85.84768,NH3,2,3,3
India,Odisha,Cuttack,"CDA Area, Cuttack - OSPCB",09-08-2026 14:00:00,20.48891,85.84768,CO,36,43,40
India,Odisha,Talcher,"Talcher Coalfields,Talcher - OSPCB",09-08-2026 14:00:00,20.9360711,85.1707021,PM2.5,NA,NA,NA
India,Tamil Nadu,Thoothukudi,"Meelavittan, Thoothukudi - TNPCB",09-08-2026 14:00:00,8.816428,78.099039,PM2.5,NA,NA,NA
India,Tamil Nadu,Thoothukudi,"Meelavittan, Thoothukudi - TNPCB",09-08-2026 14:00:00,8.816428,78.099039,NO2,12,21,15
India,Uttar Pradesh,Ghaziabad,"Sanjay Nagar, Ghaziabad - UPPCB",09-08-2026 14:00:00,28.685382,77.453839,SO2,4,7,5
India,Uttar Pradesh,Ghaziabad,"Sanjay Nagar, Ghaziabad - UPPCB",09-08-2026 14:00:00,28.685382,77.453839,OZONE,20,25,23
India,Uttar Pradesh,Ghaziabad,"Vasundhara, Ghaziabad - UPPCB",09-08-2026 14:00:00,28.6603346,77.3572563,PM2.5,42,183,81
India,Uttar Pradesh,Ghaziabad,"Loni, Ghaziabad - UPPCB",09-08-2026 14:00:00,28.757294,77.278792,NO2,14,50,28
India,Telangana,Hyderabad,"Kokapet, Hyderabad - TSPCB",09-08-2026 14:00:00,17.393559,78.339194,NO2,11,15,12
India,Telangana,Hyderabad,"ECIL Kapra, Hyderabad - TSPCB",09-08-2026 14:00:00,17.470431,78.566959,SO2,1,22,15
India,Telangana,Hyderabad,"ECIL Kapra, Hyderabad - TSPCB",09-08-2026 14:00:00,17.470431,78.566959,CO,14,16,15
India,Telangana,Hyderabad,"Somajiguda, Hyderabad - TSPCB",09-08-2026 14:00:00,17.417094,78.457437,NO2,9,11,10
India,Telangana,Hyderabad,"Kompally Municipal Office, Hyderabad - TSPCB",09-08-2026 14:00:00,17.544899,78.486949,PM10,51,79,57
India,Telangana,Hyderabad,"Ramachandrapuram, Hyderabad - TSPCB",09-08-2026 14:00:00,17.528544,78.286195,NH3,4,5,5
India,Telangana,Hyderabad,"Ramachandrapuram, Hyderabad - TSPCB",09-08-2026 14:00:00,17.528544,78.286195,SO2,2,36,18
India,Telangana,Hyderabad,"ICRISAT Patancheru, Hyderabad - TSPCB",09-08-2026 14:00:00,17.5184,78.278777,PM2.5,9,41,22
India,Telangana,Hyderabad,"ICRISAT Patancheru, Hyderabad - TSPCB",09-08-2026 14:00:00,17.5184,78.278777,SO2,6,14,10
India,Telangana,Hyderabad,"Zoo Park, Hyderabad - TSPCB",09-08-2026 14:00:00,17.349694,78.451437,PM2.5,13,175,51
India,Telangana,Hyderabad,"Zoo Park, Hyderabad - TSPCB",09-08-2026 14:00:00,17.349694,78.451437,NO2,7,8,8
India,Telangana,Hyderabad,"Zoo Park, Hyderabad - TSPCB",09-08-2026 14:00:00,17.349694,78.451437,SO2,2,2,2
India,Telangana,Hyderabad,"Central University, Hyderabad - TSPCB",09-08-2026 14:00:00,17.460103,78.334361,PM2.5,12,32,21
India,Telangana,Hyderabad,"Central University, Hyderabad - TSPCB",09-08-2026 14:00:00,17.460103,78.334361,NO2,3,24,10
India,Telangana,Hyderabad,"IDA Pashamylaram, Hyderabad - TSPCB",09-08-2026 14:00:00,17.5316895,78.218939,PM2.5,NA,NA,NA
India,Telangana,Hyderabad,"IDA Pashamylaram, Hyderabad - TSPCB",09-08-2026 14:00:00,17.5316895,78.218939,PM10,NA,NA,NA
India,Telangana,Hyderabad,"IDA Pashamylaram, Hyderabad - TSPCB",09-08-2026 14:00:00,17.5316895,78.218939,CO,1,11,7
India,Tamil Nadu,Chennai,"Velachery Res. Area, Chennai - CPCB",09-08-2026 14:00:00,13.0052189,80.2398125,CO,NA,NA,NA
India,Tamil Nadu,Chennai,"Manali, Chennai - CPCB",09-08-2026 14:00:00,13.164544,80.26285,PM10,NA,NA,NA
India,Tamil Nadu,Chennai,"Manali, Chennai - CPCB",09-08-2026 14:00:00,13.164544,80.26285,NH3,6,7,7
India,Tamil Nadu,Chennai,"Manali Village, Chennai - TNPCB",09-08-2026 14:00:00,13.1662,80.2584,NO2,16,22,19
India,Tamil Nadu,Chennai,"Kodungaiyur, Chennai - TNPCB",09-08-2026 14:00:00,13.1278,80.2642,PM10,21,72,44
India,Tamil Nadu,Chennai,"Perungudi, Chennai - TNPCB",09-08-2026 14:00:00,12.9533,80.2357,NH3,0,1,0
India,Tamil Nadu,Chennai,"Perungudi, Chennai - TNPCB",09-08-2026 14:00:00,12.9533,80.2357,OZONE,1,3,1
India,Tamil Nadu,Coimbatore,"SIDCO Kurichi, Coimbatore - TNPCB",09-08-2026 14:00:00,10.942451,76.978996,NO2,22,23,22
India,Tamil Nadu,Cuddalore,"Semmandalam, Cuddalore - TNPCB",09-08-2026 14:00:00,11.7637683,79.7499835,SO2,NA,NA,NA
India,Uttar Pradesh,Meerut,"Pallavpuram Phase 2, Meerut - UPPCB",09-08-2026 14:00:00,29.06351,77.709723,PM10,45,129,74
India,Uttar Pradesh,Meerut,"Pallavpuram Phase 2, Meerut - UPPCB",09-08-2026 14:00:00,29.06351,77.709723,NH3,6,7,6
India,Uttar Pradesh,Moradabad,"Kashiram Nagar, Moradabad - UPPCB",09-08-2026 14:00:00,28.849399,78.742362,PM10,NA,NA,NA
India,Uttar Pradesh,Moradabad,"Kashiram Nagar, Moradabad - UPPCB",09-08-2026 14:00:00,28.849399,78.742362,NH3,4,4,4
India,Uttar Pradesh,Moradabad,"Buddhi Vihar, Moradabad - UPPCB",09-08-2026 14:00:00,28.83526,78.7446,NO2,28,29,29
India,Uttar Pradesh,Raebareli,"Anand Nagar, Raebareli - UPPCB",09-08-2026 14:00:00,26.219512,81.237648,NH3,NA,NA,NA
India,Uttar Pradesh,Raebareli,"Anand Nagar, Raebareli - UPPCB",09-08-2026 14:00:00,26.219512,81.237648,SO2,13,14,14
India,Uttar Pradesh,Raebareli,"Anand Nagar, Raebareli - UPPCB",09-08-2026 14:00:00,26.219512,81.237648,CO,49,83,66
India,Uttar Pradesh,Shamli,"New Tehsil, Shamli - UPPCB",09-08-2026 14:00:00,29.4603683,77.3410291,PM2.5,9,55,31
India,Uttar Pradesh,Varanasi,"Ardhali Bazar, Varanasi - UPPCB",09-08-2026 14:00:00,25.3505986,82.9083074,PM2.5,26,60,41
India,Rajasthan,Jaipur,"Shastri Nagar, Jaipur - RSPCB",09-08-2026 14:00:00,26.9502929,75.730943,SO2,1,43,27
India,Rajasthan,Jaipur,"Shastri Nagar, Jaipur - RSPCB",09-08-2026 14:00:00,26.9502929,75.730943,CO,32,49,40
India,Rajasthan,Jaipur,"Mansarovar Sector-12, Jaipur - RSPCB",09-08-2026 14:00:00,26.843698,75.766894,PM10,14,55,38
India,Rajasthan,Jaipur,"Mansarovar Sector-12, Jaipur - RSPCB",09-08-2026 14:00:00,26.843698,75.766894,CO,9,17,13
India,Rajasthan,Jalore,"Mudtra Sili, Jalore - RSPCB",09-08-2026 14:00:00,25.344694,72.626208,NO2,3,10,7
India,Rajasthan,Jalore,"Mudtra Sili, Jalore - RSPCB",09-08-2026 14:00:00,25.344694,72.626208,SO2,2,4,3
India,Rajasthan,Jalore,"Mudtra Sili, Jalore - RSPCB",09-08-2026 14:00:00,25.344694,72.626208,OZONE,19,37,28
India,Rajasthan,Jhunjhunu,"Indra Nagar, Jhunjhunu - RSPCB",09-08-2026 14:00:00,28.108988,75.386577,PM2.5,8,37,21
India,Rajasthan,Jhunjhunu,"Indra Nagar, Jhunjhunu - RSPCB",09-08-2026 14:00:00,28.108988,75.386577,CO,13,37,27
India,Telangana,Hyderabad,"IITH Kandi, Hyderabad - TSPCB",09-08-2026 14:00:00,17.585705,78.126199,NO2,14,17,15
India,West Bengal,Asansol,"Evelyn Lodge, Asansol - WBPCB",09-08-2026 14:00:00,23.697936,86.944395,OZONE,4,13,9
India,Sikkim,Gangtok,"Zero Point GICI, Gangtok - SSPCB",09-08-2026 14:00:00,27.33853,88.614099,PM2.5,NA,NA,NA
India,Sikkim,Gangtok,"Zero Point GICI, Gangtok - SSPCB",09-08-2026 14:00:00,27.33853,88.614099,SO2,NA,NA,NA
India,Sikkim,Gangtok,"Zero Point GICI, Gangtok - SSPCB",09-08-2026 14:00:00,27.33853,88.614099,CO,1,2,2
India,Sikkim,Gangtok,"Zero Point GICI, Gangtok - SSPCB",09-08-2026 14:00:00,27.33853,88.614099,OZONE,1,2,2
India,Tamil Nadu,Chennai,"Royapuram, Chennai - TNPCB",09-08-2026 14:00:00,13.1036,80.2909,NH3,4,5,4
India,Tamil Nadu,Chennai,"Royapuram, Chennai - TNPCB",09-08-2026 14:00:00,13.1036,80.2909,OZONE,16,21,18
India,Tamil Nadu,Chennai,"Velachery Res. Area, Chennai - CPCB",09-08-2026 14:00:00,13.0052189,80.2398125,CO,NA,NA,NA
India,Tamil Nadu,Chennai,"Manali, Chennai - CPCB",09-08-2026 14:00:00,13.164544,80.26285,PM10,NA,NA,NA
India,Tamil Nadu,Chennai,"Manali, Chennai - CPCB",09-08-2026 14:00:00,13.164544,80.26285,NH3,6,7,7
India,Tamil Nadu,Chennai,"Manali Village, Chennai - TNPCB",09-08-2026 14:00:00,13.1662,80.2584,NO2,16,22,19
India,Tamil Nadu,Chennai,"Kodungaiyur, Chennai - TNPCB",09-08-2026 14:00:00,13.1278,80.2642,PM10,21,72,44
India,Tamil Nadu,Chennai,"Perungudi, Chennai - TNPCB",09-08-2026 14:00:00,12.9533,80.2357,NH3,0,1,0
India,Tamil Nadu,Chennai,"Perungudi, Chennai - TNPCB",09-08-2026 14:00:00,12.9533,80.2357,OZONE,1,3,1
India,Tamil Nadu,Coimbatore,"SIDCO Kurichi, Coimbatore - TNPCB",09-08-2026 14:00:00,10.942451,76.978996,NO2,22,23,22
India,Tamil Nadu,Cuddalore,"Semmandalam, Cuddalore - TNPCB",09-08-2026 14:00:00,11.7637683,79.7499835,SO2,NA,NA,NA
India,Tamil Nadu,Gummidipoondi,"Anthoni Pillai Nagar, Gummidipoondi - TNPCB",09-08-2026 14:00:00,13.4127,80.1081,PM10,56,149,99
India,Uttar Pradesh,Bareilly,"Rajendra Nagar, Bareilly - UPPCB",09-08-2026 14:00:00,28.38910936,79.42963708,CO,24,26,25
India,Uttar Pradesh,Bulandshahr,"Yamunapuram, Bulandshahr - UPPCB",09-08-2026 14:00:00,28.406963,77.849831,CO,25,33,29
India,Uttar Pradesh,Fatehpur Sikri,"Dadupura, Fatehpur Sikri - UPPCB",09-08-2026 14:00:00,27.097694,77.671335,SO2,10,11,11
India,Uttar Pradesh,Firozabad,"Vibhab Nagar, Firozabad - UPPCB",09-08-2026 14:00:00,27.1594,78.3953,CO,23,36,31
India,Uttar Pradesh,Firozabad,"Nagla Bhau, Firozabad - UPPCB",09-08-2026 14:00:00,27.168897,78.37696,PM2.5,17,32,25
India,Uttar Pradesh,Gajraula,"Rajanpur, Gajraula - UPPCB",09-08-2026 14:00:00,28.829109,78.248796,NO2,2,10,4
India,Uttar Pradesh,Ghaziabad,"Ved Vihar-Loni, Ghaziabad - UPPCB",09-08-2026 14:00:00,28.739153,77.273668,OZONE,10,22,16
India,Uttar Pradesh,Ghaziabad,"Indirapuram, Ghaziabad - UPPCB",09-08-2026 14:00:00,28.646233,77.358075,NO2,NA,NA,NA
India,Uttar Pradesh,Ghaziabad,"Indirapuram, Ghaziabad - UPPCB",09-08-2026 14:00:00,28.646233,77.358075,NH3,NA,NA,NA
India,Uttar Pradesh,Ghaziabad,"Indirapuram, Ghaziabad - UPPCB",09-08-2026 14:00:00,28.646233,77.358075,OZONE,22,27,23
India,Uttar Pradesh,Ghaziabad,"Sanjay Nagar, Ghaziabad - UPPCB",09-08-2026 14:00:00,28.685382,77.453839,SO2,4,7,5
India,Uttar Pradesh,Ghaziabad,"Sanjay Nagar, Ghaziabad - UPPCB",09-08-2026 14:00:00,28.685382,77.453839,OZONE,20,25,23
India,Uttar Pradesh,Ghaziabad,"Vasundhara, Ghaziabad - UPPCB",09-08-2026 14:00:00,28.6603346,77.3572563,PM2.5,42,183,81
India,Uttar Pradesh,Lucknow,"Talkatora District Industries Center, Lucknow - CPCB",09-08-2026 14:00:00,26.83399722,80.8917361,PM2.5,39,80,57
India,Uttar Pradesh,Lucknow,"Talkatora District Industries Center, Lucknow - CPCB",09-08-2026 14:00:00,26.83399722,80.8917361,PM10,33,77,49
India,Uttar Pradesh,Lucknow,"Talkatora District Industries Center, Lucknow - CPCB",09-08-2026 14:00:00,26.83399722,80.8917361,NO2,17,21,19
India,Uttar Pradesh,Mathura,"Pali Dungra, Mathura - UPPCB",09-08-2026 14:00:00,27.410954,77.550619,NO2,5,7,6
India,Uttar Pradesh,Meerut,"MIET College, Meerut - UPPCB",09-08-2026 14:00:00,28.972677,77.641018,PM10,63,128,90
India,Uttar Pradesh,Meerut,"MIET College, Meerut - UPPCB",09-08-2026 14:00:00,28.972677,77.641018,NH3,3,5,4
India,Uttar Pradesh,Meerut,"Pallavpuram Phase 2, Meerut - UPPCB",09-08-2026 14:00:00,29.06351,77.709723,PM2.5,45,94,68
India,Uttar Pradesh,Meerut,"Pallavpuram Phase 2, Meerut - UPPCB",09-08-2026 14:00:00,29.06351,77.709723,PM10,45,129,74
India,Uttar Pradesh,Meerut,"Pallavpuram Phase 2, Meerut - UPPCB",09-08-2026 14:00:00,29.06351,77.709723,NH3,6,7,6
India,Uttar Pradesh,Moradabad,"Kashiram Nagar, Moradabad - UPPCB",09-08-2026 14:00:00,28.849399,78.742362,PM10,NA,NA,NA
India,Uttar Pradesh,Agra,"Rohta, Agra - UPPCB",09-08-2026 14:00:00,27.106972,78.000111,PM10,34,310,79
India,Uttar Pradesh,Baghpat,"Sardar Patel Inter College, Baghpat - UPPCB",09-08-2026 14:00:00,28.964949,77.278761,NH3,1,2,2
India,Uttar Pradesh,Baghpat,"Sardar Patel Inter College, Baghpat - UPPCB",09-08-2026 14:00:00,28.964949,77.278761,OZONE,15,48,36
India,Uttar Pradesh,Bareilly,"Rajendra Nagar, Bareilly - UPPCB",09-08-2026 14:00:00,28.38910936,79.42963708,NO2,8,10,9
India,Uttar Pradesh,Hapur,"Anand Vihar, Hapur - UPPCB",09-08-2026 14:00:00,28.725645,77.749675,SO2,3,20,11
India,Uttar Pradesh,Hapur,"Anand Vihar, Hapur - UPPCB",09-08-2026 14:00:00,28.725645,77.749675,OZONE,25,26,26
India,Uttar Pradesh,Jhansi,"Shivaji Nagar, Jhansi - UPPCB",09-08-2026 14:00:00,25.4547,78.6039,SO2,22,29,24
India,Uttar Pradesh,Kanpur,"FTI Kidwai Nagar, Kanpur - UPPCB",09-08-2026 14:00:00,26.428282,80.327067,PM10,49,198,80
India,Uttar Pradesh,Kanpur,"FTI Kidwai Nagar, Kanpur - UPPCB",09-08-2026 14:00:00,26.428282,80.327067,NH3,3,3,3
India,Uttar Pradesh,Kanpur,"Nehru Nagar, Kanpur - UPPCB",09-08-2026 14:00:00,26.4703136,80.3229863,NO2,44,48,46
India,Uttar Pradesh,Prayagraj,"Jhunsi, Prayagraj - UPPCB",09-08-2026 14:00:00,25.425602,81.917152,NH3,5,6,6
India,Uttar Pradesh,Prayagraj,"Jhunsi, Prayagraj - UPPCB",09-08-2026 14:00:00,25.425602,81.917152,OZONE,37,42,40
India,Uttar Pradesh,Prayagraj,"Motilal Nehru NIT, Prayagraj - UPPCB",09-08-2026 14:00:00,25.494,81.863,PM10,4,122,34
India,Uttar Pradesh,Prayagraj,"Motilal Nehru NIT, Prayagraj - UPPCB",09-08-2026 14:00:00,25.494,81.863,NO2,12,12,12
India,Uttar Pradesh,Prayagraj,"Motilal Nehru NIT, Prayagraj - UPPCB",09-08-2026 14:00:00,25.494,81.863,SO2,28,31,29
India,Uttar Pradesh,Raebareli,"Anand Nagar, Raebareli - UPPCB",09-08-2026 14:00:00,26.219512,81.237648,NH3,NA,NA,NA
India,Uttar Pradesh,Raebareli,"Anand Nagar, Raebareli - UPPCB",09-08-2026 14:00:00,26.219512,81.237648,SO2,13,14,14
India,Uttar Pradesh,Raebareli,"Anand Nagar, Raebareli - UPPCB",09-08-2026 14:00:00,26.219512,81.237648,CO,49,83,66
India,Uttar Pradesh,Shamli,"New Tehsil, Shamli - UPPCB",09-08-2026 14:00:00,29.4603683,77.3410291,PM2.5,9,55,31
India,Uttar Pradesh,Varanasi,"Ardhali Bazar, Varanasi - UPPCB",09-08-2026 14:00:00,25.3505986,82.9083074,PM2.5,26,60,41
India,Uttar Pradesh,Varanasi,"Ardhali Bazar, Varanasi - UPPCB",09-08-2026 14:00:00,25.3505986,82.9083074,SO2,13,18,16
India,Uttar Pradesh,Vrindavan,"Omex Eternity, Vrindavan - UPPCB",09-08-2026 14:00:00,27.571409,77.655757,NO2,27,27,27
India,Uttarakhand,Dehradun,"Doon University, Dehradun - UKPCB",09-08-2026 14:00:00,30.269444,78.044167,PM2.5,NA,NA,NA
India,Uttarakhand,Kashipur,"Govt. Girls Inter College, Kashipur - UKPCB",09-08-2026 14:00:00,29.2124114,78.9611753,NO2,NA,NA,NA
India,Uttarakhand,Kashipur,"Govt. Girls Inter College, Kashipur - UKPCB",09-08-2026 14:00:00,29.2124114,78.9611753,NH3,NA,NA,NA
India,Uttarakhand,Rishikesh,"Shivaji Nagar, Rishikesh - UKPCB",09-08-2026 14:00:00,30.075911,78.2859547,NH3,3,3,3
India,Uttarakhand,Rishikesh,"Shivaji Nagar, Rishikesh - UKPCB",09-08-2026 14:00:00,30.075911,78.2859547,SO2,1,1,1
India,West Bengal,Asansol,"Evelyn Lodge, Asansol - WBPCB",09-08-2026 14:00:00,23.697936,86.944395,PM2.5,13,13,13
India,West Bengal,Asansol,"Evelyn Lodge, Asansol - WBPCB",09-08-2026 14:00:00,23.697936,86.944395,NO2,8,19,13
India,West Bengal,Asansol,"Evelyn Lodge, Asansol - WBPCB",09-08-2026 14:00:00,23.697936,86.944395,SO2,78,79,78
India,Uttar Pradesh,Prayagraj,"Motilal Nehru NIT, Prayagraj - UPPCB",09-08-2026 14:00:00,25.494,81.863,SO2,28,31,29
India,West Bengal,Asansol,"Mahabir Colliery, Asansol - WBPCB",09-08-2026 14:00:00,23.618183,87.105718,PM10,26,60,34
India,West Bengal,Asansol,"Mahabir Colliery, Asansol - WBPCB",09-08-2026 14:00:00,23.618183,87.105718,NO2,2,2,2
India,West Bengal,Asansol,"Mahabir Colliery, Asansol - WBPCB",09-08-2026 14:00:00,23.618183,87.105718,CO,51,86,65
India,West Bengal,Barrackpore,"SVSPA Campus, Barrackpore - WBPCB",09-08-2026 14:00:00,22.7605581,88.3617589,NH3,6,8,7
India,West Bengal,Durgapur,"Mahishkapur Road_B-Zone, Durgapur - WBPCB",09-08-2026 14:00:00,23.567923,87.306843,NO2,2,17,8
India,West Bengal,Durgapur,"PCBL Residential Complex, Durgapur - WBPCB",09-08-2026 14:00:00,23.508764,87.35444,PM10,29,69,45
India,West Bengal,Howrah,"Dasnagar, Howrah - WBPCB",09-08-2026 14:00:00,22.6025571,88.3105664,NO2,2,6,3
India,West Bengal,Howrah,"Dasnagar, Howrah - WBPCB",09-08-2026 14:00:00,22.6025571,88.3105664,NH3,1,2,1
India,West Bengal,Howrah,"Belur Math, Howrah - WBPCB",09-08-2026 14:00:00,22.629801,88.352017,SO2,6,7,7
India,West Bengal,Howrah,"Belur Math, Howrah - WBPCB",09-08-2026 14:00:00,22.629801,88.352017,OZONE,9,9,9
India,West Bengal,Howrah,"Ghusuri, Howrah - WBPCB",09-08-2026 14:00:00,22.611968,88.347422,PM2.5,13,33,20
India,West Bengal,Howrah,"Ghusuri, Howrah - WBPCB",09-08-2026 14:00:00,22.611968,88.347422,SO2,6,25,15
India,West Bengal,Howrah,"Ghusuri, Howrah - WBPCB",09-08-2026 14:00:00,22.611968,88.347422,OZONE,18,21,20
India,West Bengal,Kolkata,"Fort William, Kolkata - WBPCB",09-08-2026 14:00:00,22.55664,88.342674,PM10,20,38,28
India,West Bengal,Kolkata,"Ballygunge, Kolkata - WBPCB",09-08-2026 14:00:00,22.5367507,88.3638022,OZONE,15,21,17
India,West Bengal,Kolkata,"Rabindra Sarobar, Kolkata - WBPCB",09-08-2026 14:00:00,22.51106,88.35142,PM2.5,17,17,17
India,West Bengal,Kolkata,"Rabindra Sarobar, Kolkata - WBPCB",09-08-2026 14:00:00,22.51106,88.35142,CO,17,22,19
India,West Bengal,Kolkata,"Rabindra Sarobar, Kolkata - WBPCB",09-08-2026 14:00:00,22.51106,88.35142,OZONE,10,13,12
India,West Bengal,Kolkata,"Jadavpur, Kolkata - WBPCB",09-08-2026 14:00:00,22.49929,88.36917,CO,23,25,24
India,West Bengal,Kolkata,"Rabindra Bharati University, Kolkata - WBPCB",09-08-2026 14:00:00,22.627847,88.380669,SO2,8,10,9
India,West Bengal,Kolkata,"Rabindra Bharati University, Kolkata - WBPCB",09-08-2026 14:00:00,22.627847,88.380669,OZONE,55,311,130
